Date,REGION_CODE,ICB_CODE,SUB_ICB_LOCATION_CODE,PCN_CODE,PRACTICE_CODE,Indicator,Wait_Time,Core_Category,Value
2026-06-01,Unmapped,Unmapped,Unmapped,Unmapped,Unassigned,CBT003,0,Core_10_1830,14.0
2026-06-01,Unmapped,Unmapped,Unmapped,Unmapped,Unassigned,CBT003,0,Core_8_10,7.0
2026-06-01,Unmapped,Unmapped,Unmapped,Unmapped,Unassigned,CBT003,121_180,Core_10_1830,307.0
2026-06-01,Unmapped,Unmapped,Unmapped,Unmapped,Unassigned,CBT003,121_180,Core_8_10,103.0
2026-06-01,Unmapped,Unmapped,Unmapped,Unmapped,Unassigned,CBT003,121_180,Non-Core,16.0
2026-06-01,Unmapped,Unmapped,Unmapped,Unmapped,Unassigned,CBT003,181_240,Core_10_1830,228.0
2026-06-01,Unmapped,Unmapped,Unmapped,Unmapped,Unassigned,CBT003,181_240,Core_8_10,70.0
2026-06-01,Unmapped,Unmapped,Unmapped,Unmapped,Unassigned,CBT003,181_240,Non-Core,6.0
2026-06-01,Unmapped,Unmapped,Unmapped,Unmapped,Unassigned,CBT003,1_30,Core_10_1830,757.0
2026-06-01,Unmapped,Unmapped,Unmapped,Unmapped,Unassigned,CBT003,1_30,Core_8_10,236.0
2026-06-01,Unmapped,Unmapped,Unmapped,Unmapped,Unassigned,CBT003,1_30,Non-Core,33.0
2026-06-01,Unmapped,Unmapped,Unmapped,Unmapped,Unassigned,CBT003,241_300,Core_10_1830,144.0
2026-06-01,Unmapped,Unmapped,Unmapped,Unmapped,Unassigned,CBT003,241_300,Core_8_10,59.0
2026-06-01,Unmapped,Unmapped,Unmapped,Unmapped,Unassigned,CBT003,241_300,Non-Core,10.0
2026-06-01,Unmapped,Unmapped,Unmapped,Unmapped,Unassigned,CBT003,31_60,Core_10_1830,525.0
2026-06-01,Unmapped,Unmapped,Unmapped,Unmapped,Unassigned,CBT003,31_60,Core_8_10,169.0
2026-06-01,Unmapped,Unmapped,Unmapped,Unmapped,Unassigned,CBT003,31_60,Non-Core,15.0
2026-06-01,Unmapped,Unmapped,Unmapped,Unmapped,Unassigned,CBT003,61_90,Core_10_1830,304.0
2026-06-01,Unmapped,Unmapped,Unmapped,Unmapped,Unassigned,CBT003,61_90,Core_8_10,118.0
2026-06-01,Unmapped,Unmapped,Unmapped,Unmapped,Unassigned,CBT003,61_90,Non-Core,18.0
2026-06-01,Unmapped,Unmapped,Unmapped,Unmapped,Unassigned,CBT003,91_120,Core_10_1830,221.0
2026-06-01,Unmapped,Unmapped,Unmapped,Unmapped,Unassigned,CBT003,91_120,Core_8_10,76.0
2026-06-01,Unmapped,Unmapped,Unmapped,Unmapped,Unassigned,CBT003,91_120,Non-Core,16.0
2026-06-01,Unmapped,Unmapped,Unmapped,Unmapped,Unassigned,CBT003,>300,Core_10_1830,539.0
2026-06-01,Unmapped,Unmapped,Unmapped,Unmapped,Unassigned,CBT003,>300,Core_8_10,383.0
2026-06-01,Unmapped,Unmapped,Unmapped,Unmapped,Unassigned,CBT003,>300,Non-Core,23.0
2026-06-02,Unmapped,Unmapped,Unmapped,Unmapped,Unassigned,CBT003,0,Core_10_1830,13.0
2026-06-02,Unmapped,Unmapped,Unmapped,Unmapped,Unassigned,CBT003,0,Core_8_10,4.0
2026-06-02,Unmapped,Unmapped,Unmapped,Unmapped,Unassigned,CBT003,121_180,Core_10_1830,270.0
2026-06-02,Unmapped,Unmapped,Unmapped,Unmapped,Unassigned,CBT003,121_180,Core_8_10,107.0
2026-06-02,Unmapped,Unmapped,Unmapped,Unmapped,Unassigned,CBT003,121_180,Non-Core,6.0
2026-06-02,Unmapped,Unmapped,Unmapped,Unmapped,Unassigned,CBT003,181_240,Core_10_1830,201.0
2026-06-02,Unmapped,Unmapped,Unmapped,Unmapped,Unassigned,CBT003,181_240,Core_8_10,66.0
2026-06-02,Unmapped,Unmapped,Unmapped,Unmapped,Unassigned,CBT003,181_240,Non-Core,7.0
2026-06-02,Unmapped,Unmapped,Unmapped,Unmapped,Unassigned,CBT003,1_30,Core_10_1830,812.0
2026-06-02,Unmapped,Unmapped,Unmapped,Unmapped,Unassigned,CBT003,1_30,Core_8_10,260.0
2026-06-02,Unmapped,Unmapped,Unmapped,Unmapped,Unassigned,CBT003,1_30,Non-Core,14.0
2026-06-02,Unmapped,Unmapped,Unmapped,Unmapped,Unassigned,CBT003,241_300,Core_10_1830,121.0
2026-06-02,Unmapped,Unmapped,Unmapped,Unmapped,Unassigned,CBT003,241_300,Core_8_10,53.0
2026-06-02,Unmapped,Unmapped,Unmapped,Unmapped,Unassigned,CBT003,241_300,Non-Core,5.0
2026-06-02,Unmapped,Unmapped,Unmapped,Unmapped,Unassigned,CBT003,31_60,Core_10_1830,496.0
2026-06-02,Unmapped,Unmapped,Unmapped,Unmapped,Unassigned,CBT003,31_60,Core_8_10,131.0
2026-06-02,Unmapped,Unmapped,Unmapped,Unmapped,Unassigned,CBT003,31_60,Non-Core,18.0
2026-06-02,Unmapped,Unmapped,Unmapped,Unmapped,Unassigned,CBT003,61_90,Core_10_1830,295.0
2026-06-02,Unmapped,Unmapped,Unmapped,Unmapped,Unassigned,CBT003,61_90,Core_8_10,88.0
2026-06-02,Unmapped,Unmapped,Unmapped,Unmapped,Unassigned,CBT003,61_90,Non-Core,8.0
2026-06-02,Unmapped,Unmapped,Unmapped,Unmapped,Unassigned,CBT003,91_120,Core_10_1830,169.0
2026-06-02,Unmapped,Unmapped,Unmapped,Unmapped,Unassigned,CBT003,91_120,Core_8_10,66.0
2026-06-02,Unmapped,Unmapped,Unmapped,Unmapped,Unassigned,CBT003,91_120,Non-Core,11.0
2026-06-02,Unmapped,Unmapped,Unmapped,Unmapped,Unassigned,CBT003,>300,Core_10_1830,347.0
2026-06-02,Unmapped,Unmapped,Unmapped,Unmapped,Unassigned,CBT003,>300,Core_8_10,265.0
2026-06-02,Unmapped,Unmapped,Unmapped,Unmapped,Unassigned,CBT003,>300,Non-Core,34.0
2026-06-03,Unmapped,Unmapped,Unmapped,Unmapped,Unassigned,CBT003,0,Core_10_1830,13.0
2026-06-03,Unmapped,Unmapped,Unmapped,Unmapped,Unassigned,CBT003,0,Core_8_10,1.0
2026-06-03,Unmapped,Unmapped,Unmapped,Unmapped,Unassigned,CBT003,121_180,Core_10_1830,302.0
2026-06-03,Unmapped,Unmapped,Unmapped,Unmapped,Unassigned,CBT003,121_180,Core_8_10,87.0
2026-06-03,Unmapped,Unmapped,Unmapped,Unmapped,Unassigned,CBT003,121_180,Non-Core,6.0
2026-06-03,Unmapped,Unmapped,Unmapped,Unmapped,Unassigned,CBT003,181_240,Core_10_1830,200.0
2026-06-03,Unmapped,Unmapped,Unmapped,Unmapped,Unassigned,CBT003,181_240,Core_8_10,67.0
2026-06-03,Unmapped,Unmapped,Unmapped,Unmapped,Unassigned,CBT003,181_240,Non-Core,3.0
2026-06-03,Unmapped,Unmapped,Unmapped,Unmapped,Unassigned,CBT003,1_30,Core_10_1830,736.0
2026-06-03,Unmapped,Unmapped,Unmapped,Unmapped,Unassigned,CBT003,1_30,Core_8_10,225.0
2026-06-03,Unmapped,Unmapped,Unmapped,Unmapped,Unassigned,CBT003,1_30,Non-Core,15.0
2026-06-03,Unmapped,Unmapped,Unmapped,Unmapped,Unassigned,CBT003,241_300,Core_10_1830,143.0
2026-06-03,Unmapped,Unmapped,Unmapped,Unmapped,Unassigned,CBT003,241_300,Core_8_10,59.0
2026-06-03,Unmapped,Unmapped,Unmapped,Unmapped,Unassigned,CBT003,241_300,Non-Core,10.0
2026-06-03,Unmapped,Unmapped,Unmapped,Unmapped,Unassigned,CBT003,31_60,Core_10_1830,412.0
2026-06-03,Unmapped,Unmapped,Unmapped,Unmapped,Unassigned,CBT003,31_60,Core_8_10,138.0
2026-06-03,Unmapped,Unmapped,Unmapped,Unmapped,Unassigned,CBT003,31_60,Non-Core,10.0
2026-06-03,Unmapped,Unmapped,Unmapped,Unmapped,Unassigned,CBT003,61_90,Core_10_1830,289.0
2026-06-03,Unmapped,Unmapped,Unmapped,Unmapped,Unassigned,CBT003,61_90,Core_8_10,92.0
2026-06-03,Unmapped,Unmapped,Unmapped,Unmapped,Unassigned,CBT003,61_90,Non-Core,6.0
2026-06-03,Unmapped,Unmapped,Unmapped,Unmapped,Unassigned,CBT003,91_120,Core_10_1830,202.0
2026-06-03,Unmapped,Unmapped,Unmapped,Unmapped,Unassigned,CBT003,91_120,Core_8_10,56.0
2026-06-03,Unmapped,Unmapped,Unmapped,Unmapped,Unassigned,CBT003,91_120,Non-Core,5.0
2026-06-03,Unmapped,Unmapped,Unmapped,Unmapped,Unassigned,CBT003,>300,Core_10_1830,372.0
2026-06-03,Unmapped,Unmapped,Unmapped,Unmapped,Unassigned,CBT003,>300,Core_8_10,227.0
2026-06-03,Unmapped,Unmapped,Unmapped,Unmapped,Unassigned,CBT003,>300,Non-Core,23.0
2026-06-04,Unmapped,Unmapped,Unmapped,Unmapped,Unassigned,CBT003,0,Core_10_1830,9.0
2026-06-04,Unmapped,Unmapped,Unmapped,Unmapped,Unassigned,CBT003,121_180,Core_10_1830,233.0
2026-06-04,Unmapped,Unmapped,Unmapped,Unmapped,Unassigned,CBT003,121_180,Core_8_10,70.0
2026-06-04,Unmapped,Unmapped,Unmapped,Unmapped,Unassigned,CBT003,121_180,Non-Core,11.0
2026-06-04,Unmapped,Unmapped,Unmapped,Unmapped,Unassigned,CBT003,181_240,Core_10_1830,144.0
2026-06-04,Unmapped,Unmapped,Unmapped,Unmapped,Unassigned,CBT003,181_240,Core_8_10,74.0
2026-06-04,Unmapped,Unmapped,Unmapped,Unmapped,Unassigned,CBT003,181_240,Non-Core,7.0
2026-06-04,Unmapped,Unmapped,Unmapped,Unmapped,Unassigned,CBT003,1_30,Core_10_1830,754.0
2026-06-04,Unmapped,Unmapped,Unmapped,Unmapped,Unassigned,CBT003,1_30,Core_8_10,254.0
2026-06-04,Unmapped,Unmapped,Unmapped,Unmapped,Unassigned,CBT003,1_30,Non-Core,17.0
2026-06-04,Unmapped,Unmapped,Unmapped,Unmapped,Unassigned,CBT003,241_300,Core_10_1830,108.0
2026-06-04,Unmapped,Unmapped,Unmapped,Unmapped,Unassigned,CBT003,241_300,Core_8_10,60.0
2026-06-04,Unmapped,Unmapped,Unmapped,Unmapped,Unassigned,CBT003,241_300,Non-Core,3.0
2026-06-04,Unmapped,Unmapped,Unmapped,Unmapped,Unassigned,CBT003,31_60,Core_10_1830,417.0
2026-06-04,Unmapped,Unmapped,Unmapped,Unmapped,Unassigned,CBT003,31_60,Core_8_10,122.0
2026-06-04,Unmapped,Unmapped,Unmapped,Unmapped,Unassigned,CBT003,31_60,Non-Core,14.0
2026-06-04,Unmapped,Unmapped,Unmapped,Unmapped,Unassigned,CBT003,61_90,Core_10_1830,285.0
2026-06-04,Unmapped,Unmapped,Unmapped,Unmapped,Unassigned,CBT003,61_90,Core_8_10,69.0
2026-06-04,Unmapped,Unmapped,Unmapped,Unmapped,Unassigned,CBT003,61_90,Non-Core,10.0
2026-06-04,Unmapped,Unmapped,Unmapped,Unmapped,Unassigned,CBT003,91_120,Core_10_1830,166.0
2026-06-04,Unmapped,Unmapped,Unmapped,Unmapped,Unassigned,CBT003,91_120,Core_8_10,44.0
2026-06-04,Unmapped,Unmapped,Unmapped,Unmapped,Unassigned,CBT003,91_120,Non-Core,7.0
2026-06-04,Unmapped,Unmapped,Unmapped,Unmapped,Unassigned,CBT003,>300,Core_10_1830,368.0
2026-06-04,Unmapped,Unmapped,Unmapped,Unmapped,Unassigned,CBT003,>300,Core_8_10,205.0
2026-06-05,Unmapped,Unmapped,Unmapped,Unmapped,Unassigned,CBT003,0,Core_10_1830,4.0
2026-06-05,Unmapped,Unmapped,Unmapped,Unmapped,Unassigned,CBT003,0,Core_8_10,3.0
2026-06-05,Unmapped,Unmapped,Unmapped,Unmapped,Unassigned,CBT003,121_180,Core_10_1830,218.0
2026-06-05,Unmapped,Unmapped,Unmapped,Unmapped,Unassigned,CBT003,121_180,Core_8_10,82.0
2026-06-05,Unmapped,Unmapped,Unmapped,Unmapped,Unassigned,CBT003,121_180,Non-Core,3.0
2026-06-05,Unmapped,Unmapped,Unmapped,Unmapped,Unassigned,CBT003,181_240,Core_10_1830,126.0
2026-06-05,Unmapped,Unmapped,Unmapped,Unmapped,Unassigned,CBT003,181_240,Core_8_10,48.0
2026-06-05,Unmapped,Unmapped,Unmapped,Unmapped,Unassigned,CBT003,181_240,Non-Core,1.0
2026-06-05,Unmapped,Unmapped,Unmapped,Unmapped,Unassigned,CBT003,1_30,Core_10_1830,769.0
2026-06-05,Unmapped,Unmapped,Unmapped,Unmapped,Unassigned,CBT003,1_30,Core_8_10,245.0
2026-06-05,Unmapped,Unmapped,Unmapped,Unmapped,Unassigned,CBT003,1_30,Non-Core,18.0
2026-06-05,Unmapped,Unmapped,Unmapped,Unmapped,Unassigned,CBT003,241_300,Core_10_1830,76.0
2026-06-05,Unmapped,Unmapped,Unmapped,Unmapped,Unassigned,CBT003,241_300,Core_8_10,43.0
2026-06-05,Unmapped,Unmapped,Unmapped,Unmapped,Unassigned,CBT003,241_300,Non-Core,3.0
2026-06-05,Unmapped,Unmapped,Unmapped,Unmapped,Unassigned,CBT003,31_60,Core_10_1830,456.0
2026-06-05,Unmapped,Unmapped,Unmapped,Unmapped,Unassigned,CBT003,31_60,Core_8_10,132.0
2026-06-05,Unmapped,Unmapped,Unmapped,Unmapped,Unassigned,CBT003,31_60,Non-Core,10.0
2026-06-05,Unmapped,Unmapped,Unmapped,Unmapped,Unassigned,CBT003,61_90,Core_10_1830,240.0
2026-06-05,Unmapped,Unmapped,Unmapped,Unmapped,Unassigned,CBT003,61_90,Core_8_10,63.0
2026-06-05,Unmapped,Unmapped,Unmapped,Unmapped,Unassigned,CBT003,61_90,Non-Core,16.0
2026-06-05,Unmapped,Unmapped,Unmapped,Unmapped,Unassigned,CBT003,91_120,Core_10_1830,195.0
2026-06-05,Unmapped,Unmapped,Unmapped,Unmapped,Unassigned,CBT003,91_120,Core_8_10,55.0
2026-06-05,Unmapped,Unmapped,Unmapped,Unmapped,Unassigned,CBT003,91_120,Non-Core,13.0
2026-06-05,Unmapped,Unmapped,Unmapped,Unmapped,Unassigned,CBT003,>300,Core_10_1830,304.0
2026-06-05,Unmapped,Unmapped,Unmapped,Unmapped,Unassigned,CBT003,>300,Core_8_10,209.0
2026-06-05,Unmapped,Unmapped,Unmapped,Unmapped,Unassigned,CBT003,>300,Non-Core,4.0
2026-06-06,Unmapped,Unmapped,Unmapped,Unmapped,Unassigned,CBT003,0,Non-Core,1.0
2026-06-06,Unmapped,Unmapped,Unmapped,Unmapped,Unassigned,CBT003,121_180,Non-Core,6.0
2026-06-06,Unmapped,Unmapped,Unmapped,Unmapped,Unassigned,CBT003,181_240,Non-Core,2.0
2026-06-06,Unmapped,Unmapped,Unmapped,Unmapped,Unassigned,CBT003,1_30,Non-Core,39.0
2026-06-06,Unmapped,Unmapped,Unmapped,Unmapped,Unassigned,CBT003,241_300,Non-Core,1.0
2026-06-06,Unmapped,Unmapped,Unmapped,Unmapped,Unassigned,CBT003,31_60,Non-Core,12.0
2026-06-06,Unmapped,Unmapped,Unmapped,Unmapped,Unassigned,CBT003,61_90,Non-Core,4.0
2026-06-06,Unmapped,Unmapped,Unmapped,Unmapped,Unassigned,CBT003,91_120,Non-Core,8.0
2026-06-06,Unmapped,Unmapped,Unmapped,Unmapped,Unassigned,CBT003,>300,Non-Core,6.0
2026-06-07,Unmapped,Unmapped,Unmapped,Unmapped,Unassigned,CBT003,121_180,Non-Core,2.0
2026-06-07,Unmapped,Unmapped,Unmapped,Unmapped,Unassigned,CBT003,181_240,Non-Core,1.0
2026-06-07,Unmapped,Unmapped,Unmapped,Unmapped,Unassigned,CBT003,1_30,Non-Core,7.0
2026-06-07,Unmapped,Unmapped,Unmapped,Unmapped,Unassigned,CBT003,31_60,Non-Core,10.0
2026-06-07,Unmapped,Unmapped,Unmapped,Unmapped,Unassigned,CBT003,61_90,Non-Core,1.0
2026-06-07,Unmapped,Unmapped,Unmapped,Unmapped,Unassigned,CBT003,91_120,Non-Core,3.0
2026-06-07,Unmapped,Unmapped,Unmapped,Unmapped,Unassigned,CBT003,>300,Non-Core,2.0
2026-06-08,Unmapped,Unmapped,Unmapped,Unmapped,Unassigned,CBT003,0,Core_10_1830,8.0
2026-06-08,Unmapped,Unmapped,Unmapped,Unmapped,Unassigned,CBT003,0,Core_8_10,1.0
2026-06-08,Unmapped,Unmapped,Unmapped,Unmapped,Unassigned,CBT003,121_180,Core_10_1830,287.0
2026-06-08,Unmapped,Unmapped,Unmapped,Unmapped,Unassigned,CBT003,121_180,Core_8_10,109.0
2026-06-08,Unmapped,Unmapped,Unmapped,Unmapped,Unassigned,CBT003,121_180,Non-Core,11.0
2026-06-08,Unmapped,Unmapped,Unmapped,Unmapped,Unassigned,CBT003,181_240,Core_10_1830,184.0
2026-06-08,Unmapped,Unmapped,Unmapped,Unmapped,Unassigned,CBT003,181_240,Core_8_10,66.0
2026-06-08,Unmapped,Unmapped,Unmapped,Unmapped,Unassigned,CBT003,181_240,Non-Core,2.0
2026-06-08,Unmapped,Unmapped,Unmapped,Unmapped,Unassigned,CBT003,1_30,Core_10_1830,855.0
2026-06-08,Unmapped,Unmapped,Unmapped,Unmapped,Unassigned,CBT003,1_30,Core_8_10,295.0
2026-06-08,Unmapped,Unmapped,Unmapped,Unmapped,Unassigned,CBT003,1_30,Non-Core,25.0
2026-06-08,Unmapped,Unmapped,Unmapped,Unmapped,Unassigned,CBT003,241_300,Core_10_1830,150.0
2026-06-08,Unmapped,Unmapped,Unmapped,Unmapped,Unassigned,CBT003,241_300,Core_8_10,71.0
2026-06-08,Unmapped,Unmapped,Unmapped,Unmapped,Unassigned,CBT003,241_300,Non-Core,6.0
2026-06-08,Unmapped,Unmapped,Unmapped,Unmapped,Unassigned,CBT003,31_60,Core_10_1830,456.0
2026-06-08,Unmapped,Unmapped,Unmapped,Unmapped,Unassigned,CBT003,31_60,Core_8_10,110.0
2026-06-08,Unmapped,Unmapped,Unmapped,Unmapped,Unassigned,CBT003,31_60,Non-Core,18.0
2026-06-08,Unmapped,Unmapped,Unmapped,Unmapped,Unassigned,CBT003,61_90,Core_10_1830,306.0
2026-06-08,Unmapped,Unmapped,Unmapped,Unmapped,Unassigned,CBT003,61_90,Core_8_10,83.0
2026-06-08,Unmapped,Unmapped,Unmapped,Unmapped,Unassigned,CBT003,61_90,Non-Core,12.0
2026-06-08,Unmapped,Unmapped,Unmapped,Unmapped,Unassigned,CBT003,91_120,Core_10_1830,198.0
2026-06-08,Unmapped,Unmapped,Unmapped,Unmapped,Unassigned,CBT003,91_120,Core_8_10,64.0
2026-06-08,Unmapped,Unmapped,Unmapped,Unmapped,Unassigned,CBT003,91_120,Non-Core,4.0
2026-06-08,Unmapped,Unmapped,Unmapped,Unmapped,Unassigned,CBT003,>300,Core_10_1830,512.0
2026-06-08,Unmapped,Unmapped,Unmapped,Unmapped,Unassigned,CBT003,>300,Core_8_10,337.0
2026-06-08,Unmapped,Unmapped,Unmapped,Unmapped,Unassigned,CBT003,>300,Non-Core,39.0
2026-06-09,Unmapped,Unmapped,Unmapped,Unmapped,Unassigned,CBT003,0,Core_10_1830,2.0
2026-06-09,Unmapped,Unmapped,Unmapped,Unmapped,Unassigned,CBT003,0,Core_8_10,1.0
2026-06-09,Unmapped,Unmapped,Unmapped,Unmapped,Unassigned,CBT003,121_180,Core_10_1830,241.0
2026-06-09,Unmapped,Unmapped,Unmapped,Unmapped,Unassigned,CBT003,121_180,Core_8_10,82.0
2026-06-09,Unmapped,Unmapped,Unmapped,Unmapped,Unassigned,CBT003,121_180,Non-Core,9.0
2026-06-09,Unmapped,Unmapped,Unmapped,Unmapped,Unassigned,CBT003,181_240,Core_10_1830,173.0
2026-06-09,Unmapped,Unmapped,Unmapped,Unmapped,Unassigned,CBT003,181_240,Core_8_10,59.0
2026-06-09,Unmapped,Unmapped,Unmapped,Unmapped,Unassigned,CBT003,181_240,Non-Core,7.0
2026-06-09,Unmapped,Unmapped,Unmapped,Unmapped,Unassigned,CBT003,1_30,Core_10_1830,743.0
2026-06-09,Unmapped,Unmapped,Unmapped,Unmapped,Unassigned,CBT003,1_30,Core_8_10,242.0
2026-06-09,Unmapped,Unmapped,Unmapped,Unmapped,Unassigned,CBT003,1_30,Non-Core,19.0
2026-06-09,Unmapped,Unmapped,Unmapped,Unmapped,Unassigned,CBT003,241_300,Core_10_1830,115.0
2026-06-09,Unmapped,Unmapped,Unmapped,Unmapped,Unassigned,CBT003,241_300,Core_8_10,46.0
2026-06-09,Unmapped,Unmapped,Unmapped,Unmapped,Unassigned,CBT003,241_300,Non-Core,5.0
2026-06-09,Unmapped,Unmapped,Unmapped,Unmapped,Unassigned,CBT003,31_60,Core_10_1830,461.0
2026-06-09,Unmapped,Unmapped,Unmapped,Unmapped,Unassigned,CBT003,31_60,Core_8_10,127.0
2026-06-09,Unmapped,Unmapped,Unmapped,Unmapped,Unassigned,CBT003,31_60,Non-Core,13.0
2026-06-09,Unmapped,Unmapped,Unmapped,Unmapped,Unassigned,CBT003,61_90,Core_10_1830,272.0
2026-06-09,Unmapped,Unmapped,Unmapped,Unmapped,Unassigned,CBT003,61_90,Core_8_10,70.0
2026-06-09,Unmapped,Unmapped,Unmapped,Unmapped,Unassigned,CBT003,61_90,Non-Core,11.0
2026-06-09,Unmapped,Unmapped,Unmapped,Unmapped,Unassigned,CBT003,91_120,Core_10_1830,206.0
2026-06-09,Unmapped,Unmapped,Unmapped,Unmapped,Unassigned,CBT003,91_120,Core_8_10,70.0
2026-06-09,Unmapped,Unmapped,Unmapped,Unmapped,Unassigned,CBT003,91_120,Non-Core,6.0
2026-06-09,Unmapped,Unmapped,Unmapped,Unmapped,Unassigned,CBT003,>300,Core_10_1830,326.0
2026-06-09,Unmapped,Unmapped,Unmapped,Unmapped,Unassigned,CBT003,>300,Core_8_10,234.0
2026-06-09,Unmapped,Unmapped,Unmapped,Unmapped,Unassigned,CBT003,>300,Non-Core,8.0
2026-06-10,Unmapped,Unmapped,Unmapped,Unmapped,Unassigned,CBT003,0,Core_10_1830,12.0
2026-06-10,Unmapped,Unmapped,Unmapped,Unmapped,Unassigned,CBT003,0,Core_8_10,2.0
2026-06-10,Unmapped,Unmapped,Unmapped,Unmapped,Unassigned,CBT003,121_180,Core_10_1830,240.0
2026-06-10,Unmapped,Unmapped,Unmapped,Unmapped,Unassigned,CBT003,121_180,Core_8_10,95.0
2026-06-10,Unmapped,Unmapped,Unmapped,Unmapped,Unassigned,CBT003,121_180,Non-Core,11.0
2026-06-10,Unmapped,Unmapped,Unmapped,Unmapped,Unassigned,CBT003,181_240,Core_10_1830,145.0
2026-06-10,Unmapped,Unmapped,Unmapped,Unmapped,Unassigned,CBT003,181_240,Core_8_10,62.0
2026-06-10,Unmapped,Unmapped,Unmapped,Unmapped,Unassigned,CBT003,181_240,Non-Core,4.0
2026-06-10,Unmapped,Unmapped,Unmapped,Unmapped,Unassigned,CBT003,1_30,Core_10_1830,763.0
2026-06-10,Unmapped,Unmapped,Unmapped,Unmapped,Unassigned,CBT003,1_30,Core_8_10,252.0
2026-06-10,Unmapped,Unmapped,Unmapped,Unmapped,Unassigned,CBT003,1_30,Non-Core,24.0
2026-06-10,Unmapped,Unmapped,Unmapped,Unmapped,Unassigned,CBT003,241_300,Core_10_1830,88.0
2026-06-10,Unmapped,Unmapped,Unmapped,Unmapped,Unassigned,CBT003,241_300,Core_8_10,58.0
2026-06-10,Unmapped,Unmapped,Unmapped,Unmapped,Unassigned,CBT003,241_300,Non-Core,6.0
2026-06-10,Unmapped,Unmapped,Unmapped,Unmapped,Unassigned,CBT003,31_60,Core_10_1830,397.0
2026-06-10,Unmapped,Unmapped,Unmapped,Unmapped,Unassigned,CBT003,31_60,Core_8_10,133.0
2026-06-10,Unmapped,Unmapped,Unmapped,Unmapped,Unassigned,CBT003,31_60,Non-Core,11.0
2026-06-10,Unmapped,Unmapped,Unmapped,Unmapped,Unassigned,CBT003,61_90,Core_10_1830,220.0
2026-06-10,Unmapped,Unmapped,Unmapped,Unmapped,Unassigned,CBT003,61_90,Core_8_10,74.0
2026-06-10,Unmapped,Unmapped,Unmapped,Unmapped,Unassigned,CBT003,61_90,Non-Core,8.0
2026-06-10,Unmapped,Unmapped,Unmapped,Unmapped,Unassigned,CBT003,91_120,Core_10_1830,185.0
2026-06-10,Unmapped,Unmapped,Unmapped,Unmapped,Unassigned,CBT003,91_120,Core_8_10,45.0
2026-06-10,Unmapped,Unmapped,Unmapped,Unmapped,Unassigned,CBT003,91_120,Non-Core,3.0
2026-06-10,Unmapped,Unmapped,Unmapped,Unmapped,Unassigned,CBT003,>300,Core_10_1830,326.0
2026-06-10,Unmapped,Unmapped,Unmapped,Unmapped,Unassigned,CBT003,>300,Core_8_10,194.0
2026-06-10,Unmapped,Unmapped,Unmapped,Unmapped,Unassigned,CBT003,>300,Non-Core,9.0
2026-06-11,Unmapped,Unmapped,Unmapped,Unmapped,Unassigned,CBT003,0,Core_10_1830,4.0
2026-06-11,Unmapped,Unmapped,Unmapped,Unmapped,Unassigned,CBT003,0,Core_8_10,1.0
2026-06-11,Unmapped,Unmapped,Unmapped,Unmapped,Unassigned,CBT003,121_180,Core_10_1830,245.0
2026-06-11,Unmapped,Unmapped,Unmapped,Unmapped,Unassigned,CBT003,121_180,Core_8_10,81.0
2026-06-11,Unmapped,Unmapped,Unmapped,Unmapped,Unassigned,CBT003,121_180,Non-Core,11.0
2026-06-11,Unmapped,Unmapped,Unmapped,Unmapped,Unassigned,CBT003,181_240,Core_10_1830,132.0
2026-06-11,Unmapped,Unmapped,Unmapped,Unmapped,Unassigned,CBT003,181_240,Core_8_10,49.0
2026-06-11,Unmapped,Unmapped,Unmapped,Unmapped,Unassigned,CBT003,181_240,Non-Core,7.0
2026-06-11,Unmapped,Unmapped,Unmapped,Unmapped,Unassigned,CBT003,1_30,Core_10_1830,829.0
2026-06-11,Unmapped,Unmapped,Unmapped,Unmapped,Unassigned,CBT003,1_30,Core_8_10,216.0
2026-06-11,Unmapped,Unmapped,Unmapped,Unmapped,Unassigned,CBT003,1_30,Non-Core,9.0
2026-06-11,Unmapped,Unmapped,Unmapped,Unmapped,Unassigned,CBT003,241_300,Core_10_1830,100.0
2026-06-11,Unmapped,Unmapped,Unmapped,Unmapped,Unassigned,CBT003,241_300,Core_8_10,34.0
2026-06-11,Unmapped,Unmapped,Unmapped,Unmapped,Unassigned,CBT003,241_300,Non-Core,3.0
2026-06-11,Unmapped,Unmapped,Unmapped,Unmapped,Unassigned,CBT003,31_60,Core_10_1830,423.0
2026-06-11,Unmapped,Unmapped,Unmapped,Unmapped,Unassigned,CBT003,31_60,Core_8_10,131.0
2026-06-11,Unmapped,Unmapped,Unmapped,Unmapped,Unassigned,CBT003,31_60,Non-Core,8.0
2026-06-11,Unmapped,Unmapped,Unmapped,Unmapped,Unassigned,CBT003,61_90,Core_10_1830,263.0
2026-06-11,Unmapped,Unmapped,Unmapped,Unmapped,Unassigned,CBT003,61_90,Core_8_10,75.0
2026-06-11,Unmapped,Unmapped,Unmapped,Unmapped,Unassigned,CBT003,61_90,Non-Core,12.0
2026-06-11,Unmapped,Unmapped,Unmapped,Unmapped,Unassigned,CBT003,91_120,Core_10_1830,170.0
2026-06-11,Unmapped,Unmapped,Unmapped,Unmapped,Unassigned,CBT003,91_120,Core_8_10,45.0
2026-06-11,Unmapped,Unmapped,Unmapped,Unmapped,Unassigned,CBT003,91_120,Non-Core,8.0
2026-06-11,Unmapped,Unmapped,Unmapped,Unmapped,Unassigned,CBT003,>300,Core_10_1830,243.0
2026-06-11,Unmapped,Unmapped,Unmapped,Unmapped,Unassigned,CBT003,>300,Core_8_10,196.0
2026-06-11,Unmapped,Unmapped,Unmapped,Unmapped,Unassigned,CBT003,>300,Non-Core,16.0
2026-06-12,Unmapped,Unmapped,Unmapped,Unmapped,Unassigned,CBT003,0,Core_10_1830,12.0
2026-06-12,Unmapped,Unmapped,Unmapped,Unmapped,Unassigned,CBT003,0,Core_8_10,6.0
2026-06-12,Unmapped,Unmapped,Unmapped,Unmapped,Unassigned,CBT003,121_180,Core_10_1830,187.0
2026-06-12,Unmapped,Unmapped,Unmapped,Unmapped,Unassigned,CBT003,121_180,Core_8_10,67.0
2026-06-12,Unmapped,Unmapped,Unmapped,Unmapped,Unassigned,CBT003,121_180,Non-Core,14.0
2026-06-12,Unmapped,Unmapped,Unmapped,Unmapped,Unassigned,CBT003,181_240,Core_10_1830,145.0
2026-06-12,Unmapped,Unmapped,Unmapped,Unmapped,Unassigned,CBT003,181_240,Core_8_10,36.0
2026-06-12,Unmapped,Unmapped,Unmapped,Unmapped,Unassigned,CBT003,181_240,Non-Core,7.0
2026-06-12,Unmapped,Unmapped,Unmapped,Unmapped,Unassigned,CBT003,1_30,Core_10_1830,725.0
2026-06-12,Unmapped,Unmapped,Unmapped,Unmapped,Unassigned,CBT003,1_30,Core_8_10,244.0
2026-06-12,Unmapped,Unmapped,Unmapped,Unmapped,Unassigned,CBT003,1_30,Non-Core,23.0
2026-06-12,Unmapped,Unmapped,Unmapped,Unmapped,Unassigned,CBT003,241_300,Core_10_1830,88.0
2026-06-12,Unmapped,Unmapped,Unmapped,Unmapped,Unassigned,CBT003,241_300,Core_8_10,39.0
2026-06-12,Unmapped,Unmapped,Unmapped,Unmapped,Unassigned,CBT003,241_300,Non-Core,5.0
2026-06-12,Unmapped,Unmapped,Unmapped,Unmapped,Unassigned,CBT003,31_60,Core_10_1830,397.0
2026-06-12,Unmapped,Unmapped,Unmapped,Unmapped,Unassigned,CBT003,31_60,Core_8_10,118.0
2026-06-12,Unmapped,Unmapped,Unmapped,Unmapped,Unassigned,CBT003,31_60,Non-Core,14.0
2026-06-12,Unmapped,Unmapped,Unmapped,Unmapped,Unassigned,CBT003,61_90,Core_10_1830,220.0
2026-06-12,Unmapped,Unmapped,Unmapped,Unmapped,Unassigned,CBT003,61_90,Core_8_10,65.0
2026-06-12,Unmapped,Unmapped,Unmapped,Unmapped,Unassigned,CBT003,61_90,Non-Core,11.0
2026-06-12,Unmapped,Unmapped,Unmapped,Unmapped,Unassigned,CBT003,91_120,Core_10_1830,162.0
2026-06-12,Unmapped,Unmapped,Unmapped,Unmapped,Unassigned,CBT003,91_120,Core_8_10,49.0
2026-06-12,Unmapped,Unmapped,Unmapped,Unmapped,Unassigned,CBT003,91_120,Non-Core,1.0
2026-06-12,Unmapped,Unmapped,Unmapped,Unmapped,Unassigned,CBT003,>300,Core_10_1830,321.0
2026-06-12,Unmapped,Unmapped,Unmapped,Unmapped,Unassigned,CBT003,>300,Core_8_10,214.0
2026-06-12,Unmapped,Unmapped,Unmapped,Unmapped,Unassigned,CBT003,>300,Non-Core,13.0
2026-06-13,Unmapped,Unmapped,Unmapped,Unmapped,Unassigned,CBT003,0,Non-Core,4.0
2026-06-13,Unmapped,Unmapped,Unmapped,Unmapped,Unassigned,CBT003,121_180,Non-Core,5.0
2026-06-13,Unmapped,Unmapped,Unmapped,Unmapped,Unassigned,CBT003,181_240,Non-Core,5.0
2026-06-13,Unmapped,Unmapped,Unmapped,Unmapped,Unassigned,CBT003,1_30,Non-Core,26.0
2026-06-13,Unmapped,Unmapped,Unmapped,Unmapped,Unassigned,CBT003,31_60,Non-Core,8.0
2026-06-13,Unmapped,Unmapped,Unmapped,Unmapped,Unassigned,CBT003,61_90,Non-Core,7.0
2026-06-13,Unmapped,Unmapped,Unmapped,Unmapped,Unassigned,CBT003,91_120,Non-Core,2.0
2026-06-13,Unmapped,Unmapped,Unmapped,Unmapped,Unassigned,CBT003,>300,Non-Core,7.0
2026-06-14,Unmapped,Unmapped,Unmapped,Unmapped,Unassigned,CBT003,0,Non-Core,1.0
2026-06-14,Unmapped,Unmapped,Unmapped,Unmapped,Unassigned,CBT003,121_180,Non-Core,2.0
2026-06-14,Unmapped,Unmapped,Unmapped,Unmapped,Unassigned,CBT003,181_240,Non-Core,2.0
2026-06-14,Unmapped,Unmapped,Unmapped,Unmapped,Unassigned,CBT003,1_30,Non-Core,3.0
2026-06-14,Unmapped,Unmapped,Unmapped,Unmapped,Unassigned,CBT003,31_60,Non-Core,6.0
2026-06-14,Unmapped,Unmapped,Unmapped,Unmapped,Unassigned,CBT003,91_120,Non-Core,1.0
2026-06-14,Unmapped,Unmapped,Unmapped,Unmapped,Unassigned,CBT003,>300,Non-Core,1.0
2026-06-15,Unmapped,Unmapped,Unmapped,Unmapped,Unassigned,CBT003,0,Core_10_1830,3.0
2026-06-15,Unmapped,Unmapped,Unmapped,Unmapped,Unassigned,CBT003,0,Core_8_10,4.0
2026-06-15,Unmapped,Unmapped,Unmapped,Unmapped,Unassigned,CBT003,121_180,Core_10_1830,275.0
2026-06-15,Unmapped,Unmapped,Unmapped,Unmapped,Unassigned,CBT003,121_180,Core_8_10,96.0
2026-06-15,Unmapped,Unmapped,Unmapped,Unmapped,Unassigned,CBT003,121_180,Non-Core,12.0
2026-06-15,Unmapped,Unmapped,Unmapped,Unmapped,Unassigned,CBT003,181_240,Core_10_1830,196.0
2026-06-15,Unmapped,Unmapped,Unmapped,Unmapped,Unassigned,CBT003,181_240,Core_8_10,70.0
2026-06-15,Unmapped,Unmapped,Unmapped,Unmapped,Unassigned,CBT003,181_240,Non-Core,5.0
2026-06-15,Unmapped,Unmapped,Unmapped,Unmapped,Unassigned,CBT003,1_30,Core_10_1830,737.0
2026-06-15,Unmapped,Unmapped,Unmapped,Unmapped,Unassigned,CBT003,1_30,Core_8_10,243.0
2026-06-15,Unmapped,Unmapped,Unmapped,Unmapped,Unassigned,CBT003,1_30,Non-Core,23.0
2026-06-15,Unmapped,Unmapped,Unmapped,Unmapped,Unassigned,CBT003,241_300,Core_10_1830,140.0
2026-06-15,Unmapped,Unmapped,Unmapped,Unmapped,Unassigned,CBT003,241_300,Core_8_10,51.0
2026-06-15,Unmapped,Unmapped,Unmapped,Unmapped,Unassigned,CBT003,241_300,Non-Core,7.0
2026-06-15,Unmapped,Unmapped,Unmapped,Unmapped,Unassigned,CBT003,31_60,Core_10_1830,471.0
2026-06-15,Unmapped,Unmapped,Unmapped,Unmapped,Unassigned,CBT003,31_60,Core_8_10,172.0
2026-06-15,Unmapped,Unmapped,Unmapped,Unmapped,Unassigned,CBT003,31_60,Non-Core,16.0
2026-06-15,Unmapped,Unmapped,Unmapped,Unmapped,Unassigned,CBT003,61_90,Core_10_1830,292.0
2026-06-15,Unmapped,Unmapped,Unmapped,Unmapped,Unassigned,CBT003,61_90,Core_8_10,97.0
2026-06-15,Unmapped,Unmapped,Unmapped,Unmapped,Unassigned,CBT003,61_90,Non-Core,11.0
2026-06-15,Unmapped,Unmapped,Unmapped,Unmapped,Unassigned,CBT003,91_120,Core_10_1830,205.0
2026-06-15,Unmapped,Unmapped,Unmapped,Unmapped,Unassigned,CBT003,91_120,Core_8_10,68.0
2026-06-15,Unmapped,Unmapped,Unmapped,Unmapped,Unassigned,CBT003,91_120,Non-Core,6.0
2026-06-15,Unmapped,Unmapped,Unmapped,Unmapped,Unassigned,CBT003,>300,Core_10_1830,506.0
2026-06-15,Unmapped,Unmapped,Unmapped,Unmapped,Unassigned,CBT003,>300,Core_8_10,363.0
2026-06-15,Unmapped,Unmapped,Unmapped,Unmapped,Unassigned,CBT003,>300,Non-Core,23.0
2026-06-16,Unmapped,Unmapped,Unmapped,Unmapped,Unassigned,CBT003,0,Core_10_1830,11.0
2026-06-16,Unmapped,Unmapped,Unmapped,Unmapped,Unassigned,CBT003,0,Core_8_10,3.0
2026-06-16,Unmapped,Unmapped,Unmapped,Unmapped,Unassigned,CBT003,121_180,Core_10_1830,237.0
2026-06-16,Unmapped,Unmapped,Unmapped,Unmapped,Unassigned,CBT003,121_180,Core_8_10,81.0
2026-06-16,Unmapped,Unmapped,Unmapped,Unmapped,Unassigned,CBT003,121_180,Non-Core,8.0
2026-06-16,Unmapped,Unmapped,Unmapped,Unmapped,Unassigned,CBT003,181_240,Core_10_1830,171.0
2026-06-16,Unmapped,Unmapped,Unmapped,Unmapped,Unassigned,CBT003,181_240,Core_8_10,65.0
2026-06-16,Unmapped,Unmapped,Unmapped,Unmapped,Unassigned,CBT003,181_240,Non-Core,3.0
2026-06-16,Unmapped,Unmapped,Unmapped,Unmapped,Unassigned,CBT003,1_30,Core_10_1830,615.0
2026-06-16,Unmapped,Unmapped,Unmapped,Unmapped,Unassigned,CBT003,1_30,Core_8_10,207.0
2026-06-16,Unmapped,Unmapped,Unmapped,Unmapped,Unassigned,CBT003,1_30,Non-Core,15.0
2026-06-16,Unmapped,Unmapped,Unmapped,Unmapped,Unassigned,CBT003,241_300,Core_10_1830,111.0
2026-06-16,Unmapped,Unmapped,Unmapped,Unmapped,Unassigned,CBT003,241_300,Core_8_10,49.0
2026-06-16,Unmapped,Unmapped,Unmapped,Unmapped,Unassigned,CBT003,241_300,Non-Core,6.0
2026-06-16,Unmapped,Unmapped,Unmapped,Unmapped,Unassigned,CBT003,31_60,Core_10_1830,320.0
2026-06-16,Unmapped,Unmapped,Unmapped,Unmapped,Unassigned,CBT003,31_60,Core_8_10,135.0
2026-06-16,Unmapped,Unmapped,Unmapped,Unmapped,Unassigned,CBT003,31_60,Non-Core,10.0
2026-06-16,Unmapped,Unmapped,Unmapped,Unmapped,Unassigned,CBT003,61_90,Core_10_1830,186.0
2026-06-16,Unmapped,Unmapped,Unmapped,Unmapped,Unassigned,CBT003,61_90,Core_8_10,82.0
2026-06-16,Unmapped,Unmapped,Unmapped,Unmapped,Unassigned,CBT003,61_90,Non-Core,18.0
2026-06-16,Unmapped,Unmapped,Unmapped,Unmapped,Unassigned,CBT003,91_120,Core_10_1830,177.0
2026-06-16,Unmapped,Unmapped,Unmapped,Unmapped,Unassigned,CBT003,91_120,Core_8_10,68.0
2026-06-16,Unmapped,Unmapped,Unmapped,Unmapped,Unassigned,CBT003,91_120,Non-Core,7.0
2026-06-16,Unmapped,Unmapped,Unmapped,Unmapped,Unassigned,CBT003,>300,Core_10_1830,324.0
2026-06-16,Unmapped,Unmapped,Unmapped,Unmapped,Unassigned,CBT003,>300,Core_8_10,214.0
2026-06-16,Unmapped,Unmapped,Unmapped,Unmapped,Unassigned,CBT003,>300,Non-Core,14.0
2026-06-17,Unmapped,Unmapped,Unmapped,Unmapped,Unassigned,CBT003,0,Core_10_1830,6.0
2026-06-17,Unmapped,Unmapped,Unmapped,Unmapped,Unassigned,CBT003,0,Core_8_10,1.0
2026-06-17,Unmapped,Unmapped,Unmapped,Unmapped,Unassigned,CBT003,121_180,Core_10_1830,238.0
2026-06-17,Unmapped,Unmapped,Unmapped,Unmapped,Unassigned,CBT003,121_180,Core_8_10,92.0
2026-06-17,Unmapped,Unmapped,Unmapped,Unmapped,Unassigned,CBT003,121_180,Non-Core,13.0
2026-06-17,Unmapped,Unmapped,Unmapped,Unmapped,Unassigned,CBT003,181_240,Core_10_1830,153.0
2026-06-17,Unmapped,Unmapped,Unmapped,Unmapped,Unassigned,CBT003,181_240,Core_8_10,49.0
2026-06-17,Unmapped,Unmapped,Unmapped,Unmapped,Unassigned,CBT003,181_240,Non-Core,13.0
2026-06-17,Unmapped,Unmapped,Unmapped,Unmapped,Unassigned,CBT003,1_30,Core_10_1830,719.0
2026-06-17,Unmapped,Unmapped,Unmapped,Unmapped,Unassigned,CBT003,1_30,Core_8_10,191.0
2026-06-17,Unmapped,Unmapped,Unmapped,Unmapped,Unassigned,CBT003,1_30,Non-Core,12.0
2026-06-17,Unmapped,Unmapped,Unmapped,Unmapped,Unassigned,CBT003,241_300,Core_10_1830,104.0
2026-06-17,Unmapped,Unmapped,Unmapped,Unmapped,Unassigned,CBT003,241_300,Core_8_10,41.0
2026-06-17,Unmapped,Unmapped,Unmapped,Unmapped,Unassigned,CBT003,241_300,Non-Core,4.0
2026-06-17,Unmapped,Unmapped,Unmapped,Unmapped,Unassigned,CBT003,31_60,Core_10_1830,373.0
2026-06-17,Unmapped,Unmapped,Unmapped,Unmapped,Unassigned,CBT003,31_60,Core_8_10,115.0
2026-06-17,Unmapped,Unmapped,Unmapped,Unmapped,Unassigned,CBT003,31_60,Non-Core,8.0
2026-06-17,Unmapped,Unmapped,Unmapped,Unmapped,Unassigned,CBT003,61_90,Core_10_1830,226.0
2026-06-17,Unmapped,Unmapped,Unmapped,Unmapped,Unassigned,CBT003,61_90,Core_8_10,84.0
2026-06-17,Unmapped,Unmapped,Unmapped,Unmapped,Unassigned,CBT003,61_90,Non-Core,13.0
2026-06-17,Unmapped,Unmapped,Unmapped,Unmapped,Unassigned,CBT003,91_120,Core_10_1830,175.0
2026-06-17,Unmapped,Unmapped,Unmapped,Unmapped,Unassigned,CBT003,91_120,Core_8_10,54.0
2026-06-17,Unmapped,Unmapped,Unmapped,Unmapped,Unassigned,CBT003,91_120,Non-Core,10.0
2026-06-17,Unmapped,Unmapped,Unmapped,Unmapped,Unassigned,CBT003,>300,Core_10_1830,332.0
2026-06-17,Unmapped,Unmapped,Unmapped,Unmapped,Unassigned,CBT003,>300,Core_8_10,237.0
2026-06-17,Unmapped,Unmapped,Unmapped,Unmapped,Unassigned,CBT003,>300,Non-Core,11.0
2026-06-18,Unmapped,Unmapped,Unmapped,Unmapped,Unassigned,CBT003,0,Core_10_1830,16.0
2026-06-18,Unmapped,Unmapped,Unmapped,Unmapped,Unassigned,CBT003,0,Core_8_10,1.0
2026-06-18,Unmapped,Unmapped,Unmapped,Unmapped,Unassigned,CBT003,121_180,Core_10_1830,230.0
2026-06-18,Unmapped,Unmapped,Unmapped,Unmapped,Unassigned,CBT003,121_180,Core_8_10,87.0
2026-06-18,Unmapped,Unmapped,Unmapped,Unmapped,Unassigned,CBT003,121_180,Non-Core,8.0
2026-06-18,Unmapped,Unmapped,Unmapped,Unmapped,Unassigned,CBT003,181_240,Core_10_1830,159.0
2026-06-18,Unmapped,Unmapped,Unmapped,Unmapped,Unassigned,CBT003,181_240,Core_8_10,52.0
2026-06-18,Unmapped,Unmapped,Unmapped,Unmapped,Unassigned,CBT003,181_240,Non-Core,8.0
2026-06-18,Unmapped,Unmapped,Unmapped,Unmapped,Unassigned,CBT003,1_30,Core_10_1830,556.0
2026-06-18,Unmapped,Unmapped,Unmapped,Unmapped,Unassigned,CBT003,1_30,Core_8_10,194.0
2026-06-18,Unmapped,Unmapped,Unmapped,Unmapped,Unassigned,CBT003,1_30,Non-Core,10.0
2026-06-18,Unmapped,Unmapped,Unmapped,Unmapped,Unassigned,CBT003,241_300,Core_10_1830,107.0
2026-06-18,Unmapped,Unmapped,Unmapped,Unmapped,Unassigned,CBT003,241_300,Core_8_10,40.0
2026-06-18,Unmapped,Unmapped,Unmapped,Unmapped,Unassigned,CBT003,241_300,Non-Core,5.0
2026-06-18,Unmapped,Unmapped,Unmapped,Unmapped,Unassigned,CBT003,31_60,Core_10_1830,329.0
2026-06-18,Unmapped,Unmapped,Unmapped,Unmapped,Unassigned,CBT003,31_60,Core_8_10,120.0
2026-06-18,Unmapped,Unmapped,Unmapped,Unmapped,Unassigned,CBT003,31_60,Non-Core,15.0
2026-06-18,Unmapped,Unmapped,Unmapped,Unmapped,Unassigned,CBT003,61_90,Core_10_1830,248.0
2026-06-18,Unmapped,Unmapped,Unmapped,Unmapped,Unassigned,CBT003,61_90,Core_8_10,66.0
2026-06-18,Unmapped,Unmapped,Unmapped,Unmapped,Unassigned,CBT003,61_90,Non-Core,7.0
2026-06-18,Unmapped,Unmapped,Unmapped,Unmapped,Unassigned,CBT003,91_120,Core_10_1830,168.0
2026-06-18,Unmapped,Unmapped,Unmapped,Unmapped,Unassigned,CBT003,91_120,Core_8_10,62.0
2026-06-18,Unmapped,Unmapped,Unmapped,Unmapped,Unassigned,CBT003,91_120,Non-Core,11.0
2026-06-18,Unmapped,Unmapped,Unmapped,Unmapped,Unassigned,CBT003,>300,Core_10_1830,358.0
2026-06-18,Unmapped,Unmapped,Unmapped,Unmapped,Unassigned,CBT003,>300,Core_8_10,212.0
2026-06-18,Unmapped,Unmapped,Unmapped,Unmapped,Unassigned,CBT003,>300,Non-Core,8.0
2026-06-19,Unmapped,Unmapped,Unmapped,Unmapped,Unassigned,CBT003,0,Core_10_1830,5.0
2026-06-19,Unmapped,Unmapped,Unmapped,Unmapped,Unassigned,CBT003,121_180,Core_10_1830,264.0
2026-06-19,Unmapped,Unmapped,Unmapped,Unmapped,Unassigned,CBT003,121_180,Core_8_10,72.0
2026-06-19,Unmapped,Unmapped,Unmapped,Unmapped,Unassigned,CBT003,121_180,Non-Core,10.0
2026-06-19,Unmapped,Unmapped,Unmapped,Unmapped,Unassigned,CBT003,181_240,Core_10_1830,182.0
2026-06-19,Unmapped,Unmapped,Unmapped,Unmapped,Unassigned,CBT003,181_240,Core_8_10,77.0
2026-06-19,Unmapped,Unmapped,Unmapped,Unmapped,Unassigned,CBT003,181_240,Non-Core,3.0
2026-06-19,Unmapped,Unmapped,Unmapped,Unmapped,Unassigned,CBT003,1_30,Core_10_1830,605.0
2026-06-19,Unmapped,Unmapped,Unmapped,Unmapped,Unassigned,CBT003,1_30,Core_8_10,220.0
2026-06-19,Unmapped,Unmapped,Unmapped,Unmapped,Unassigned,CBT003,1_30,Non-Core,16.0
2026-06-19,Unmapped,Unmapped,Unmapped,Unmapped,Unassigned,CBT003,241_300,Core_10_1830,114.0
2026-06-19,Unmapped,Unmapped,Unmapped,Unmapped,Unassigned,CBT003,241_300,Core_8_10,51.0
2026-06-19,Unmapped,Unmapped,Unmapped,Unmapped,Unassigned,CBT003,241_300,Non-Core,5.0
2026-06-19,Unmapped,Unmapped,Unmapped,Unmapped,Unassigned,CBT003,31_60,Core_10_1830,378.0
2026-06-19,Unmapped,Unmapped,Unmapped,Unmapped,Unassigned,CBT003,31_60,Core_8_10,143.0
2026-06-19,Unmapped,Unmapped,Unmapped,Unmapped,Unassigned,CBT003,31_60,Non-Core,12.0
2026-06-19,Unmapped,Unmapped,Unmapped,Unmapped,Unassigned,CBT003,61_90,Core_10_1830,218.0
2026-06-19,Unmapped,Unmapped,Unmapped,Unmapped,Unassigned,CBT003,61_90,Core_8_10,81.0
2026-06-19,Unmapped,Unmapped,Unmapped,Unmapped,Unassigned,CBT003,61_90,Non-Core,13.0
2026-06-19,Unmapped,Unmapped,Unmapped,Unmapped,Unassigned,CBT003,91_120,Core_10_1830,173.0
2026-06-19,Unmapped,Unmapped,Unmapped,Unmapped,Unassigned,CBT003,91_120,Core_8_10,50.0
2026-06-19,Unmapped,Unmapped,Unmapped,Unmapped,Unassigned,CBT003,91_120,Non-Core,6.0
2026-06-19,Unmapped,Unmapped,Unmapped,Unmapped,Unassigned,CBT003,>300,Core_10_1830,376.0
2026-06-19,Unmapped,Unmapped,Unmapped,Unmapped,Unassigned,CBT003,>300,Core_8_10,187.0
2026-06-19,Unmapped,Unmapped,Unmapped,Unmapped,Unassigned,CBT003,>300,Non-Core,15.0
2026-06-20,Unmapped,Unmapped,Unmapped,Unmapped,Unassigned,CBT003,0,Non-Core,1.0
2026-06-20,Unmapped,Unmapped,Unmapped,Unmapped,Unassigned,CBT003,121_180,Non-Core,4.0
2026-06-20,Unmapped,Unmapped,Unmapped,Unmapped,Unassigned,CBT003,181_240,Non-Core,2.0
2026-06-20,Unmapped,Unmapped,Unmapped,Unmapped,Unassigned,CBT003,1_30,Non-Core,35.0
2026-06-20,Unmapped,Unmapped,Unmapped,Unmapped,Unassigned,CBT003,241_300,Non-Core,2.0
2026-06-20,Unmapped,Unmapped,Unmapped,Unmapped,Unassigned,CBT003,31_60,Non-Core,17.0
2026-06-20,Unmapped,Unmapped,Unmapped,Unmapped,Unassigned,CBT003,61_90,Non-Core,6.0
2026-06-20,Unmapped,Unmapped,Unmapped,Unmapped,Unassigned,CBT003,91_120,Non-Core,8.0
2026-06-20,Unmapped,Unmapped,Unmapped,Unmapped,Unassigned,CBT003,>300,Non-Core,6.0
2026-06-21,Unmapped,Unmapped,Unmapped,Unmapped,Unassigned,CBT003,121_180,Non-Core,1.0
2026-06-21,Unmapped,Unmapped,Unmapped,Unmapped,Unassigned,CBT003,181_240,Non-Core,2.0
2026-06-21,Unmapped,Unmapped,Unmapped,Unmapped,Unassigned,CBT003,1_30,Non-Core,7.0
2026-06-21,Unmapped,Unmapped,Unmapped,Unmapped,Unassigned,CBT003,241_300,Non-Core,1.0
2026-06-21,Unmapped,Unmapped,Unmapped,Unmapped,Unassigned,CBT003,31_60,Non-Core,2.0
2026-06-21,Unmapped,Unmapped,Unmapped,Unmapped,Unassigned,CBT003,91_120,Non-Core,1.0
2026-06-21,Unmapped,Unmapped,Unmapped,Unmapped,Unassigned,CBT003,>300,Non-Core,3.0
2026-06-22,Unmapped,Unmapped,Unmapped,Unmapped,Unassigned,CBT003,0,Core_10_1830,7.0
2026-06-22,Unmapped,Unmapped,Unmapped,Unmapped,Unassigned,CBT003,0,Core_8_10,3.0
2026-06-22,Unmapped,Unmapped,Unmapped,Unmapped,Unassigned,CBT003,121_180,Core_10_1830,315.0
2026-06-22,Unmapped,Unmapped,Unmapped,Unmapped,Unassigned,CBT003,121_180,Core_8_10,103.0
2026-06-22,Unmapped,Unmapped,Unmapped,Unmapped,Unassigned,CBT003,121_180,Non-Core,13.0
2026-06-22,Unmapped,Unmapped,Unmapped,Unmapped,Unassigned,CBT003,181_240,Core_10_1830,180.0
2026-06-22,Unmapped,Unmapped,Unmapped,Unmapped,Unassigned,CBT003,181_240,Core_8_10,63.0
2026-06-22,Unmapped,Unmapped,Unmapped,Unmapped,Unassigned,CBT003,181_240,Non-Core,4.0
2026-06-22,Unmapped,Unmapped,Unmapped,Unmapped,Unassigned,CBT003,1_30,Core_10_1830,794.0
2026-06-22,Unmapped,Unmapped,Unmapped,Unmapped,Unassigned,CBT003,1_30,Core_8_10,238.0
2026-06-22,Unmapped,Unmapped,Unmapped,Unmapped,Unassigned,CBT003,1_30,Non-Core,24.0
2026-06-22,Unmapped,Unmapped,Unmapped,Unmapped,Unassigned,CBT003,241_300,Core_10_1830,160.0
2026-06-22,Unmapped,Unmapped,Unmapped,Unmapped,Unassigned,CBT003,241_300,Core_8_10,52.0
2026-06-22,Unmapped,Unmapped,Unmapped,Unmapped,Unassigned,CBT003,241_300,Non-Core,3.0
2026-06-22,Unmapped,Unmapped,Unmapped,Unmapped,Unassigned,CBT003,31_60,Core_10_1830,443.0
2026-06-22,Unmapped,Unmapped,Unmapped,Unmapped,Unassigned,CBT003,31_60,Core_8_10,156.0
2026-06-22,Unmapped,Unmapped,Unmapped,Unmapped,Unassigned,CBT003,31_60,Non-Core,18.0
2026-06-22,Unmapped,Unmapped,Unmapped,Unmapped,Unassigned,CBT003,61_90,Core_10_1830,265.0
2026-06-22,Unmapped,Unmapped,Unmapped,Unmapped,Unassigned,CBT003,61_90,Core_8_10,83.0
2026-06-22,Unmapped,Unmapped,Unmapped,Unmapped,Unassigned,CBT003,61_90,Non-Core,13.0
2026-06-22,Unmapped,Unmapped,Unmapped,Unmapped,Unassigned,CBT003,91_120,Core_10_1830,217.0
2026-06-22,Unmapped,Unmapped,Unmapped,Unmapped,Unassigned,CBT003,91_120,Core_8_10,64.0
2026-06-22,Unmapped,Unmapped,Unmapped,Unmapped,Unassigned,CBT003,91_120,Non-Core,7.0
2026-06-22,Unmapped,Unmapped,Unmapped,Unmapped,Unassigned,CBT003,>300,Core_10_1830,559.0
2026-06-22,Unmapped,Unmapped,Unmapped,Unmapped,Unassigned,CBT003,>300,Core_8_10,398.0
2026-06-22,Unmapped,Unmapped,Unmapped,Unmapped,Unassigned,CBT003,>300,Non-Core,22.0
2026-06-23,Unmapped,Unmapped,Unmapped,Unmapped,Unassigned,CBT003,0,Core_10_1830,9.0
2026-06-23,Unmapped,Unmapped,Unmapped,Unmapped,Unassigned,CBT003,0,Core_8_10,1.0
2026-06-23,Unmapped,Unmapped,Unmapped,Unmapped,Unassigned,CBT003,121_180,Core_10_1830,288.0
2026-06-23,Unmapped,Unmapped,Unmapped,Unmapped,Unassigned,CBT003,121_180,Core_8_10,83.0
2026-06-23,Unmapped,Unmapped,Unmapped,Unmapped,Unassigned,CBT003,121_180,Non-Core,9.0
2026-06-23,Unmapped,Unmapped,Unmapped,Unmapped,Unassigned,CBT003,181_240,Core_10_1830,164.0
2026-06-23,Unmapped,Unmapped,Unmapped,Unmapped,Unassigned,CBT003,181_240,Core_8_10,66.0
2026-06-23,Unmapped,Unmapped,Unmapped,Unmapped,Unassigned,CBT003,181_240,Non-Core,10.0
2026-06-23,Unmapped,Unmapped,Unmapped,Unmapped,Unassigned,CBT003,1_30,Core_10_1830,679.0
2026-06-23,Unmapped,Unmapped,Unmapped,Unmapped,Unassigned,CBT003,1_30,Core_8_10,218.0
2026-06-23,Unmapped,Unmapped,Unmapped,Unmapped,Unassigned,CBT003,1_30,Non-Core,9.0
2026-06-23,Unmapped,Unmapped,Unmapped,Unmapped,Unassigned,CBT003,241_300,Core_10_1830,109.0
2026-06-23,Unmapped,Unmapped,Unmapped,Unmapped,Unassigned,CBT003,241_300,Core_8_10,55.0
2026-06-23,Unmapped,Unmapped,Unmapped,Unmapped,Unassigned,CBT003,241_300,Non-Core,4.0
2026-06-23,Unmapped,Unmapped,Unmapped,Unmapped,Unassigned,CBT003,31_60,Core_10_1830,439.0
2026-06-23,Unmapped,Unmapped,Unmapped,Unmapped,Unassigned,CBT003,31_60,Core_8_10,136.0
2026-06-23,Unmapped,Unmapped,Unmapped,Unmapped,Unassigned,CBT003,31_60,Non-Core,9.0
2026-06-23,Unmapped,Unmapped,Unmapped,Unmapped,Unassigned,CBT003,61_90,Core_10_1830,286.0
2026-06-23,Unmapped,Unmapped,Unmapped,Unmapped,Unassigned,CBT003,61_90,Core_8_10,98.0
2026-06-23,Unmapped,Unmapped,Unmapped,Unmapped,Unassigned,CBT003,61_90,Non-Core,13.0
2026-06-23,Unmapped,Unmapped,Unmapped,Unmapped,Unassigned,CBT003,91_120,Core_10_1830,200.0
2026-06-23,Unmapped,Unmapped,Unmapped,Unmapped,Unassigned,CBT003,91_120,Core_8_10,77.0
2026-06-23,Unmapped,Unmapped,Unmapped,Unmapped,Unassigned,CBT003,91_120,Non-Core,8.0
2026-06-23,Unmapped,Unmapped,Unmapped,Unmapped,Unassigned,CBT003,>300,Core_10_1830,311.0
2026-06-23,Unmapped,Unmapped,Unmapped,Unmapped,Unassigned,CBT003,>300,Core_8_10,230.0
2026-06-23,Unmapped,Unmapped,Unmapped,Unmapped,Unassigned,CBT003,>300,Non-Core,25.0
2026-06-24,Unmapped,Unmapped,Unmapped,Unmapped,Unassigned,CBT003,0,Core_10_1830,6.0
2026-06-24,Unmapped,Unmapped,Unmapped,Unmapped,Unassigned,CBT003,0,Core_8_10,1.0
2026-06-24,Unmapped,Unmapped,Unmapped,Unmapped,Unassigned,CBT003,121_180,Core_10_1830,197.0
2026-06-24,Unmapped,Unmapped,Unmapped,Unmapped,Unassigned,CBT003,121_180,Core_8_10,99.0
2026-06-24,Unmapped,Unmapped,Unmapped,Unmapped,Unassigned,CBT003,121_180,Non-Core,5.0
2026-06-24,Unmapped,Unmapped,Unmapped,Unmapped,Unassigned,CBT003,181_240,Core_10_1830,148.0
2026-06-24,Unmapped,Unmapped,Unmapped,Unmapped,Unassigned,CBT003,181_240,Core_8_10,49.0
2026-06-24,Unmapped,Unmapped,Unmapped,Unmapped,Unassigned,CBT003,181_240,Non-Core,1.0
2026-06-24,Unmapped,Unmapped,Unmapped,Unmapped,Unassigned,CBT003,1_30,Core_10_1830,663.0
2026-06-24,Unmapped,Unmapped,Unmapped,Unmapped,Unassigned,CBT003,1_30,Core_8_10,208.0
2026-06-24,Unmapped,Unmapped,Unmapped,Unmapped,Unassigned,CBT003,1_30,Non-Core,16.0
2026-06-24,Unmapped,Unmapped,Unmapped,Unmapped,Unassigned,CBT003,241_300,Core_10_1830,88.0
2026-06-24,Unmapped,Unmapped,Unmapped,Unmapped,Unassigned,CBT003,241_300,Core_8_10,31.0
2026-06-24,Unmapped,Unmapped,Unmapped,Unmapped,Unassigned,CBT003,241_300,Non-Core,4.0
2026-06-24,Unmapped,Unmapped,Unmapped,Unmapped,Unassigned,CBT003,31_60,Core_10_1830,402.0
2026-06-24,Unmapped,Unmapped,Unmapped,Unmapped,Unassigned,CBT003,31_60,Core_8_10,153.0
2026-06-24,Unmapped,Unmapped,Unmapped,Unmapped,Unassigned,CBT003,31_60,Non-Core,12.0
2026-06-24,Unmapped,Unmapped,Unmapped,Unmapped,Unassigned,CBT003,61_90,Core_10_1830,197.0
2026-06-24,Unmapped,Unmapped,Unmapped,Unmapped,Unassigned,CBT003,61_90,Core_8_10,85.0
2026-06-24,Unmapped,Unmapped,Unmapped,Unmapped,Unassigned,CBT003,61_90,Non-Core,16.0
2026-06-24,Unmapped,Unmapped,Unmapped,Unmapped,Unassigned,CBT003,91_120,Core_10_1830,164.0
2026-06-24,Unmapped,Unmapped,Unmapped,Unmapped,Unassigned,CBT003,91_120,Core_8_10,62.0
2026-06-24,Unmapped,Unmapped,Unmapped,Unmapped,Unassigned,CBT003,91_120,Non-Core,12.0
2026-06-24,Unmapped,Unmapped,Unmapped,Unmapped,Unassigned,CBT003,>300,Core_10_1830,248.0
2026-06-24,Unmapped,Unmapped,Unmapped,Unmapped,Unassigned,CBT003,>300,Core_8_10,141.0
2026-06-24,Unmapped,Unmapped,Unmapped,Unmapped,Unassigned,CBT003,>300,Non-Core,12.0
2026-06-25,Unmapped,Unmapped,Unmapped,Unmapped,Unassigned,CBT003,0,Core_10_1830,8.0
2026-06-25,Unmapped,Unmapped,Unmapped,Unmapped,Unassigned,CBT003,121_180,Core_10_1830,193.0
2026-06-25,Unmapped,Unmapped,Unmapped,Unmapped,Unassigned,CBT003,121_180,Core_8_10,64.0
2026-06-25,Unmapped,Unmapped,Unmapped,Unmapped,Unassigned,CBT003,121_180,Non-Core,7.0
2026-06-25,Unmapped,Unmapped,Unmapped,Unmapped,Unassigned,CBT003,181_240,Core_10_1830,147.0
2026-06-25,Unmapped,Unmapped,Unmapped,Unmapped,Unassigned,CBT003,181_240,Core_8_10,60.0
2026-06-25,Unmapped,Unmapped,Unmapped,Unmapped,Unassigned,CBT003,181_240,Non-Core,5.0
2026-06-25,Unmapped,Unmapped,Unmapped,Unmapped,Unassigned,CBT003,1_30,Core_10_1830,585.0
2026-06-25,Unmapped,Unmapped,Unmapped,Unmapped,Unassigned,CBT003,1_30,Core_8_10,234.0
2026-06-25,Unmapped,Unmapped,Unmapped,Unmapped,Unassigned,CBT003,1_30,Non-Core,19.0
2026-06-25,Unmapped,Unmapped,Unmapped,Unmapped,Unassigned,CBT003,241_300,Core_10_1830,93.0
2026-06-25,Unmapped,Unmapped,Unmapped,Unmapped,Unassigned,CBT003,241_300,Core_8_10,33.0
2026-06-25,Unmapped,Unmapped,Unmapped,Unmapped,Unassigned,CBT003,241_300,Non-Core,2.0
2026-06-25,Unmapped,Unmapped,Unmapped,Unmapped,Unassigned,CBT003,31_60,Core_10_1830,399.0
2026-06-25,Unmapped,Unmapped,Unmapped,Unmapped,Unassigned,CBT003,31_60,Core_8_10,142.0
2026-06-25,Unmapped,Unmapped,Unmapped,Unmapped,Unassigned,CBT003,31_60,Non-Core,11.0
2026-06-25,Unmapped,Unmapped,Unmapped,Unmapped,Unassigned,CBT003,61_90,Core_10_1830,206.0
2026-06-25,Unmapped,Unmapped,Unmapped,Unmapped,Unassigned,CBT003,61_90,Core_8_10,66.0
2026-06-25,Unmapped,Unmapped,Unmapped,Unmapped,Unassigned,CBT003,61_90,Non-Core,6.0
2026-06-25,Unmapped,Unmapped,Unmapped,Unmapped,Unassigned,CBT003,91_120,Core_10_1830,149.0
2026-06-25,Unmapped,Unmapped,Unmapped,Unmapped,Unassigned,CBT003,91_120,Core_8_10,56.0
2026-06-25,Unmapped,Unmapped,Unmapped,Unmapped,Unassigned,CBT003,91_120,Non-Core,4.0
2026-06-25,Unmapped,Unmapped,Unmapped,Unmapped,Unassigned,CBT003,>300,Core_10_1830,335.0
2026-06-25,Unmapped,Unmapped,Unmapped,Unmapped,Unassigned,CBT003,>300,Core_8_10,175.0
2026-06-25,Unmapped,Unmapped,Unmapped,Unmapped,Unassigned,CBT003,>300,Non-Core,9.0
2026-06-26,Unmapped,Unmapped,Unmapped,Unmapped,Unassigned,CBT003,0,Core_10_1830,6.0
2026-06-26,Unmapped,Unmapped,Unmapped,Unmapped,Unassigned,CBT003,121_180,Core_10_1830,247.0
2026-06-26,Unmapped,Unmapped,Unmapped,Unmapped,Unassigned,CBT003,121_180,Core_8_10,75.0
2026-06-26,Unmapped,Unmapped,Unmapped,Unmapped,Unassigned,CBT003,121_180,Non-Core,5.0
2026-06-26,Unmapped,Unmapped,Unmapped,Unmapped,Unassigned,CBT003,181_240,Core_10_1830,178.0
2026-06-26,Unmapped,Unmapped,Unmapped,Unmapped,Unassigned,CBT003,181_240,Core_8_10,49.0
2026-06-26,Unmapped,Unmapped,Unmapped,Unmapped,Unassigned,CBT003,181_240,Non-Core,4.0
2026-06-26,Unmapped,Unmapped,Unmapped,Unmapped,Unassigned,CBT003,1_30,Core_10_1830,649.0
2026-06-26,Unmapped,Unmapped,Unmapped,Unmapped,Unassigned,CBT003,1_30,Core_8_10,234.0
2026-06-26,Unmapped,Unmapped,Unmapped,Unmapped,Unassigned,CBT003,1_30,Non-Core,21.0
2026-06-26,Unmapped,Unmapped,Unmapped,Unmapped,Unassigned,CBT003,241_300,Core_10_1830,116.0
2026-06-26,Unmapped,Unmapped,Unmapped,Unmapped,Unassigned,CBT003,241_300,Core_8_10,44.0
2026-06-26,Unmapped,Unmapped,Unmapped,Unmapped,Unassigned,CBT003,241_300,Non-Core,8.0
2026-06-26,Unmapped,Unmapped,Unmapped,Unmapped,Unassigned,CBT003,31_60,Core_10_1830,351.0
2026-06-26,Unmapped,Unmapped,Unmapped,Unmapped,Unassigned,CBT003,31_60,Core_8_10,136.0
2026-06-26,Unmapped,Unmapped,Unmapped,Unmapped,Unassigned,CBT003,31_60,Non-Core,12.0
2026-06-26,Unmapped,Unmapped,Unmapped,Unmapped,Unassigned,CBT003,61_90,Core_10_1830,222.0
2026-06-26,Unmapped,Unmapped,Unmapped,Unmapped,Unassigned,CBT003,61_90,Core_8_10,76.0
2026-06-26,Unmapped,Unmapped,Unmapped,Unmapped,Unassigned,CBT003,61_90,Non-Core,9.0
2026-06-26,Unmapped,Unmapped,Unmapped,Unmapped,Unassigned,CBT003,91_120,Core_10_1830,161.0
2026-06-26,Unmapped,Unmapped,Unmapped,Unmapped,Unassigned,CBT003,91_120,Core_8_10,57.0
2026-06-26,Unmapped,Unmapped,Unmapped,Unmapped,Unassigned,CBT003,91_120,Non-Core,6.0
2026-06-26,Unmapped,Unmapped,Unmapped,Unmapped,Unassigned,CBT003,>300,Core_10_1830,310.0
2026-06-26,Unmapped,Unmapped,Unmapped,Unmapped,Unassigned,CBT003,>300,Core_8_10,178.0
2026-06-26,Unmapped,Unmapped,Unmapped,Unmapped,Unassigned,CBT003,>300,Non-Core,8.0
2026-06-27,Unmapped,Unmapped,Unmapped,Unmapped,Unassigned,CBT003,0,Non-Core,2.0
2026-06-27,Unmapped,Unmapped,Unmapped,Unmapped,Unassigned,CBT003,121_180,Non-Core,7.0
2026-06-27,Unmapped,Unmapped,Unmapped,Unmapped,Unassigned,CBT003,181_240,Non-Core,2.0
2026-06-27,Unmapped,Unmapped,Unmapped,Unmapped,Unassigned,CBT003,1_30,Non-Core,40.0
2026-06-27,Unmapped,Unmapped,Unmapped,Unmapped,Unassigned,CBT003,241_300,Non-Core,3.0
2026-06-27,Unmapped,Unmapped,Unmapped,Unmapped,Unassigned,CBT003,31_60,Non-Core,12.0
2026-06-27,Unmapped,Unmapped,Unmapped,Unmapped,Unassigned,CBT003,61_90,Non-Core,12.0
2026-06-27,Unmapped,Unmapped,Unmapped,Unmapped,Unassigned,CBT003,91_120,Non-Core,3.0
2026-06-27,Unmapped,Unmapped,Unmapped,Unmapped,Unassigned,CBT003,>300,Non-Core,7.0
2026-06-28,Unmapped,Unmapped,Unmapped,Unmapped,Unassigned,CBT003,0,Non-Core,1.0
2026-06-28,Unmapped,Unmapped,Unmapped,Unmapped,Unassigned,CBT003,121_180,Non-Core,3.0
2026-06-28,Unmapped,Unmapped,Unmapped,Unmapped,Unassigned,CBT003,1_30,Non-Core,11.0
2026-06-28,Unmapped,Unmapped,Unmapped,Unmapped,Unassigned,CBT003,241_300,Non-Core,1.0
2026-06-28,Unmapped,Unmapped,Unmapped,Unmapped,Unassigned,CBT003,31_60,Non-Core,3.0
2026-06-28,Unmapped,Unmapped,Unmapped,Unmapped,Unassigned,CBT003,61_90,Non-Core,3.0
2026-06-29,Unmapped,Unmapped,Unmapped,Unmapped,Unassigned,CBT003,0,Core_10_1830,13.0
2026-06-29,Unmapped,Unmapped,Unmapped,Unmapped,Unassigned,CBT003,0,Core_8_10,4.0
2026-06-29,Unmapped,Unmapped,Unmapped,Unmapped,Unassigned,CBT003,121_180,Core_10_1830,323.0
2026-06-29,Unmapped,Unmapped,Unmapped,Unmapped,Unassigned,CBT003,121_180,Core_8_10,118.0
2026-06-29,Unmapped,Unmapped,Unmapped,Unmapped,Unassigned,CBT003,121_180,Non-Core,15.0
2026-06-29,Unmapped,Unmapped,Unmapped,Unmapped,Unassigned,CBT003,181_240,Core_10_1830,207.0
2026-06-29,Unmapped,Unmapped,Unmapped,Unmapped,Unassigned,CBT003,181_240,Core_8_10,72.0
2026-06-29,Unmapped,Unmapped,Unmapped,Unmapped,Unassigned,CBT003,181_240,Non-Core,10.0
2026-06-29,Unmapped,Unmapped,Unmapped,Unmapped,Unassigned,CBT003,1_30,Core_10_1830,762.0
2026-06-29,Unmapped,Unmapped,Unmapped,Unmapped,Unassigned,CBT003,1_30,Core_8_10,232.0
2026-06-29,Unmapped,Unmapped,Unmapped,Unmapped,Unassigned,CBT003,1_30,Non-Core,15.0
2026-06-29,Unmapped,Unmapped,Unmapped,Unmapped,Unassigned,CBT003,241_300,Core_10_1830,162.0
2026-06-29,Unmapped,Unmapped,Unmapped,Unmapped,Unassigned,CBT003,241_300,Core_8_10,71.0
2026-06-29,Unmapped,Unmapped,Unmapped,Unmapped,Unassigned,CBT003,241_300,Non-Core,10.0
2026-06-29,Unmapped,Unmapped,Unmapped,Unmapped,Unassigned,CBT003,31_60,Core_10_1830,523.0
2026-06-29,Unmapped,Unmapped,Unmapped,Unmapped,Unassigned,CBT003,31_60,Core_8_10,161.0
2026-06-29,Unmapped,Unmapped,Unmapped,Unmapped,Unassigned,CBT003,31_60,Non-Core,21.0
2026-06-29,Unmapped,Unmapped,Unmapped,Unmapped,Unassigned,CBT003,61_90,Core_10_1830,321.0
2026-06-29,Unmapped,Unmapped,Unmapped,Unmapped,Unassigned,CBT003,61_90,Core_8_10,119.0
2026-06-29,Unmapped,Unmapped,Unmapped,Unmapped,Unassigned,CBT003,61_90,Non-Core,10.0
2026-06-29,Unmapped,Unmapped,Unmapped,Unmapped,Unassigned,CBT003,91_120,Core_10_1830,224.0
2026-06-29,Unmapped,Unmapped,Unmapped,Unmapped,Unassigned,CBT003,91_120,Core_8_10,73.0
2026-06-29,Unmapped,Unmapped,Unmapped,Unmapped,Unassigned,CBT003,91_120,Non-Core,10.0
2026-06-29,Unmapped,Unmapped,Unmapped,Unmapped,Unassigned,CBT003,>300,Core_10_1830,540.0
2026-06-29,Unmapped,Unmapped,Unmapped,Unmapped,Unassigned,CBT003,>300,Core_8_10,325.0
2026-06-29,Unmapped,Unmapped,Unmapped,Unmapped,Unassigned,CBT003,>300,Non-Core,27.0
2026-06-30,Unmapped,Unmapped,Unmapped,Unmapped,Unassigned,CBT003,0,Core_10_1830,8.0
2026-06-30,Unmapped,Unmapped,Unmapped,Unmapped,Unassigned,CBT003,121_180,Core_10_1830,279.0
2026-06-30,Unmapped,Unmapped,Unmapped,Unmapped,Unassigned,CBT003,121_180,Core_8_10,109.0
2026-06-30,Unmapped,Unmapped,Unmapped,Unmapped,Unassigned,CBT003,121_180,Non-Core,17.0
2026-06-30,Unmapped,Unmapped,Unmapped,Unmapped,Unassigned,CBT003,181_240,Core_10_1830,167.0
2026-06-30,Unmapped,Unmapped,Unmapped,Unmapped,Unassigned,CBT003,181_240,Core_8_10,87.0
2026-06-30,Unmapped,Unmapped,Unmapped,Unmapped,Unassigned,CBT003,181_240,Non-Core,7.0
2026-06-30,Unmapped,Unmapped,Unmapped,Unmapped,Unassigned,CBT003,1_30,Core_10_1830,667.0
2026-06-30,Unmapped,Unmapped,Unmapped,Unmapped,Unassigned,CBT003,1_30,Core_8_10,244.0
2026-06-30,Unmapped,Unmapped,Unmapped,Unmapped,Unassigned,CBT003,1_30,Non-Core,11.0
2026-06-30,Unmapped,Unmapped,Unmapped,Unmapped,Unassigned,CBT003,241_300,Core_10_1830,131.0
2026-06-30,Unmapped,Unmapped,Unmapped,Unmapped,Unassigned,CBT003,241_300,Core_8_10,61.0
2026-06-30,Unmapped,Unmapped,Unmapped,Unmapped,Unassigned,CBT003,241_300,Non-Core,7.0
2026-06-30,Unmapped,Unmapped,Unmapped,Unmapped,Unassigned,CBT003,31_60,Core_10_1830,360.0
2026-06-30,Unmapped,Unmapped,Unmapped,Unmapped,Unassigned,CBT003,31_60,Core_8_10,120.0
2026-06-30,Unmapped,Unmapped,Unmapped,Unmapped,Unassigned,CBT003,31_60,Non-Core,11.0
2026-06-30,Unmapped,Unmapped,Unmapped,Unmapped,Unassigned,CBT003,61_90,Core_10_1830,240.0
2026-06-30,Unmapped,Unmapped,Unmapped,Unmapped,Unassigned,CBT003,61_90,Core_8_10,67.0
2026-06-30,Unmapped,Unmapped,Unmapped,Unmapped,Unassigned,CBT003,61_90,Non-Core,9.0
2026-06-30,Unmapped,Unmapped,Unmapped,Unmapped,Unassigned,CBT003,91_120,Core_10_1830,173.0
2026-06-30,Unmapped,Unmapped,Unmapped,Unmapped,Unassigned,CBT003,91_120,Core_8_10,67.0
2026-06-30,Unmapped,Unmapped,Unmapped,Unmapped,Unassigned,CBT003,91_120,Non-Core,7.0
2026-06-30,Unmapped,Unmapped,Unmapped,Unmapped,Unassigned,CBT003,>300,Core_10_1830,460.0
2026-06-30,Unmapped,Unmapped,Unmapped,Unmapped,Unassigned,CBT003,>300,Core_8_10,247.0
2026-06-30,Unmapped,Unmapped,Unmapped,Unmapped,Unassigned,CBT003,>300,Non-Core,16.0
