section,measure,group,value,unit,weighted_base_n,ci95_low,ci95_high,period,source,note
demand_capacity_ledger,"Inbound calls per 1,000 registered patients per month",most_deprived,721,"per 1,000 patients/month",881,,,Oct 2024 - Mar 2026,NHSE cloud-based telephony (via cbt_volumes_panel.csv),practices in both telephony and GPAD panels; ratio of sums (list-size-weighted)
demand_capacity_ledger,"Inbound calls per 1,000 registered patients per month",least_deprived,535,"per 1,000 patients/month",1063,,,Oct 2024 - Mar 2026,NHSE cloud-based telephony (via cbt_volumes_panel.csv),practices in both telephony and GPAD panels; ratio of sums (list-size-weighted)
demand_capacity_ledger,"Answered calls per 1,000 registered patients per month",most_deprived,394,"per 1,000 patients/month",881,,,Oct 2024 - Mar 2026,NHSE cloud-based telephony (via cbt_volumes_panel.csv),practices in both telephony and GPAD panels; ratio of sums (list-size-weighted)
demand_capacity_ledger,"Answered calls per 1,000 registered patients per month",least_deprived,299,"per 1,000 patients/month",1063,,,Oct 2024 - Mar 2026,NHSE cloud-based telephony (via cbt_volumes_panel.csv),practices in both telephony and GPAD panels; ratio of sums (list-size-weighted)
demand_capacity_ledger,"Online consultation submissions per 1,000 registered patients per month",most_deprived,95,"per 1,000 patients/month",881,,,Oct 2024 - Mar 2026,NHSE appointments + OC submissions (via panel_merged.parquet),practices in both telephony and GPAD panels; ratio of sums (list-size-weighted)
demand_capacity_ledger,"Online consultation submissions per 1,000 registered patients per month",least_deprived,119,"per 1,000 patients/month",1063,,,Oct 2024 - Mar 2026,NHSE appointments + OC submissions (via panel_merged.parquet),practices in both telephony and GPAD panels; ratio of sums (list-size-weighted)
demand_capacity_ledger,"Patient-initiated contacts (answered calls + OC) per 1,000 per month",most_deprived,489,"per 1,000 patients/month",881,,,Oct 2024 - Mar 2026,NHSE cloud-based telephony (via cbt_volumes_panel.csv) + NHSE appointments + OC submissions (via panel_merged.parquet),practices in both telephony and GPAD panels; ratio of sums (list-size-weighted)
demand_capacity_ledger,"Patient-initiated contacts (answered calls + OC) per 1,000 per month",least_deprived,418,"per 1,000 patients/month",1063,,,Oct 2024 - Mar 2026,NHSE cloud-based telephony (via cbt_volumes_panel.csv) + NHSE appointments + OC submissions (via panel_merged.parquet),practices in both telephony and GPAD panels; ratio of sums (list-size-weighted)
demand_capacity_ledger,"Appointments delivered per 1,000 registered patients per month",most_deprived,493,"per 1,000 patients/month",881,,,Oct 2024 - Mar 2026,NHSE appointments + OC submissions (via panel_merged.parquet),practices in both telephony and GPAD panels; ratio of sums (list-size-weighted)
demand_capacity_ledger,"Appointments delivered per 1,000 registered patients per month",least_deprived,492,"per 1,000 patients/month",1063,,,Oct 2024 - Mar 2026,NHSE appointments + OC submissions (via panel_merged.parquet),practices in both telephony and GPAD panels; ratio of sums (list-size-weighted)
demand_capacity_ledger,Registered patients aged 65+ (%),most_deprived,13.8,%,881,,,,"NHSE Patients Registered at a GP Practice, Jul 2026 (practice_age_sex.parquet)",practices in both telephony and GPAD panels; ratio of sums (list-size-weighted)
demand_capacity_ledger,Registered patients aged 65+ (%),least_deprived,21.9,%,1063,,,,"NHSE Patients Registered at a GP Practice, Jul 2026 (practice_age_sex.parquet)",practices in both telephony and GPAD panels; ratio of sums (list-size-weighted)
demand_capacity_ledger,QOF recorded diabetes prevalence (%),most_deprived,9.8,%,881,,,,QOF 2024/25 (qof_prevalence_2425.parquet),practices in both telephony and GPAD panels; ratio of sums (list-size-weighted)
demand_capacity_ledger,QOF recorded diabetes prevalence (%),least_deprived,6.6,%,1063,,,,QOF 2024/25 (qof_prevalence_2425.parquet),practices in both telephony and GPAD panels; ratio of sums (list-size-weighted)
demand_capacity_ledger,Practices with telephony data (merged sample),all,4967,practices,,,,Oct 2024 - Mar 2026,NHSE cloud-based telephony (via cbt_volumes_panel.csv),
demand_capacity_ledger,Telephony coverage (share of practices in sample),most_deprived,73,%,,,,,NHSE cloud-based telephony (via cbt_volumes_panel.csv) / Practice-level GPPS x IMD (research/data/xsec_master_2026.parquet),
demand_capacity_ledger,Telephony coverage (share of practices in sample),least_deprived,86,%,,,,,NHSE cloud-based telephony (via cbt_volumes_panel.csv) / Practice-level GPPS x IMD (research/data/xsec_master_2026.parquet),
demand_capacity_ledger,"Fully-qualified GP FTE per 10,000 registered patients",most_deprived,4.29,"FTE per 10,000",1186,,,May 2026,NHSE General Practice Workforce May 2026 (data/gpw_may26) + registered patients Jul 2026,Total GP FTE minus GP-in-training grades; list-size-weighted (ratio of sums)
demand_capacity_ledger,"Fully-qualified GP FTE per 10,000 registered patients",least_deprived,4.92,"FTE per 10,000",1214,,,May 2026,NHSE General Practice Workforce May 2026 (data/gpw_may26) + registered patients Jul 2026,Total GP FTE minus GP-in-training grades; list-size-weighted (ratio of sums)
demand_capacity_ledger,Fully-qualified GP FTE gap (most v least deprived),difference,13,% fewer,,,,May 2026,NHSE General Practice Workforce May 2026 (data/gpw_may26) + registered patients Jul 2026,
demand_capacity_ledger,Funding per need-adjusted registered patient (more deprived v less),difference,7,% less,,,,,"Health Foundation, Level or not? (reader.health.org.uk/level-or-not/analysis)","external published figure, verified verbatim 15 Jul 2026"
need_burden,Weighted respondents with condition limiting day-to-day activities 'a lot' (Q41),most_deprived,25090,weighted respondents,,,,GPPS 2026,GPPS 2026 analysis-tool crosstab exports (data/GPPS_National_Crosstab_*.xlsx),
need_burden,Weighted respondents with condition limiting day-to-day activities 'a lot' (Q41),least_deprived,10009,weighted respondents,,,,GPPS 2026,GPPS 2026 analysis-tool crosstab exports (data/GPPS_National_Crosstab_*.xlsx),
need_burden,GPPS 2026 total responses,all,651257,responses,,,,GPPS 2026,GPPS 2026 (Ipsos/NHS England),re-confirm against 2026 technical annex before publication
cascade_limited_a_lot,Contacted practice in last 3 months (Q8),most_deprived,81.0,%,25090,80.5,81.5,GPPS 2026,GPPS 2026 analysis-tool crosstab exports (data/GPPS_National_Crosstab_*.xlsx),
cascade_limited_a_lot,Contacted practice within 6 months (Q8),most_deprived,91.7,%,25090,91.3,92.0,GPPS 2026,GPPS 2026 analysis-tool crosstab exports (data/GPPS_National_Crosstab_*.xlsx),
cascade_limited_a_lot,Contacted practice in last 3 months (Q8),least_deprived,82.9,%,10009,82.1,83.6,GPPS 2026,GPPS 2026 analysis-tool crosstab exports (data/GPPS_National_Crosstab_*.xlsx),
cascade_limited_a_lot,Contacted practice within 6 months (Q8),least_deprived,92.7,%,10009,92.2,93.2,GPPS 2026,GPPS 2026 analysis-tool crosstab exports (data/GPPS_National_Crosstab_*.xlsx),
cascade_limited_a_lot,"Told to contact practice again another day (Q12), contacts in last 3 months",most_deprived,12.0,%,19315,11.5,12.4,GPPS 2026,GPPS 2026 analysis-tool crosstab exports (data/GPPS_National_Crosstab_*.xlsx),
cascade_limited_a_lot,"Told to contact practice again another day (Q12), contacts in last 3 months",least_deprived,6.8,%,7963,6.3,7.4,GPPS 2026,GPPS 2026 analysis-tool crosstab exports (data/GPPS_National_Crosstab_*.xlsx),
cascade_limited_a_lot,"Told to contact practice again another day (Q12), contacts in last 3 months",gap (most - least),5.2,percentage points,,4.5,5.9,GPPS 2026,GPPS 2026 analysis-tool crosstab exports (data/GPPS_National_Crosstab_*.xlsx),
cascade_limited_a_lot,"Sent to pharmacy / NHS 111 / urgent care (Q14), contacts in last 3 months",most_deprived,13.0,%,14855,12.5,13.6,GPPS 2026,GPPS 2026 analysis-tool crosstab exports (data/GPPS_National_Crosstab_*.xlsx),
cascade_limited_a_lot,"Sent to pharmacy / NHS 111 / urgent care (Q14), contacts in last 3 months",least_deprived,7.0,%,6583,6.4,7.6,GPPS 2026,GPPS 2026 analysis-tool crosstab exports (data/GPPS_National_Crosstab_*.xlsx),
cascade_limited_a_lot,"Sent to pharmacy / NHS 111 / urgent care (Q14), contacts in last 3 months",gap (most - least),6.0,percentage points,,5.2,6.8,GPPS 2026,GPPS 2026 analysis-tool crosstab exports (data/GPPS_National_Crosstab_*.xlsx),
cascade_limited_a_lot,"Needs not met at all (Q31), last appointment in last 3 months, excl. don't know",most_deprived,15.1,%,17062,14.5,15.6,GPPS 2026,GPPS 2026 analysis-tool crosstab exports (data/GPPS_National_Crosstab_*.xlsx),
cascade_limited_a_lot,"Needs not met at all (Q31), last appointment in last 3 months, excl. don't know",least_deprived,13.6,%,6899,12.8,14.4,GPPS 2026,GPPS 2026 analysis-tool crosstab exports (data/GPPS_National_Crosstab_*.xlsx),
cascade_limited_a_lot,"Needs not met at all (Q31), last appointment in last 3 months, excl. don't know",gap (most - least),1.5,percentage points,,0.5,2.5,GPPS 2026,GPPS 2026 analysis-tool crosstab exports (data/GPPS_National_Crosstab_*.xlsx),
comeback_by_limitation,Told to come back another day (Q12) by limitation (Q41),"most_deprived / limited: Yes, a lot",12.0,%,19315,11.5,12.4,GPPS 2026,GPPS 2026 analysis-tool crosstab exports (data/GPPS_National_Crosstab_*.xlsx),
diversion_by_limitation,Sent elsewhere (Q14) by limitation (Q41),"most_deprived / limited: Yes, a lot",13.0,%,14855,12.5,13.6,GPPS 2026,GPPS 2026 analysis-tool crosstab exports (data/GPPS_National_Crosstab_*.xlsx),
comeback_by_limitation,Told to come back another day (Q12) by limitation (Q41),"most_deprived / limited: Yes, a little",9.7,%,22131,9.3,10.1,GPPS 2026,GPPS 2026 analysis-tool crosstab exports (data/GPPS_National_Crosstab_*.xlsx),
diversion_by_limitation,Sent elsewhere (Q14) by limitation (Q41),"most_deprived / limited: Yes, a little",11.7,%,17903,11.2,12.1,GPPS 2026,GPPS 2026 analysis-tool crosstab exports (data/GPPS_National_Crosstab_*.xlsx),
comeback_by_limitation,Told to come back another day (Q12) by limitation (Q41),"most_deprived / limited: No, not at all",6.3,%,14872,5.9,6.6,GPPS 2026,GPPS 2026 analysis-tool crosstab exports (data/GPPS_National_Crosstab_*.xlsx),
diversion_by_limitation,Sent elsewhere (Q14) by limitation (Q41),"most_deprived / limited: No, not at all",12.7,%,12776,12.1,13.3,GPPS 2026,GPPS 2026 analysis-tool crosstab exports (data/GPPS_National_Crosstab_*.xlsx),
comeback_by_limitation,Told to come back another day (Q12) by limitation (Q41),"least_deprived / limited: Yes, a lot",6.8,%,7963,6.3,7.4,GPPS 2026,GPPS 2026 analysis-tool crosstab exports (data/GPPS_National_Crosstab_*.xlsx),
diversion_by_limitation,Sent elsewhere (Q14) by limitation (Q41),"least_deprived / limited: Yes, a lot",7.0,%,6583,6.4,7.6,GPPS 2026,GPPS 2026 analysis-tool crosstab exports (data/GPPS_National_Crosstab_*.xlsx),
comeback_by_limitation,Told to come back another day (Q12) by limitation (Q41),"least_deprived / limited: Yes, a little",5.8,%,20161,5.5,6.1,GPPS 2026,GPPS 2026 analysis-tool crosstab exports (data/GPPS_National_Crosstab_*.xlsx),
diversion_by_limitation,Sent elsewhere (Q14) by limitation (Q41),"least_deprived / limited: Yes, a little",5.9,%,17372,5.6,6.3,GPPS 2026,GPPS 2026 analysis-tool crosstab exports (data/GPPS_National_Crosstab_*.xlsx),
comeback_by_limitation,Told to come back another day (Q12) by limitation (Q41),"least_deprived / limited: No, not at all",3.7,%,21951,3.4,3.9,GPPS 2026,GPPS 2026 analysis-tool crosstab exports (data/GPPS_National_Crosstab_*.xlsx),
diversion_by_limitation,Sent elsewhere (Q14) by limitation (Q41),"least_deprived / limited: No, not at all",5.3,%,19949,5.0,5.6,GPPS 2026,GPPS 2026 analysis-tool crosstab exports (data/GPPS_National_Crosstab_*.xlsx),
comeback_by_condition,Told to come back another day (Q12): Another long-term condition or illness,most_deprived,10.6,%,21207,10.2,11.1,GPPS 2026,GPPS 2026 analysis-tool crosstab exports (data/GPPS_National_Crosstab_*.xlsx),post cites learning disability (most deprived) and cancer (least deprived)
comeback_by_condition,Told to come back another day (Q12): Another long-term condition or illness,least_deprived,5.9,%,18965,5.6,6.2,GPPS 2026,GPPS 2026 analysis-tool crosstab exports (data/GPPS_National_Crosstab_*.xlsx),post cites learning disability (most deprived) and cancer (least deprived)
comeback_by_condition,Told to come back another day (Q12): Arthritis or problem with your back or joints,most_deprived,10.2,%,28752,9.8,10.5,GPPS 2026,GPPS 2026 analysis-tool crosstab exports (data/GPPS_National_Crosstab_*.xlsx),post cites learning disability (most deprived) and cancer (least deprived)
comeback_by_condition,Told to come back another day (Q12): Arthritis or problem with your back or joints,least_deprived,5.2,%,23546,5.0,5.5,GPPS 2026,GPPS 2026 analysis-tool crosstab exports (data/GPPS_National_Crosstab_*.xlsx),post cites learning disability (most deprived) and cancer (least deprived)
comeback_by_condition,Told to come back another day (Q12): Autism or autism spectrum condition,most_deprived,11.9,%,4831,11.0,12.8,GPPS 2026,GPPS 2026 analysis-tool crosstab exports (data/GPPS_National_Crosstab_*.xlsx),post cites learning disability (most deprived) and cancer (least deprived)
comeback_by_condition,Told to come back another day (Q12): Autism or autism spectrum condition,least_deprived,6.3,%,2473,5.4,7.3,GPPS 2026,GPPS 2026 analysis-tool crosstab exports (data/GPPS_National_Crosstab_*.xlsx),post cites learning disability (most deprived) and cancer (least deprived)
comeback_by_condition,Told to come back another day (Q12): Blindness or partial sight,most_deprived,9.4,%,1935,8.1,10.7,GPPS 2026,GPPS 2026 analysis-tool crosstab exports (data/GPPS_National_Crosstab_*.xlsx),post cites learning disability (most deprived) and cancer (least deprived)
comeback_by_condition,Told to come back another day (Q12): Blindness or partial sight,least_deprived,6.9,%,1325,5.6,8.3,GPPS 2026,GPPS 2026 analysis-tool crosstab exports (data/GPPS_National_Crosstab_*.xlsx),post cites learning disability (most deprived) and cancer (least deprived)
comeback_by_condition,Told to come back another day (Q12): Cancer in the last five years,most_deprived,7.8,%,3165,6.9,8.7,GPPS 2026,GPPS 2026 analysis-tool crosstab exports (data/GPPS_National_Crosstab_*.xlsx),post cites learning disability (most deprived) and cancer (least deprived)
comeback_by_condition,Told to come back another day (Q12): Cancer in the last five years,least_deprived,4.4,%,4842,3.8,5.0,GPPS 2026,GPPS 2026 analysis-tool crosstab exports (data/GPPS_National_Crosstab_*.xlsx),post cites learning disability (most deprived) and cancer (least deprived)
comeback_by_condition,Told to come back another day (Q12): Deafness or hearing loss,most_deprived,10.0,%,6271,9.3,10.8,GPPS 2026,GPPS 2026 analysis-tool crosstab exports (data/GPPS_National_Crosstab_*.xlsx),post cites learning disability (most deprived) and cancer (least deprived)
comeback_by_condition,Told to come back another day (Q12): Deafness or hearing loss,least_deprived,4.7,%,7709,4.2,5.2,GPPS 2026,GPPS 2026 analysis-tool crosstab exports (data/GPPS_National_Crosstab_*.xlsx),post cites learning disability (most deprived) and cancer (least deprived)
comeback_by_condition,Told to come back another day (Q12): Dementia or Alzheimer’s disease,most_deprived,10.8,%,593,8.3,13.3,GPPS 2026,GPPS 2026 analysis-tool crosstab exports (data/GPPS_National_Crosstab_*.xlsx),post cites learning disability (most deprived) and cancer (least deprived)
comeback_by_condition,Told to come back another day (Q12): Dementia or Alzheimer’s disease,least_deprived,3.4,%,649,2.0,4.8,GPPS 2026,GPPS 2026 analysis-tool crosstab exports (data/GPPS_National_Crosstab_*.xlsx),post cites learning disability (most deprived) and cancer (least deprived)
comeback_by_condition,Told to come back another day (Q12): Diabetes,most_deprived,8.6,%,12075,8.1,9.1,GPPS 2026,GPPS 2026 analysis-tool crosstab exports (data/GPPS_National_Crosstab_*.xlsx),post cites learning disability (most deprived) and cancer (least deprived)
comeback_by_condition,Told to come back another day (Q12): Diabetes,least_deprived,5.2,%,7024,4.7,5.7,GPPS 2026,GPPS 2026 analysis-tool crosstab exports (data/GPPS_National_Crosstab_*.xlsx),post cites learning disability (most deprived) and cancer (least deprived)
comeback_by_condition,Told to come back another day (Q12): Heart or cardiovascular condition,most_deprived,10.0,%,7892,9.3,10.7,GPPS 2026,GPPS 2026 analysis-tool crosstab exports (data/GPPS_National_Crosstab_*.xlsx),post cites learning disability (most deprived) and cancer (least deprived)
comeback_by_condition,Told to come back another day (Q12): Heart or cardiovascular condition,least_deprived,4.4,%,8660,4.0,4.9,GPPS 2026,GPPS 2026 analysis-tool crosstab exports (data/GPPS_National_Crosstab_*.xlsx),post cites learning disability (most deprived) and cancer (least deprived)
comeback_by_condition,Told to come back another day (Q12): High blood pressure,most_deprived,8.4,%,21458,8.1,8.8,GPPS 2026,GPPS 2026 analysis-tool crosstab exports (data/GPPS_National_Crosstab_*.xlsx),post cites learning disability (most deprived) and cancer (least deprived)
comeback_by_condition,Told to come back another day (Q12): High blood pressure,least_deprived,4.9,%,20617,4.6,5.2,GPPS 2026,GPPS 2026 analysis-tool crosstab exports (data/GPPS_National_Crosstab_*.xlsx),post cites learning disability (most deprived) and cancer (least deprived)
comeback_by_condition,Told to come back another day (Q12): I don’t have any long-term conditions,most_deprived,8.4,%,41800,8.2,8.7,GPPS 2026,GPPS 2026 analysis-tool crosstab exports (data/GPPS_National_Crosstab_*.xlsx),post cites learning disability (most deprived) and cancer (least deprived)
comeback_by_condition,Told to come back another day (Q12): I don’t have any long-term conditions,least_deprived,4.9,%,39535,4.7,5.1,GPPS 2026,GPPS 2026 analysis-tool crosstab exports (data/GPPS_National_Crosstab_*.xlsx),post cites learning disability (most deprived) and cancer (least deprived)
comeback_by_condition,Told to come back another day (Q12): Kidney or liver disease,most_deprived,11.5,%,4132,10.5,12.4,GPPS 2026,GPPS 2026 analysis-tool crosstab exports (data/GPPS_National_Crosstab_*.xlsx),post cites learning disability (most deprived) and cancer (least deprived)
comeback_by_condition,Told to come back another day (Q12): Kidney or liver disease,least_deprived,5.6,%,2706,4.7,6.5,GPPS 2026,GPPS 2026 analysis-tool crosstab exports (data/GPPS_National_Crosstab_*.xlsx),post cites learning disability (most deprived) and cancer (least deprived)
comeback_by_condition,Told to come back another day (Q12): Learning disability,most_deprived,13.1,%,3474,12.0,14.2,GPPS 2026,GPPS 2026 analysis-tool crosstab exports (data/GPPS_National_Crosstab_*.xlsx),post cites learning disability (most deprived) and cancer (least deprived)
comeback_by_condition,Told to come back another day (Q12): Learning disability,least_deprived,7.3,%,1252,5.9,8.8,GPPS 2026,GPPS 2026 analysis-tool crosstab exports (data/GPPS_National_Crosstab_*.xlsx),post cites learning disability (most deprived) and cancer (least deprived)
comeback_by_condition,Told to come back another day (Q12): Lung or breathing condition,most_deprived,11.0,%,11063,10.4,11.6,GPPS 2026,GPPS 2026 analysis-tool crosstab exports (data/GPPS_National_Crosstab_*.xlsx),post cites learning disability (most deprived) and cancer (least deprived)
comeback_by_condition,Told to come back another day (Q12): Lung or breathing condition,least_deprived,5.5,%,8364,5.0,6.0,GPPS 2026,GPPS 2026 analysis-tool crosstab exports (data/GPPS_National_Crosstab_*.xlsx),post cites learning disability (most deprived) and cancer (least deprived)
comeback_by_condition,Told to come back another day (Q12): Mental health condition,most_deprived,11.1,%,22149,10.7,11.5,GPPS 2026,GPPS 2026 analysis-tool crosstab exports (data/GPPS_National_Crosstab_*.xlsx),post cites learning disability (most deprived) and cancer (least deprived)
comeback_by_condition,Told to come back another day (Q12): Mental health condition,least_deprived,6.8,%,10789,6.3,7.3,GPPS 2026,GPPS 2026 analysis-tool crosstab exports (data/GPPS_National_Crosstab_*.xlsx),post cites learning disability (most deprived) and cancer (least deprived)
comeback_by_condition,Told to come back another day (Q12): Neurological condition,most_deprived,11.5,%,5641,10.7,12.3,GPPS 2026,GPPS 2026 analysis-tool crosstab exports (data/GPPS_National_Crosstab_*.xlsx),post cites learning disability (most deprived) and cancer (least deprived)
comeback_by_condition,Told to come back another day (Q12): Neurological condition,least_deprived,5.8,%,3905,5.0,6.5,GPPS 2026,GPPS 2026 analysis-tool crosstab exports (data/GPPS_National_Crosstab_*.xlsx),post cites learning disability (most deprived) and cancer (least deprived)
comeback_by_condition,Told to come back another day (Q12): Stroke or TIA (Transient Ischemic Attack),most_deprived,9.8,%,1645,8.4,11.3,GPPS 2026,GPPS 2026 analysis-tool crosstab exports (data/GPPS_National_Crosstab_*.xlsx),post cites learning disability (most deprived) and cancer (least deprived)
comeback_by_condition,Told to come back another day (Q12): Stroke or TIA (Transient Ischemic Attack),least_deprived,4.8,%,1625,3.8,5.8,GPPS 2026,GPPS 2026 analysis-tool crosstab exports (data/GPPS_National_Crosstab_*.xlsx),post cites learning disability (most deprived) and cancer (least deprived)
trend,"Told to come back another day, national (all patients)",national,9.4,%,,,,2024,GPPS national results and trends 2024-2026 (data/GPPS_2026_National_results_and_trends_PUBLIC.xlsx),
trend,"Told to come back another day, national (all patients)",national,8.8,%,,,,2025,GPPS national results and trends 2024-2026 (data/GPPS_2026_National_results_and_trends_PUBLIC.xlsx),
trend,"Told to come back another day, national (all patients)",national,7.0,%,,,,2026,GPPS national results and trends 2024-2026 (data/GPPS_2026_National_results_and_trends_PUBLIC.xlsx),
trend,"Told to come back another day, practice-level (all respondents)",most_deprived,12.6,%,,,,2025,Practice-level GPPS x IMD (research/data/xsec_master_2026.parquet),"practice-level weighted GPPS joined to IMD quintiles, list-size-weighted"
trend,"Told to come back another day, practice-level (all respondents)",least_deprived,6.9,%,,,,2025,Practice-level GPPS x IMD (research/data/xsec_master_2026.parquet),"practice-level weighted GPPS joined to IMD quintiles, list-size-weighted"
trend,"Told to come back another day, practice-level (all respondents)",most_deprived,10.0,%,,,,2026,Practice-level GPPS x IMD (research/data/xsec_master_2026.parquet),"practice-level weighted GPPS joined to IMD quintiles, list-size-weighted"
trend,"Told to come back another day, practice-level (all respondents)",least_deprived,5.1,%,,,,2026,Practice-level GPPS x IMD (research/data/xsec_master_2026.parquet),"practice-level weighted GPPS joined to IMD quintiles, list-size-weighted"
age_band_robustness,Come-back rate (Q12) by age band,most_deprived / 16 to 24,10.4,%,,,,GPPS 2026,GPPS 2026 analysis-tool crosstab exports (data/GPPS_National_Crosstab_*.xlsx),
age_band_robustness,Come-back rate (Q12) by age band,least_deprived / 16 to 24,6.4,%,,,,GPPS 2026,GPPS 2026 analysis-tool crosstab exports (data/GPPS_National_Crosstab_*.xlsx),
age_band_robustness,Come-back gap by age band,gap / 16 to 24,4.0,percentage points,,,,GPPS 2026,GPPS 2026 analysis-tool crosstab exports (data/GPPS_National_Crosstab_*.xlsx),
age_band_robustness,Diversion rate (Q14) by age band,most_deprived / 16 to 24,15.4,%,,,,GPPS 2026,GPPS 2026 analysis-tool crosstab exports (data/GPPS_National_Crosstab_*.xlsx),
age_band_robustness,Diversion rate (Q14) by age band,least_deprived / 16 to 24,8.6,%,,,,GPPS 2026,GPPS 2026 analysis-tool crosstab exports (data/GPPS_National_Crosstab_*.xlsx),
age_band_robustness,Diversion gap by age band,gap / 16 to 24,6.8,percentage points,,,,GPPS 2026,GPPS 2026 analysis-tool crosstab exports (data/GPPS_National_Crosstab_*.xlsx),
age_band_robustness,Come-back rate (Q12) by age band,most_deprived / 25 to 34,9.8,%,,,,GPPS 2026,GPPS 2026 analysis-tool crosstab exports (data/GPPS_National_Crosstab_*.xlsx),
age_band_robustness,Come-back rate (Q12) by age band,least_deprived / 25 to 34,5.9,%,,,,GPPS 2026,GPPS 2026 analysis-tool crosstab exports (data/GPPS_National_Crosstab_*.xlsx),
age_band_robustness,Come-back gap by age band,gap / 25 to 34,3.9,percentage points,,,,GPPS 2026,GPPS 2026 analysis-tool crosstab exports (data/GPPS_National_Crosstab_*.xlsx),
age_band_robustness,Diversion rate (Q14) by age band,most_deprived / 25 to 34,14.5,%,,,,GPPS 2026,GPPS 2026 analysis-tool crosstab exports (data/GPPS_National_Crosstab_*.xlsx),
age_band_robustness,Diversion rate (Q14) by age band,least_deprived / 25 to 34,7.7,%,,,,GPPS 2026,GPPS 2026 analysis-tool crosstab exports (data/GPPS_National_Crosstab_*.xlsx),
age_band_robustness,Diversion gap by age band,gap / 25 to 34,6.8,percentage points,,,,GPPS 2026,GPPS 2026 analysis-tool crosstab exports (data/GPPS_National_Crosstab_*.xlsx),
age_band_robustness,Come-back rate (Q12) by age band,most_deprived / 35 to 44,10.7,%,,,,GPPS 2026,GPPS 2026 analysis-tool crosstab exports (data/GPPS_National_Crosstab_*.xlsx),
age_band_robustness,Come-back rate (Q12) by age band,least_deprived / 35 to 44,6.2,%,,,,GPPS 2026,GPPS 2026 analysis-tool crosstab exports (data/GPPS_National_Crosstab_*.xlsx),
age_band_robustness,Come-back gap by age band,gap / 35 to 44,4.5,percentage points,,,,GPPS 2026,GPPS 2026 analysis-tool crosstab exports (data/GPPS_National_Crosstab_*.xlsx),
age_band_robustness,Diversion rate (Q14) by age band,most_deprived / 35 to 44,16.4,%,,,,GPPS 2026,GPPS 2026 analysis-tool crosstab exports (data/GPPS_National_Crosstab_*.xlsx),
age_band_robustness,Diversion rate (Q14) by age band,least_deprived / 35 to 44,8.2,%,,,,GPPS 2026,GPPS 2026 analysis-tool crosstab exports (data/GPPS_National_Crosstab_*.xlsx),
age_band_robustness,Diversion gap by age band,gap / 35 to 44,8.2,percentage points,,,,GPPS 2026,GPPS 2026 analysis-tool crosstab exports (data/GPPS_National_Crosstab_*.xlsx),
age_band_robustness,Come-back rate (Q12) by age band,most_deprived / 45 to 54,9.7,%,,,,GPPS 2026,GPPS 2026 analysis-tool crosstab exports (data/GPPS_National_Crosstab_*.xlsx),
age_band_robustness,Come-back rate (Q12) by age band,least_deprived / 45 to 54,5.6,%,,,,GPPS 2026,GPPS 2026 analysis-tool crosstab exports (data/GPPS_National_Crosstab_*.xlsx),
age_band_robustness,Come-back gap by age band,gap / 45 to 54,4.1,percentage points,,,,GPPS 2026,GPPS 2026 analysis-tool crosstab exports (data/GPPS_National_Crosstab_*.xlsx),
age_band_robustness,Diversion rate (Q14) by age band,most_deprived / 45 to 54,12.9,%,,,,GPPS 2026,GPPS 2026 analysis-tool crosstab exports (data/GPPS_National_Crosstab_*.xlsx),
age_band_robustness,Diversion rate (Q14) by age band,least_deprived / 45 to 54,6.6,%,,,,GPPS 2026,GPPS 2026 analysis-tool crosstab exports (data/GPPS_National_Crosstab_*.xlsx),
age_band_robustness,Diversion gap by age band,gap / 45 to 54,6.3,percentage points,,,,GPPS 2026,GPPS 2026 analysis-tool crosstab exports (data/GPPS_National_Crosstab_*.xlsx),
age_band_robustness,Come-back rate (Q12) by age band,most_deprived / 55 to 64,8.3,%,,,,GPPS 2026,GPPS 2026 analysis-tool crosstab exports (data/GPPS_National_Crosstab_*.xlsx),
age_band_robustness,Come-back rate (Q12) by age band,least_deprived / 55 to 64,4.8,%,,,,GPPS 2026,GPPS 2026 analysis-tool crosstab exports (data/GPPS_National_Crosstab_*.xlsx),
age_band_robustness,Come-back gap by age band,gap / 55 to 64,3.5,percentage points,,,,GPPS 2026,GPPS 2026 analysis-tool crosstab exports (data/GPPS_National_Crosstab_*.xlsx),
age_band_robustness,Diversion rate (Q14) by age band,most_deprived / 55 to 64,9.2,%,,,,GPPS 2026,GPPS 2026 analysis-tool crosstab exports (data/GPPS_National_Crosstab_*.xlsx),
age_band_robustness,Diversion rate (Q14) by age band,least_deprived / 55 to 64,5.0,%,,,,GPPS 2026,GPPS 2026 analysis-tool crosstab exports (data/GPPS_National_Crosstab_*.xlsx),
age_band_robustness,Diversion gap by age band,gap / 55 to 64,4.2,percentage points,,,,GPPS 2026,GPPS 2026 analysis-tool crosstab exports (data/GPPS_National_Crosstab_*.xlsx),
age_band_robustness,Come-back rate (Q12) by age band,most_deprived / 65 to 74,8.2,%,,,,GPPS 2026,GPPS 2026 analysis-tool crosstab exports (data/GPPS_National_Crosstab_*.xlsx),
age_band_robustness,Come-back rate (Q12) by age band,least_deprived / 65 to 74,4.2,%,,,,GPPS 2026,GPPS 2026 analysis-tool crosstab exports (data/GPPS_National_Crosstab_*.xlsx),
age_band_robustness,Come-back gap by age band,gap / 65 to 74,4.0,percentage points,,,,GPPS 2026,GPPS 2026 analysis-tool crosstab exports (data/GPPS_National_Crosstab_*.xlsx),
age_band_robustness,Diversion rate (Q14) by age band,most_deprived / 65 to 74,7.7,%,,,,GPPS 2026,GPPS 2026 analysis-tool crosstab exports (data/GPPS_National_Crosstab_*.xlsx),
age_band_robustness,Diversion rate (Q14) by age band,least_deprived / 65 to 74,4.7,%,,,,GPPS 2026,GPPS 2026 analysis-tool crosstab exports (data/GPPS_National_Crosstab_*.xlsx),
age_band_robustness,Diversion gap by age band,gap / 65 to 74,3.0,percentage points,,,,GPPS 2026,GPPS 2026 analysis-tool crosstab exports (data/GPPS_National_Crosstab_*.xlsx),
age_band_robustness,Come-back rate (Q12) by age band,most_deprived / 75 to 84,6.1,%,,,,GPPS 2026,GPPS 2026 analysis-tool crosstab exports (data/GPPS_National_Crosstab_*.xlsx),
age_band_robustness,Come-back rate (Q12) by age band,least_deprived / 75 to 84,3.6,%,,,,GPPS 2026,GPPS 2026 analysis-tool crosstab exports (data/GPPS_National_Crosstab_*.xlsx),
age_band_robustness,Come-back gap by age band,gap / 75 to 84,2.5,percentage points,,,,GPPS 2026,GPPS 2026 analysis-tool crosstab exports (data/GPPS_National_Crosstab_*.xlsx),
age_band_robustness,Diversion rate (Q14) by age band,most_deprived / 75 to 84,6.2,%,,,,GPPS 2026,GPPS 2026 analysis-tool crosstab exports (data/GPPS_National_Crosstab_*.xlsx),
age_band_robustness,Diversion rate (Q14) by age band,least_deprived / 75 to 84,5.3,%,,,,GPPS 2026,GPPS 2026 analysis-tool crosstab exports (data/GPPS_National_Crosstab_*.xlsx),
age_band_robustness,Diversion gap by age band,gap / 75 to 84,0.9,percentage points,,,,GPPS 2026,GPPS 2026 analysis-tool crosstab exports (data/GPPS_National_Crosstab_*.xlsx),
age_band_robustness,Come-back rate (Q12) by age band,most_deprived / 85 or over,5.7,%,,,,GPPS 2026,GPPS 2026 analysis-tool crosstab exports (data/GPPS_National_Crosstab_*.xlsx),
age_band_robustness,Come-back rate (Q12) by age band,least_deprived / 85 or over,3.5,%,,,,GPPS 2026,GPPS 2026 analysis-tool crosstab exports (data/GPPS_National_Crosstab_*.xlsx),
age_band_robustness,Come-back gap by age band,gap / 85 or over,2.2,percentage points,,,,GPPS 2026,GPPS 2026 analysis-tool crosstab exports (data/GPPS_National_Crosstab_*.xlsx),
age_band_robustness,Diversion rate (Q14) by age band,most_deprived / 85 or over,9.0,%,,,,GPPS 2026,GPPS 2026 analysis-tool crosstab exports (data/GPPS_National_Crosstab_*.xlsx),
age_band_robustness,Diversion rate (Q14) by age band,least_deprived / 85 or over,5.4,%,,,,GPPS 2026,GPPS 2026 analysis-tool crosstab exports (data/GPPS_National_Crosstab_*.xlsx),
age_band_robustness,Diversion gap by age band,gap / 85 or over,3.6,percentage points,,,,GPPS 2026,GPPS 2026 analysis-tool crosstab exports (data/GPPS_National_Crosstab_*.xlsx),
