area_code,area_name,la_type,chronic_acsc_value,chronic_acsc_count,chronic_acsc_denominator,chronic_acsc_lower_ci95,chronic_acsc_upper_ci95,chronic_acsc_note,chronic_acsc_period,acute_notusual_adm_value,acute_notusual_adm_count,acute_notusual_adm_denominator,acute_notusual_adm_lower_ci95,acute_notusual_adm_upper_ci95,acute_notusual_adm_note,acute_notusual_adm_period,child_lrti_adm_value,child_lrti_adm_count,child_lrti_adm_denominator,child_lrti_adm_lower_ci95,child_lrti_adm_upper_ci95,child_lrti_adm_note,child_lrti_adm_period,spend_emergency_planning_value,spend_emergency_planning_count,spend_emergency_planning_denominator,spend_emergency_planning_lower_ci95,spend_emergency_planning_upper_ci95,spend_emergency_planning_note,spend_emergency_planning_period
E06000001,Hartlepool,UA,119.2,,,,,,2020/21,1280.5,,,,,,2020/21,84.5,,,,,,2020/21,256.0,,,,,,2020/21
E06000002,Middlesbrough,UA,292.4,,,,,,2020/21,1216.6,,,,,,2020/21,84.8,,,,,,2020/21,45.0,,,,,,2020/21
E06000003,Redcar and Cleveland,UA,235.4,,,,,,2020/21,1067.7,,,,,,2020/21,80.4,,,,,,2020/21,96.0,,,,,,2020/21
E06000004,Stockton-on-Tees,UA,184.5,,,,,,2020/21,1237.2,,,,,,2020/21,86.5,,,,,,2020/21,106.0,,,,,,2020/21
E06000005,Darlington,UA,220.8,,,,,,2020/21,1036.6,,,,,,2020/21,176.5,,,,,,2020/21,79.0,,,,,,2020/21
E06000006,Halton,UA,181.6,,,,,,2020/21,1198.6,,,,,,2020/21,84.6,,,,,,2020/21,0.0,,,,,,2020/21
E06000007,Warrington,UA,137.7,,,,,,2020/21,875.8,,,,,,2020/21,110.8,,,,,,2020/21,0.0,,,,,,2020/21
E06000008,Blackburn with Darwen,UA,246.2,,,,,,2020/21,1354.3,,,,,,2020/21,103.9,,,,,,2020/21,280.0,,,,,,2020/21
E06000009,Blackpool,UA,247.0,,,,,,2020/21,1281.1,,,,,,2020/21,190.4,,,,,,2020/21,100.0,,,,,,2020/21
E06000010,Kingston upon Hull,UA,126.9,,,,,,2020/21,988.3,,,,,,2020/21,85.0,,,,,,2020/21,153.0,,,,,,2020/21
E06000011,East Riding of Yorkshire,UA,158.3,,,,,,2020/21,841.4,,,,,,2020/21,74.8,,,,,,2020/21,882.0,,,,,,2020/21
E06000012,North East Lincolnshire,UA,171.3,,,,,,2020/21,825.2,,,,,,2020/21,39.6,,,,,,2020/21,338.0,,,,,,2020/21
E06000013,North Lincolnshire,UA,183.4,,,,,,2020/21,1064.5,,,,,,2020/21,51.2,,,,,,2020/21,66.0,,,,,,2020/21
E06000014,York,UA,156.8,,,,,,2020/21,922.3,,,,,,2020/21,86.1,,,,,,2020/21,176.0,,,,,,2020/21
E06000015,Derby,UA,113.2,,,,,,2020/21,894.6,,,,,,2020/21,41.1,,,,,,2020/21,208.0,,,,,,2020/21
E06000016,Leicester,UA,156.1,,,,,,2020/21,846.5,,,,,,2020/21,33.4,,,,,,2020/21,224.0,,,,,,2020/21
E06000017,Rutland,UA,123.7,,,,,,2020/21,490.3,,,,,,2020/21,,,,,,Value suppressed for disclosure control due to small count,2020/21,39.0,,,,,,2020/21
E06000018,Nottingham,UA,161.3,,,,,,2020/21,820.4,,,,,,2020/21,71.1,,,,,,2020/21,260.0,,,,,,2020/21
E06000019,Herefordshire,UA,206.1,,,,,,2020/21,754.0,,,,,,2020/21,37.5,,,,,,2020/21,2843.0,,,,,,2020/21
E06000020,Telford and Wrekin,UA,93.6,,,,,,2020/21,524.2,,,,,,2020/21,43.5,,,,,,2020/21,142.0,,,,,,2020/21
E06000021,Stoke-on-Trent,UA,228.5,,,,,,2020/21,1189.5,,,,,,2020/21,78.4,,,,,,2020/21,47.0,,,,,,2020/21
E06000022,Bath and North East Somerset,UA,187.2,,,,,,2020/21,700.5,,,,,,2020/21,143.6,,,,,,2020/21,739.0,,,,,,2020/21
E06000023,Bristol,UA,198.3,,,,,,2020/21,751.4,,,,,,2020/21,50.2,,,,,,2020/21,487.0,,,,,,2020/21
E06000024,North Somerset,UA,167.3,,,,,,2020/21,532.6,,,,,,2020/21,75.8,,,,,,2020/21,84.0,,,,,,2020/21
E06000025,South Gloucestershire,UA,110.7,,,,,,2020/21,643.2,,,,,,2020/21,58.5,,,,,,2020/21,0.0,,,,,,2020/21
E06000026,Plymouth,UA,256.1,,,,,,2020/21,897.6,,,,,,2020/21,79.4,,,,,,2020/21,130.0,,,,,,2020/21
E06000027,Torbay,UA,261.7,,,,,,2020/21,1063.2,,,,,,2020/21,104.1,,,,,,2020/21,127.0,,,,,,2020/21
E06000030,Swindon,UA,205.0,,,,,,2020/21,1027.1,,,,,,2020/21,75.7,,,,,,2020/21,182.0,,,,,,2020/21
E06000031,Peterborough,UA,191.8,,,,,,2020/21,868.2,,,,,,2020/21,55.6,,,,,,2020/21,187.0,,,,,,2020/21
E06000032,Luton,UA,431.1,,,,,,2020/21,1393.4,,,,,,2020/21,126.1,,,,,,2020/21,113.0,,,,,,2020/21
E06000033,Southend-on-Sea,UA,136.0,,,,,,2020/21,898.6,,,,,,2020/21,,,,,,Value suppressed for disclosure control due to small count,2020/21,265.0,,,,,,2020/21
E06000034,Thurrock,UA,176.0,,,,,,2020/21,755.0,,,,,,2020/21,38.6,,,,,,2020/21,287.0,,,,,,2020/21
E06000035,Medway,UA,262.8,,,,,,2020/21,909.6,,,,,,2020/21,102.2,,,,,,2020/21,,,,,,,2020/21
E06000036,Bracknell Forest,UA,126.8,,,,,,2020/21,660.6,,,,,,2020/21,47.7,,,,,,2020/21,82.0,,,,,,2020/21
E06000037,West Berkshire,UA,130.0,,,,,,2020/21,690.3,,,,,,2020/21,93.6,,,,,,2020/21,110.0,,,,,,2020/21
E06000038,Reading,UA,122.8,,,,,,2020/21,814.1,,,,,,2020/21,63.7,,,,,,2020/21,,,,,,,2020/21
E06000039,Slough,UA,173.0,,,,,,2020/21,573.1,,,,,,2020/21,132.8,,,,,,2020/21,,,,,,,2020/21
E06000040,Windsor and Maidenhead,UA,122.5,,,,,,2020/21,464.8,,,,,,2020/21,107.6,,,,,,2020/21,153.0,,,,,,2020/21
E06000041,Wokingham,UA,118.1,,,,,,2020/21,653.4,,,,,,2020/21,105.2,,,,,,2020/21,51.0,,,,,,2020/21
E06000042,Milton Keynes,UA,160.5,,,,,,2020/21,615.8,,,,,,2020/21,114.9,,,,,,2020/21,-127.0,,,,,,2020/21
E06000043,Brighton and Hove,UA,97.4,,,,,,2020/21,639.0,,,,,,2020/21,91.0,,,,,,2020/21,157.0,,,,,,2020/21
E06000044,Portsmouth,UA,159.5,,,,,,2020/21,799.4,,,,,,2020/21,70.3,,,,,,2020/21,205.0,,,,,,2020/21
E06000045,Southampton,UA,160.2,,,,,,2020/21,1034.8,,,,,,2020/21,62.1,,,,,,2020/21,143.0,,,,,,2020/21
E06000046,Isle of Wight,UA,135.8,,,,,,2020/21,802.4,,,,,,2020/21,109.8,,,,,,2020/21,3515.0,,,,,,2020/21
E06000047,County Durham,UA,217.7,,,,,,2020/21,949.0,,,,,,2020/21,65.5,,,,,,2020/21,229.0,,,,,,2020/21
E06000049,Cheshire East,UA,224.5,,,,,,2020/21,976.3,,,,,,2020/21,112.8,,,,,,2020/21,113.0,,,,,,2020/21
E06000050,Cheshire West and Chester,UA,200.6,,,,,,2020/21,1001.9,,,,,,2020/21,165.0,,,,,,2020/21,127.0,,,,,,2020/21
E06000051,Shropshire,UA,85.8,,,,,,2020/21,522.7,,,,,,2020/21,28.3,,,,,,2020/21,5.0,,,,,,2020/21
E06000052,Cornwall,UA,151.9,,,,,,2020/21,719.5,,,,,,2020/21,,,,,,,2020/21,735.0,,,,,,2020/21
E06000053,Isles of Scilly,UA,,,,,,Value suppressed for disclosure control due to small count,2020/21,455.9,,,,,,2020/21,,,,,,,2020/21,0.0,,,,,,2020/21
E06000054,Wiltshire,UA,166.5,,,,,,2020/21,767.6,,,,,,2020/21,76.7,,,,,,2020/21,0.0,,,,,,2020/21
E06000055,Bedford,UA,245.4,,,,,,2020/21,1007.7,,,,,,2020/21,93.2,,,,,,2020/21,196.0,,,,,,2020/21
E06000056,Central Bedfordshire,UA,143.5,,,,,,2020/21,897.4,,,,,,2020/21,136.6,,,,,,2020/21,918.0,,,,,,2020/21
E06000057,Northumberland,UA,201.3,,,,,,2020/21,1097.2,,,,,,2020/21,47.2,,,,,,2020/21,110.0,,,,,,2020/21
E06000058,"Bournemouth, Christchurch and Poole",UA,233.4,,,,,,2020/21,943.7,,,,,,2020/21,107.9,,,,,,2020/21,296.0,,,,,,2020/21
E06000059,Dorset,UA,158.5,,,,,,2020/21,696.3,,,,,,2020/21,86.9,,,,,,2020/21,1851.0,,,,,,2020/21
E06000060,Buckinghamshire UA,UA,137.2,,,,,,2020/21,648.1,,,,,,2020/21,132.3,,,,,,2020/21,95.0,,,,,,2020/21
E06000065,North Yorkshire UA,UA,222.5,,,,,Value for North Yorkshire Cty applied to North Yorkshire UA,2020/21,857.0,,,,,Value for North Yorkshire Cty applied to North Yorkshire UA,2020/21,101.5,,,,,Value for North Yorkshire Cty applied to North Yorkshire UA,2020/21,329.0,,,,,Value for North Yorkshire Cty applied to North Yorkshire UA,2020/21
E06000066,Somerset UA,UA,216.9,,,,,Value for Somerset Cty applied to Somerset UA,2020/21,805.5,,,,,Value for Somerset Cty applied to Somerset UA,2020/21,97.2,,,,,Value for Somerset Cty applied to Somerset UA,2020/21,3100.0,,,,,Value for Somerset Cty applied to Somerset UA,2020/21
E08000001,Bolton,UA,209.8,,,,,,2020/21,989.0,,,,,,2020/21,103.8,,,,,,2020/21,144.0,,,,,,2020/21
E08000002,Bury,UA,236.5,,,,,,2020/21,1139.9,,,,,,2020/21,91.2,,,,,,2020/21,282.0,,,,,,2020/21
E08000003,Manchester,UA,311.7,,,,,,2020/21,1107.0,,,,,,2020/21,90.8,,,,,,2020/21,787.0,,,,,,2020/21
E08000004,Oldham,UA,365.5,,,,,,2020/21,1266.3,,,,,,2020/21,129.1,,,,,,2020/21,90.0,,,,,,2020/21
E08000005,Rochdale,UA,233.6,,,,,,2020/21,1233.3,,,,,,2020/21,82.6,,,,,,2020/21,71.0,,,,,,2020/21
E08000006,Salford,UA,186.5,,,,,,2020/21,1097.1,,,,,,2020/21,100.7,,,,,,2020/21,64.0,,,,,,2020/21
E08000007,Stockport,UA,276.9,,,,,,2020/21,1127.0,,,,,,2020/21,88.3,,,,,,2020/21,56.0,,,,,,2020/21
E08000008,Tameside,UA,420.6,,,,,,2020/21,1295.6,,,,,,2020/21,142.1,,,,,,2020/21,138.0,,,,,,2020/21
E08000009,Trafford,UA,138.4,,,,,,2020/21,869.5,,,,,,2020/21,78.9,,,,,,2020/21,94.0,,,,,,2020/21
E08000010,Wigan,UA,203.1,,,,,,2020/21,1166.9,,,,,,2020/21,99.0,,,,,,2020/21,95.0,,,,,,2020/21
E08000011,Knowsley,UA,209.5,,,,,,2020/21,1310.3,,,,,,2020/21,91.0,,,,,,2020/21,112.0,,,,,,2020/21
E08000012,Liverpool,UA,166.7,,,,,,2020/21,1240.8,,,,,,2020/21,97.6,,,,,,2020/21,445.0,,,,,,2020/21
E08000013,St. Helens,UA,246.5,,,,,,2020/21,1105.5,,,,,,2020/21,94.6,,,,,,2020/21,824.0,,,,,,2020/21
E08000014,Sefton,UA,153.0,,,,,,2020/21,1154.8,,,,,,2020/21,65.2,,,,,,2020/21,0.0,,,,,,2020/21
E08000015,Wirral,UA,160.7,,,,,,2020/21,1252.7,,,,,,2020/21,98.9,,,,,,2020/21,0.0,,,,,,2020/21
E08000016,Barnsley,UA,128.9,,,,,,2020/21,1263.0,,,,,,2020/21,112.8,,,,,,2020/21,0.0,,,,,,2020/21
E08000017,Doncaster,UA,171.0,,,,,,2020/21,1057.6,,,,,,2020/21,45.0,,,,,,2020/21,485.0,,,,,,2020/21
E08000018,Rotherham,UA,177.1,,,,,,2020/21,1371.5,,,,,,2020/21,89.0,,,,,,2020/21,110.0,,,,,,2020/21
E08000019,Sheffield,UA,112.5,,,,,,2020/21,816.6,,,,,,2020/21,63.3,,,,,,2020/21,274.0,,,,,,2020/21
E08000021,Newcastle upon Tyne,UA,188.5,,,,,,2020/21,1050.3,,,,,,2020/21,72.4,,,,,,2020/21,233.0,,,,,,2020/21
E08000022,North Tyneside,UA,183.3,,,,,,2020/21,1269.9,,,,,,2020/21,77.1,,,,,,2020/21,32562.0,,,,,,2020/21
E08000023,South Tyneside,UA,187.6,,,,,,2020/21,1259.9,,,,,,2020/21,66.9,,,,,,2020/21,682.0,,,,,,2020/21
E08000024,Sunderland,UA,242.9,,,,,,2020/21,1222.1,,,,,,2020/21,84.5,,,,,,2020/21,184.0,,,,,,2020/21
E08000025,Birmingham,UA,245.0,,,,,,2020/21,1059.3,,,,,,2020/21,80.3,,,,,,2020/21,502.0,,,,,,2020/21
E08000026,Coventry,UA,201.5,,,,,,2020/21,1220.2,,,,,,2020/21,60.8,,,,,,2020/21,232.0,,,,,,2020/21
E08000027,Dudley,UA,169.4,,,,,,2020/21,804.1,,,,,,2020/21,75.3,,,,,,2020/21,0.0,,,,,,2020/21
E08000028,Sandwell,UA,243.7,,,,,,2020/21,1009.6,,,,,,2020/21,79.9,,,,,,2020/21,736.0,,,,,,2020/21
E08000029,Solihull,UA,171.2,,,,,,2020/21,932.1,,,,,,2020/21,77.3,,,,,,2020/21,6097.0,,,,,,2020/21
E08000030,Walsall,UA,214.6,,,,,,2020/21,1003.9,,,,,,2020/21,136.1,,,,,,2020/21,187.0,,,,,,2020/21
E08000031,Wolverhampton,UA,214.6,,,,,,2020/21,769.1,,,,,,2020/21,53.0,,,,,,2020/21,-67.0,,,,,,2020/21
E08000032,Bradford,UA,255.0,,,,,,2020/21,1072.2,,,,,,2020/21,127.0,,,,,,2020/21,1901.0,,,,,,2020/21
E08000033,Calderdale,UA,219.9,,,,,,2020/21,1193.5,,,,,,2020/21,172.5,,,,,,2020/21,73.0,,,,,,2020/21
E08000034,Kirklees,UA,225.4,,,,,,2020/21,942.3,,,,,,2020/21,91.4,,,,,,2020/21,35.0,,,,,,2020/21
E08000035,Leeds,UA,143.0,,,,,,2020/21,698.1,,,,,,2020/21,53.9,,,,,,2020/21,274.0,,,,,,2020/21
E08000036,Wakefield,UA,142.4,,,,,,2020/21,929.8,,,,,,2020/21,71.6,,,,,,2020/21,840.0,,,,,,2020/21
E08000037,Gateshead,UA,223.0,,,,,,2020/21,1074.0,,,,,,2020/21,71.0,,,,,,2020/21,0.0,,,,,,2020/21
E09000001,City of London,UA,,,,,,Value suppressed for disclosure control due to small count,2020/21,226.5,,,,,,2020/21,,,,,,,2020/21,1742.0,,,,,,2020/21
E09000002,Barking and Dagenham,UA,199.1,,,,,,2020/21,751.1,,,,,,2020/21,53.6,,,,,,2020/21,128.0,,,,,,2020/21
E09000003,Barnet,UA,102.2,,,,,,2020/21,515.6,,,,,,2020/21,41.2,,,,,,2020/21,278.0,,,,,,2020/21
E09000004,Bexley,UA,232.5,,,,,,2020/21,933.4,,,,,,2020/21,47.5,,,,,,2020/21,80.0,,,,,,2020/21
E09000005,Brent,UA,99.9,,,,,,2020/21,571.9,,,,,,2020/21,34.6,,,,,,2020/21,258.0,,,,,,2020/21
E09000006,Bromley,UA,142.1,,,,,,2020/21,619.1,,,,,,2020/21,62.6,,,,,,2020/21,217.0,,,,,,2020/21
E09000007,Camden,UA,79.9,,,,,,2020/21,428.1,,,,,,2020/21,43.5,,,,,,2020/21,941.0,,,,,,2020/21
E09000008,Croydon,UA,145.1,,,,,,2020/21,637.1,,,,,,2020/21,57.7,,,,,,2020/21,0.0,,,,,,2020/21
E09000009,Ealing,UA,72.2,,,,,,2020/21,671.9,,,,,,2020/21,24.7,,,,,,2020/21,284.0,,,,,,2020/21
E09000010,Enfield,UA,128.1,,,,,,2020/21,554.5,,,,,,2020/21,45.8,,,,,,2020/21,162.0,,,,,,2020/21
E09000011,Greenwich,UA,218.8,,,,,,2020/21,929.3,,,,,,2020/21,48.3,,,,,,2020/21,228.0,,,,,,2020/21
E09000012,Hackney,UA,135.8,,,,,,2020/21,411.1,,,,,,2020/21,,,,,,,2020/21,0.0,,,,,,2020/21
E09000013,Hammersmith and Fulham,UA,,,,,,Value suppressed for disclosure control due to small count,2020/21,105.9,,,,,,2020/21,,,,,,Value suppressed for disclosure control due to small count,2020/21,41.0,,,,,,2020/21
E09000014,Haringey,UA,111.3,,,,,,2020/21,534.7,,,,,,2020/21,70.1,,,,,,2020/21,461.0,,,,,,2020/21
E09000015,Harrow,UA,102.3,,,,,,2020/21,683.0,,,,,,2020/21,62.0,,,,,,2020/21,262.0,,,,,,2020/21
E09000016,Havering,UA,177.9,,,,,,2020/21,718.4,,,,,,2020/21,47.2,,,,,,2020/21,212.0,,,,,,2020/21
E09000017,Hillingdon,UA,174.4,,,,,,2020/21,753.0,,,,,,2020/21,63.6,,,,,,2020/21,146.0,,,,,,2020/21
E09000018,Hounslow,UA,47.2,,,,,,2020/21,210.2,,,,,,2020/21,0.0,,,,,,2020/21,1249.0,,,,,,2020/21
E09000019,Islington,UA,173.0,,,,,,2020/21,572.5,,,,,,2020/21,45.9,,,,,,2020/21,364.0,,,,,,2020/21
E09000020,Kensington and Chelsea,UA,,,,,,Value suppressed for disclosure control due to small count,2020/21,72.0,,,,,,2020/21,,,,,,Value suppressed for disclosure control due to small count,2020/21,509.0,,,,,,2020/21
E09000021,Kingston upon Thames,UA,139.1,,,,,,2020/21,924.6,,,,,,2020/21,115.0,,,,,,2020/21,4527.0,,,,,,2020/21
E09000022,Lambeth,UA,174.8,,,,,,2020/21,677.3,,,,,,2020/21,75.3,,,,,,2020/21,317.0,,,,,,2020/21
E09000023,Lewisham,UA,191.1,,,,,,2020/21,979.3,,,,,,2020/21,60.1,,,,,,2020/21,229.0,,,,,,2020/21
E09000024,Merton,UA,120.0,,,,,,2020/21,775.5,,,,,,2020/21,78.5,,,,,,2020/21,136.0,,,,,,2020/21
E09000025,Newham,UA,184.8,,,,,,2020/21,652.3,,,,,,2020/21,45.5,,,,,,2020/21,1040.0,,,,,,2020/21
E09000026,Redbridge,UA,189.0,,,,,,2020/21,606.7,,,,,,2020/21,51.4,,,,,,2020/21,191.0,,,,,,2020/21
E09000027,Richmond upon Thames,UA,62.3,,,,,,2020/21,484.2,,,,,,2020/21,51.8,,,,,,2020/21,797.0,,,,,,2020/21
E09000028,Southwark,UA,121.0,,,,,,2020/21,706.6,,,,,,2020/21,88.9,,,,,,2020/21,241.0,,,,,,2020/21
E09000029,Sutton,UA,198.0,,,,,,2020/21,675.9,,,,,,2020/21,101.6,,,,,,2020/21,267.0,,,,,,2020/21
E09000030,Tower Hamlets,UA,26.6,,,,,,2020/21,217.8,,,,,,2020/21,26.5,,,,,,2020/21,286.0,,,,,,2020/21
E09000031,Waltham Forest,UA,194.0,,,,,,2020/21,604.3,,,,,,2020/21,51.8,,,,,,2020/21,117.0,,,,,,2020/21
E09000032,Wandsworth,UA,104.6,,,,,,2020/21,587.7,,,,,,2020/21,52.4,,,,,,2020/21,1312.0,,,,,,2020/21
E09000033,Westminster,UA,35.1,,,,,,2020/21,231.5,,,,,,2020/21,,,,,,Value suppressed for disclosure control due to small count,2020/21,0.0,,,,,,2020/21
E10000003,Cambridgeshire,County,128.8,,,,,,2020/21,749.8,,,,,,2020/21,47.1,,,,,,2020/21,154.0,,,,,,2020/21
E10000006,Cumbria,County,195.7,,,,,,2020/21,962.5,,,,,,2020/21,92.2,,,,,,2020/21,0.0,,,,,,2020/21
E10000007,Derbyshire,County,179.0,,,,,,2020/21,934.3,,,,,,2020/21,85.9,,,,,,2020/21,300.0,,,,,,2020/21
E10000008,Devon,County,179.4,,,,,,2020/21,847.3,,,,,,2020/21,116.6,,,,,,2020/21,273.0,,,,,,2020/21
E10000011,East Sussex,County,203.9,,,,,,2020/21,780.4,,,,,,2020/21,86.6,,,,,,2020/21,274.0,,,,,,2020/21
E10000012,Essex,County,149.0,,,,,,2020/21,787.5,,,,,,2020/21,50.7,,,,,,2020/21,604.0,,,,,,2020/21
E10000013,Gloucestershire,County,228.7,,,,,,2020/21,1042.5,,,,,,2020/21,112.8,,,,,,2020/21,266.0,,,,,,2020/21
E10000014,Hampshire,County,172.1,,,,,,2020/21,805.4,,,,,,2020/21,63.9,,,,,,2020/21,3775.0,,,,,,2020/21
E10000015,Hertfordshire,County,102.1,,,,,,2020/21,576.1,,,,,,2020/21,46.6,,,,,,2020/21,281.0,,,,,,2020/21
E10000016,Kent,County,173.6,,,,,,2020/21,788.9,,,,,,2020/21,73.3,,,,,,2020/21,987.0,,,,,,2020/21
E10000017,Lancashire,County,248.5,,,,,,2020/21,971.2,,,,,,2020/21,128.0,,,,,,2020/21,612.0,,,,,,2020/21
E10000018,Leicestershire,County,124.7,,,,,,2020/21,711.3,,,,,,2020/21,43.9,,,,,,2020/21,201.0,,,,,,2020/21
E10000019,Lincolnshire,County,195.3,,,,,,2020/21,766.4,,,,,,2020/21,75.2,,,,,,2020/21,572.0,,,,,,2020/21
E10000020,Norfolk,County,195.5,,,,,,2020/21,822.5,,,,,,2020/21,61.5,,,,,,2020/21,519.0,,,,,,2020/21
E10000021,Northamptonshire,County,80.2,,,,,,2020/21,898.3,,,,,,2020/21,31.2,,,,,,2020/21,1223.0,,,,,,2020/21
E10000023,North Yorkshire Cty,County,222.5,,,,,,2020/21,857.0,,,,,,2020/21,101.5,,,,,,2020/21,329.0,,,,,,2020/21
E10000024,Nottinghamshire,County,143.5,,,,,,2020/21,869.1,,,,,,2020/21,89.9,,,,,,2020/21,2334.0,,,,,,2020/21
E10000025,Oxfordshire,County,163.9,,,,,,2020/21,804.5,,,,,,2020/21,75.7,,,,,,2020/21,305.0,,,,,,2020/21
E10000027,Somerset Cty,County,216.9,,,,,,2020/21,805.5,,,,,,2020/21,97.2,,,,,,2020/21,3100.0,,,,,,2020/21
E10000028,Staffordshire,County,150.7,,,,,,2020/21,923.2,,,,,,2020/21,71.0,,,,,,2020/21,217.0,,,,,,2020/21
E10000029,Suffolk,County,194.4,,,,,,2020/21,729.4,,,,,,2020/21,98.0,,,,,,2020/21,411.0,,,,,,2020/21
E10000030,Surrey,County,145.3,,,,,,2020/21,814.8,,,,,,2020/21,72.0,,,,,,2020/21,695.0,,,,,,2020/21
E10000031,Warwickshire,County,177.0,,,,,,2020/21,952.4,,,,,,2020/21,69.1,,,,,,2020/21,230.0,,,,,,2020/21
E10000032,West Sussex,County,156.8,,,,,,2020/21,790.3,,,,,,2020/21,86.2,,,,,,2020/21,0.0,,,,,,2020/21
E10000034,Worcestershire,County,177.9,,,,,,2020/21,778.6,,,,,,2020/21,70.3,,,,,,2020/21,0.0,,,,,,2020/21
