gp_code,gp_name,postcode,pcn_name,region,list_size,wd_total,clin,adm,unk,unk_share,clin_of_cat,category,oc_rate_12m,supplier,satisfaction,continuity
F84022,STRATFORD HEALTH CENTRE,E15 1EN,NEWHAM NORTH WEST 2 PCN,LONDON,9201.6,123.0,0.0,123.0,0.0,0.0,0.0,admin-dominant (split present),4.3,Klinik Healthcare Solutions UK Ltd,70.9,26.3
L82022,OLD BRIDGE SURGERY,PL13 1HA,EAST CORNWALL PCN,SOUTH WEST,9854.5,128.0,0.0,128.0,0.0,0.0,0.0,admin-dominant (split present),26.3,ACCURX LIMITED,83.4,26.0
F84086,THE FOREST PRACTICE,E7 0EP,NEWHAM NORTH WEST 2 PCN,LONDON,6755.7,112.0,0.0,112.0,0.0,0.0,0.0,admin-dominant (split present),6.8,Klinik Healthcare Solutions UK Ltd,85.8,32.5
G81088,WEALDEN RIDGE MEDICAL PARTNERSHIP,BN8 4LR,GREATER WEALDEN PCN,SOUTH EAST,21950.1,163.0,0.0,163.0,0.0,0.0,0.0,admin-dominant (split present),1.6,ACCURX LIMITED,89.5,46.8
K82046,THE SIMPSON CENTRE,HP9 1TX,ARC BUCKS PCN,SOUTH EAST,18479.2,699.0,0.0,699.0,0.0,0.0,0.0,admin-dominant (split present),12.0,Klinik Healthcare Solutions UK Ltd,88.3,50.2
Y02646,TURNER ROAD SURGERY,CO4 5JR,CREFFIELD MEDICAL GROUP PCN,EAST OF ENGLAND,10621.8,325.0,0.0,325.0,0.0,0.0,0.0,admin-dominant (split present),3.7,ACCURX LIMITED,67.4,40.7
D83050,CARDINAL MEDICAL PRACTICE,IP1 5EN,WOLSEY PCN,EAST OF ENGLAND,28713.1,9660.0,0.0,416.0,9244.0,95.7,0.0,admin-dominant (split present),183.9,"EVERGREEN HEALTH SOLUTIONS, SILICON PRACTICE LTD, TPP",61.9,32.1
F83020,ADELAIDE MEDICAL CENTRE,NW3 3RY,NORTH CAMDEN PCN,LONDON,11613.3,1852.0,2.0,1078.0,772.0,41.7,0.2,admin-dominant (split present),0.0,SILICON PRACTICE LTD,82.7,41.0
M87028,ANCHOR MEDICAL PRACTICE,DY2 9PU,DUDLEY AND NETHERTON PCN,MIDLANDS,8635.2,927.0,1.0,532.0,394.0,42.5,0.2,admin-dominant (split present),0.4,SILICON PRACTICE LTD,83.6,60.4
D82053,MUNDESLEY MEDICAL CENTRE,NR11 8AR,NORTH NORFOLK 2 PCN,EAST OF ENGLAND,5777.2,105.0,2.0,103.0,0.0,0.0,1.9,admin-dominant (split present),0.3,TPP,89.9,51.7
J83001,MERCHISTON SURGERY,SN3 4BF,HAWTHORN AND MERCHISTON PCN,SOUTH WEST,13498.9,113.0,3.0,110.0,0.0,0.0,2.7,admin-dominant (split present),0.0,TPP,60.5,37.8
J83024,PRIORY ROAD MEDICAL CENTRE,SN3 2EZ,WYVERN HEALTH PARTNERSHIP PCN,SOUTH WEST,8850.8,152.0,5.0,147.0,0.0,0.0,3.3,admin-dominant (split present),0.2,TPP,77.1,74.6
J83022,OLD TOWN SURGERY,SN1 4GB,WYVERN HEALTH PARTNERSHIP PCN,SOUTH WEST,9389.0,153.0,6.0,147.0,0.0,0.0,3.9,admin-dominant (split present),0.2,TPP,91.2,64.9
P82011,TONGE FOLD HEALTH CENTRE,BL2 6DY,BREIGHTMET & LITTLE LEVER PCN,NORTH WEST,6868.2,313.0,20.0,293.0,0.0,0.0,6.4,admin-dominant (split present),42.8,ECONSULT HEALTH LIMITED,90.3,69.0
J83056,MARKET LAVINGTON SURGERY,SN10 4AQ,DEVIZES PCN,SOUTH WEST,5538.8,237.0,16.0,221.0,0.0,0.0,6.8,admin-dominant (split present),1.3,TPP,81.8,19.0
J83019,THE ORCHARD PARTNERSHIP,SP2 0JU,SARUM WEST PCN,SOUTH WEST,12327.4,403.0,34.0,369.0,0.0,0.0,8.4,admin-dominant (split present),0.0,TPP,96.0,78.9
H81131,THE WHITE PRACTICE,KT12 3LB,WALTON PRACTICES CONFEDERATION PCN,SOUTH EAST,4071.2,289.0,25.0,264.0,0.0,0.0,8.7,admin-dominant (split present),37.3,ACCURX LIMITED,66.2,47.9
P86015,ROCHDALE ROAD MEDICAL CENTRE,M24 2PU,MIDDLETON PCN,NORTH WEST,5651.2,341.0,30.0,311.0,0.0,0.0,8.8,admin-dominant (split present),2.0,PATCHS HEALTH LIMITED,74.9,28.1
A86005,WEST FARM SURGERY,NE12 8LS,NORTH TYNESIDE NORTH WEST PCN,NORTH EAST AND YORKSHIRE,6021.2,112.0,10.0,102.0,0.0,0.0,8.9,admin-dominant (split present),0.4,TPP,82.1,56.4
P87027,LANGWORTHY MEDICAL PRACTICE,M6 5WW,SALFORD SOUTH EAST PCN,NORTH WEST,18820.1,336.0,30.0,306.0,0.0,0.0,8.9,admin-dominant (split present),16.0,"Engage Health Systems Limited, PATCHS HEALTH LIMITED",74.1,58.9
M83001,HORSEFAIR PRACTICE,WS15 2FH,RUGELEY & GREAT HAYWOOD PCN,MIDLANDS,12089.2,111.0,10.0,101.0,0.0,0.0,9.0,admin-dominant (split present),0.4,ACCURX LIMITED,82.9,37.3
J83059,THE LAWN MEDICAL CENTRE,SN3 1JL,WYVERN HEALTH PARTNERSHIP PCN,SOUTH WEST,9260.9,214.0,20.0,194.0,0.0,0.0,9.3,admin-dominant (split present),0.3,TPP,84.6,66.0
C81634,ARDEN HOUSE MEDICAL PRACTICE,SK22 4AQ,HIGH PEAK & BUXTON PCN,MIDLANDS,4609.5,594.0,0.0,20.0,574.0,96.6,0.0,no split (uncategorised),0.6,SILICON PRACTICE LTD,89.3,74.8
Y05023,SILVER END SURGERY,CM8 3RQ,Unallocated,EAST OF ENGLAND,4959.6,1427.0,0.0,23.0,1404.0,98.4,0.0,no split (uncategorised),311.2,"ACCURX LIMITED, EVERGREEN HEALTH SOLUTIONS",46.2,23.9
E86014,CEDARS MEDICAL CENTRE,HA4 9LZ,CELADINE HEALTH & METROCARE PCN,LONDON,6983.9,1632.0,0.0,9.0,1623.0,99.4,0.0,no split (uncategorised),42.7,"Blinx Healthcare, PATCHS HEALTH LIMITED",81.3,31.9
Y02974,AT MEDICS,SE28 0NY,RIVERVIEW HEALTH PCN,LONDON,12859.2,651.0,0.0,3.0,648.0,99.5,0.0,no split (uncategorised),13.5,"EVERGREEN HEALTH SOLUTIONS, Klinik Healthcare Solutions UK Ltd",77.0,22.6
P89006,PENNINE MEDICAL CENTRE,OL5 9AJ,OLDHAM EAST PCN,NORTH WEST,11560.2,2940.0,0.0,2.0,2938.0,99.9,0.0,no split (uncategorised),1.1,"ACCURX LIMITED, SILICON PRACTICE LTD",77.8,30.8
L84068,MANN COTTAGE SURGERY,GL56 0DS,NORTH COTSWOLDS PCN,SOUTH WEST,5575.4,211.0,2.0,11.0,198.0,93.8,15.4,no split (uncategorised),0.1,SILICON PRACTICE LTD,91.9,60.6
K83027,LANGHAM PLACE SURGERY,NN2 6AA,ROYAL PARKS PCN,MIDLANDS,10367.9,223.0,3.0,8.0,212.0,95.1,27.3,no split (uncategorised),19.6,"ACCURX LIMITED, SILICON PRACTICE LTD",72.1,44.1
B87020,CHAPELTHORPE,WF2 7GP,WEST WAKEFIELD PCN,NORTH EAST AND YORKSHIRE,13709.7,4476.0,1.0,1.0,4474.0,100.0,50.0,no split (uncategorised),157.4,"EVERGREEN HEALTH SOLUTIONS, PATCHS HEALTH LIMITED",80.0,41.3
Y02177,THE PRACTICE NORTHUMBERLAND AVENUE,SS1 2TH,SOUTHEND VICTORIA PCN,EAST OF ENGLAND,6722.2,1508.0,9.0,8.0,1491.0,98.9,52.9,no split (uncategorised),11.3,"ACCURX LIMITED, EVERGREEN HEALTH SOLUTIONS",67.4,45.5
F81675,THE PRACTICE LEECON WAY,SS4 1TU,ROCHFORD PCN,EAST OF ENGLAND,5423.0,1043.0,19.0,13.0,1011.0,96.9,59.4,no split (uncategorised),15.6,"ACCURX LIMITED, EVERGREEN HEALTH SOLUTIONS",82.6,43.7
Y00033,PURFLEET CARE CENTRE,RM19 1SX,ASOP PCN,EAST OF ENGLAND,6805.1,1897.0,24.0,16.0,1857.0,97.9,60.0,no split (uncategorised),265.5,"ACCURX LIMITED, EVERGREEN HEALTH SOLUTIONS",67.5,52.9
Y02707,ST LUKE'S HEALTH CENTRE,SS2 4BD,SOUTHEND VICTORIA PCN,EAST OF ENGLAND,6766.3,1504.0,24.0,13.0,1467.0,97.5,64.9,no split (uncategorised),272.5,"ACCURX LIMITED, ECONSULT HEALTH LIMITED, EVERGREEN HEALTH SOLUTIONS",82.8,70.4
N81607,WESTMINSTER SURGERY,CH65 2ER,ONE ELLESMERE PORT PCN,NORTH WEST,3728.8,195.0,8.0,4.0,183.0,93.8,66.7,no split (uncategorised),72.6,"Blinx Healthcare, PATCHS HEALTH LIMITED",73.3,39.7
C83040,ST. PETERS HILL SURGERY,NG31 6QA,GRANTHAM AND RURAL PCN,MIDLANDS,14709.2,4331.0,2.0,1.0,4328.0,99.9,66.7,no split (uncategorised),111.2,"CONTINUUM HEALTH LIMITED, EVERGREEN HEALTH SOLUTIONS",72.4,29.4
J82210,THE ELMS PRACTICE,PO11 9AP,HAYLING ISLAND & EMSWORTH PCN,SOUTH EAST,9348.8,2193.0,56.0,27.0,2110.0,96.2,67.5,no split (uncategorised),6.0,"ECONSULT HEALTH LIMITED, SILICON PRACTICE LTD",91.2,52.9
P84023,SURREY LODGE PRACTICE,M14 5BY,ARDWICK AND LONGSIGHT PCN,NORTH WEST,9495.2,3009.0,30.0,13.0,2966.0,98.6,69.8,no split (uncategorised),1.2,"ACCURX LIMITED, SILICON PRACTICE LTD",85.6,47.9
N83026,PARKFIELD SURGERY,WA10 2DJ,ST HELENS CENTRAL PCN,NORTH WEST,2574.4,517.0,19.0,8.0,490.0,94.8,70.4,no split (uncategorised),3.9,"PATCHS HEALTH LIMITED, SILICON PRACTICE LTD",92.9,58.9
F82040,JOHN SMITH MEDICAL CENTRE,IG11 9LL,BARKING & DAGENHAM WEST PCN,LONDON,4090.9,743.0,33.0,11.0,699.0,94.1,75.0,no split (uncategorised),19.7,"ECONSULT HEALTH LIMITED, EVERGREEN HEALTH SOLUTIONS",57.0,18.5
D82012,MAGDALEN MEDICAL PRACTICE,NR3 4LF,NORWICH NORTH PCN,EAST OF ENGLAND,14530.0,1565.0,7.0,2.0,1556.0,99.4,77.8,no split (uncategorised),0.5,"CONTINUUM HEALTH LIMITED, SILICON PRACTICE LTD",91.7,71.9
N85059,HOYLAKE & MEOLS MEDICAL CTR,CH47 8XA,MORETON AND MEOLS PCN,NORTH WEST,7941.8,276.0,12.0,3.0,261.0,94.6,80.0,no split (uncategorised),50.7,"Blinx Healthcare, PATCHS HEALTH LIMITED",80.4,20.9
L81021,WINSCOMBE SURGERY,BS25 1AF,PIER HEALTH PCN,SOUTH WEST,11146.6,2995.0,17.0,4.0,2974.0,99.3,81.0,no split (uncategorised),133.2,"CONTINUUM HEALTH LIMITED, EVERGREEN HEALTH SOLUTIONS",90.1,35.1
L81051,168 MEDICAL GROUP,BS23 3HQ,PIER HEALTH PCN,SOUTH WEST,23707.8,7715.0,26.0,5.0,7684.0,99.6,83.9,no split (uncategorised),165.0,"CONTINUUM HEALTH LIMITED, EVERGREEN HEALTH SOLUTIONS",76.1,48.1
N83008,BERRYMEAD FAMILY MED.CTR.,WA9 3RP,ST HELENS SOUTH PCN,NORTH WEST,8163.7,1237.0,122.0,0.0,1115.0,90.1,100.0,no split (uncategorised),8.0,"PATCHS HEALTH LIMITED, SILICON PRACTICE LTD",74.2,34.4
N83637,NEWHOLME SURGERY,WA10 2DJ,ST HELENS CENTRAL PCN,NORTH WEST,3324.8,321.0,31.0,0.0,290.0,90.3,100.0,no split (uncategorised),3.0,"PATCHS HEALTH LIMITED, SILICON PRACTICE LTD",83.6,70.0
P89002,THE BROOKE SURGERY,SK14 1AT,HYDE PCN,NORTH WEST,19528.8,2361.0,45.0,0.0,2316.0,98.1,100.0,no split (uncategorised),294.3,"Doctaly, EVERGREEN HEALTH SOLUTIONS",74.0,48.9
N83025,CORNERWAYS MEDICAL CENTRE,L36 3TN,WEST KNOWSLEY PCN,NORTH WEST,14597.4,1730.0,13.0,0.0,1717.0,99.2,100.0,no split (uncategorised),17.3,"ACCURX LIMITED, Blinx Healthcare",61.4,14.6
L84046,DOCKHAM SURGERY,GL14 2NX,FOREST GREEN PCN,SOUTH WEST,6359.9,238.0,1.0,0.0,237.0,99.6,100.0,no split (uncategorised),0.0,"SILICON PRACTICE LTD, TPP",68.5,21.1
P89016,DONNEYBROOK MEDICAL CENTRE,SK14 2AH,HYDE PCN,NORTH WEST,8142.7,3030.0,8.0,0.0,3022.0,99.7,100.0,no split (uncategorised),155.8,"ACCURX LIMITED, EVERGREEN HEALTH SOLUTIONS",70.7,30.4
N83028,ASTON HEALTHCARE LIMITED,L36 0UB,WEST KNOWSLEY PCN,NORTH WEST,21945.9,1899.0,3.0,0.0,1896.0,99.8,100.0,no split (uncategorised),0.0,"ACCURX LIMITED, Blinx Healthcare",68.4,51.4
N81035,FIR PARK MEDICAL CENTRE,WA8 9DT,WIDNES PCN,NORTH WEST,12200.6,1386.0,2.0,0.0,1384.0,99.9,100.0,no split (uncategorised),29.7,"Blinx Healthcare, PATCHS HEALTH LIMITED",57.0,15.0
N85024,SOMERVILLE MED CTR,CH44 4AA,WALLASEY PCN,NORTH WEST,9369.1,1199.0,1.0,0.0,1198.0,99.9,100.0,no split (uncategorised),16.5,"Blinx Healthcare, PATCHS HEALTH LIMITED",85.0,71.1
N81087,DANEBRIDGE MEDICAL CENTRE,CW9 5HR,NORTHWICH PCN,NORTH WEST,25065.8,2698.0,1.0,0.0,2697.0,100.0,100.0,no split (uncategorised),64.7,"Blinx Healthcare, PATCHS HEALTH LIMITED",64.4,19.0
M85063,MIDLANDS MEDICAL PARTNERSHIP,B24 0SY,MMP CENTRAL AND NORTH PCN,MIDLANDS,58809.2,5595.0,1.0,0.0,5594.0,100.0,100.0,no split (uncategorised),0.0,"ACCURX LIMITED, Blinx Healthcare",62.6,31.3
A82053,NUTWOOD MEDICAL PRACTICE,LA11 7DJ,GRANGE AND LAKES PCN,NORTH WEST,7545.8,3185.0,0.0,0.0,3185.0,100.0,,no split (uncategorised),235.9,EVERGREEN HEALTH SOLUTIONS,85.5,55.4
A86020,JESMOND HEALTH PARTNERSHIP,NE2 3LD,JESMOND - LOWER GOSFORTH PCN,NORTH EAST AND YORKSHIRE,20956.7,9763.0,0.0,0.0,9763.0,100.0,,no split (uncategorised),230.9,EVERGREEN HEALTH SOLUTIONS,86.3,42.1
B81039,THE ROXTON PRACTICE,DN40 1JW,MERIDIAN HEALTH GROUP NEL PCN,NORTH EAST AND YORKSHIRE,34684.4,13239.0,0.0,0.0,13239.0,100.0,,no split (uncategorised),186.0,EVERGREEN HEALTH SOLUTIONS,69.5,66.3
C81003,SETT VALLEY MEDICAL CENTRE,SK22 4BP,HIGH PEAK & BUXTON PCN,MIDLANDS,10078.4,1050.0,0.0,0.0,1050.0,100.0,,no split (uncategorised),0.6,SILICON PRACTICE LTD,93.1,37.1
C81027,SOMERCOTES MEDICAL CENTRE,DE55 4JJ,ALFRETON RIPLEY CRICH & HEANOR PCN,MIDLANDS,7985.2,446.0,0.0,0.0,446.0,100.0,,no split (uncategorised),0.3,SILICON PRACTICE LTD,84.6,35.5
C81071,OSMASTON SURGERY,DE23 8JX,DERBY CITY NORTH PCN,MIDLANDS,13154.2,368.0,0.0,0.0,368.0,100.0,,no split (uncategorised),0.1,SILICON PRACTICE LTD,55.2,15.3
C82009,MARKET HARBOROUGH MED.CTR,LE16 9BX,MARKET HARBOROUGH & BOSWORTH PCN,MIDLANDS,29102.8,175.0,0.0,0.0,175.0,100.0,,no split (uncategorised),33.4,SILICON PRACTICE LTD,67.7,38.5
C82076,THE WELBY PRACTICE,NG13 0AN,GRANTHAM AND RURAL PCN,MIDLANDS,7018.5,2143.0,0.0,0.0,2143.0,100.0,,no split (uncategorised),160.8,EVERGREEN HEALTH SOLUTIONS,71.8,13.8
C83008,SWINGBRIDGE SURGERY,NG31 7XT,GRANTHAM AND RURAL PCN,MIDLANDS,7335.2,2548.0,0.0,0.0,2548.0,100.0,,no split (uncategorised),175.2,EVERGREEN HEALTH SOLUTIONS,81.8,30.5
C83011,MILLVIEW MEDICAL CENTRE,NG34 9QP,K2 HEALTHCARE SLEAFORD PCN,MIDLANDS,12215.1,4392.0,0.0,0.0,4392.0,100.0,,no split (uncategorised),175.4,EVERGREEN HEALTH SOLUTIONS,85.7,53.5
C83018,CLEVELAND SURGERY,DN21 2UQ,TRENT CARE PCN,MIDLANDS,12260.3,3805.0,0.0,0.0,3805.0,100.0,,no split (uncategorised),170.4,EVERGREEN HEALTH SOLUTIONS,57.8,27.9
C83020,CAYTHORPE & ANCASTER MEDICAL PRACTICE,NG32 3PP,K2 HEALTHCARE SLEAFORD PCN,MIDLANDS,9867.9,3704.0,0.0,0.0,3704.0,100.0,,no split (uncategorised),209.2,EVERGREEN HEALTH SOLUTIONS,86.2,41.0
C83024,THE GLENSIDE COUNTRY PRACTICE,NG33 4RZ,GRANTHAM AND RURAL PCN,MIDLANDS,3743.0,941.0,0.0,0.0,941.0,100.0,,no split (uncategorised),129.9,EVERGREEN HEALTH SOLUTIONS,83.3,43.0
C83043,MARKET RASEN SURGERY,LN8 3BP,EAST LINDSEY PCN,MIDLANDS,10541.4,4132.0,0.0,0.0,4132.0,100.0,,no split (uncategorised),218.7,EVERGREEN HEALTH SOLUTIONS,91.7,50.6
C83074,WILLINGHAM-BY-STOW SURGERY,DN21 5JZ,IMP PCN,MIDLANDS,4734.2,1966.0,0.0,0.0,1966.0,100.0,,no split (uncategorised),225.3,EVERGREEN HEALTH SOLUTIONS,92.3,76.9
C83075,VINE STREET SURGERY,NG31 6RQ,GRANTHAM AND RURAL PCN,MIDLANDS,10216.0,3901.0,0.0,0.0,3901.0,100.0,,no split (uncategorised),200.5,EVERGREEN HEALTH SOLUTIONS,84.0,60.7
C83083,THE NEW CONINGSBY SURGERY,LN4 4SG,EAST LINDSEY PCN,MIDLANDS,7764.2,2465.0,0.0,0.0,2465.0,100.0,,no split (uncategorised),183.2,EVERGREEN HEALTH SOLUTIONS,64.5,53.6
C83635,WOODHALL SPA NEW SURGERY,LN10 6SQ,EAST LINDSEY PCN,MIDLANDS,5383.8,2265.0,0.0,0.0,2265.0,100.0,,no split (uncategorised),205.7,EVERGREEN HEALTH SOLUTIONS,66.1,42.8
M85034,OMNIA PRACTICE,B9 5PU,BIRMINGHAM EAST CENTRAL PCN,MIDLANDS,16833.6,3269.0,0.0,0.0,3269.0,100.0,,no split (uncategorised),0.7,SILICON PRACTICE LTD,57.9,25.0
M85706,DRUID GROUP - EMC SURGERY,B16 0HZ,BIRMINGHAM EAST CENTRAL PCN,MIDLANDS,14148.5,656.0,0.0,0.0,656.0,100.0,,no split (uncategorised),0.0,SILICON PRACTICE LTD,78.7,37.6
M87024,WYCHBURY MEDICAL GROUP,DY9 9DS,"STOURBRIDGE, WOLLESCOTE & LYE PCN",MIDLANDS,22582.8,2227.0,0.0,0.0,2227.0,100.0,,no split (uncategorised),0.4,SILICON PRACTICE LTD,70.9,17.6
M87026,ST JAMES MEDICAL PRACTICE2,DY1 2BY,DUDLEY AND NETHERTON PCN,MIDLANDS,5990.7,1057.0,0.0,0.0,1057.0,100.0,,no split (uncategorised),0.1,SILICON PRACTICE LTD,86.1,65.8
M87030,PEDMORE MEDICAL PRACTICE,DY9 8DJ,"STOURBRIDGE, WOLLESCOTE & LYE PCN",MIDLANDS,4420.8,338.0,0.0,0.0,338.0,100.0,,no split (uncategorised),0.2,SILICON PRACTICE LTD,85.9,38.4
M87612,ST JAMES MEDICAL PRACTICE1,DY1 2BY,DUDLEY AND NETHERTON PCN,MIDLANDS,2445.8,1070.0,0.0,0.0,1070.0,100.0,,no split (uncategorised),0.4,SILICON PRACTICE LTD,81.4,74.5
M87617,LINKS MEDICAL PRACTICE,DY2 9PU,DUDLEY AND NETHERTON PCN,MIDLANDS,6269.8,771.0,0.0,0.0,771.0,100.0,,no split (uncategorised),0.4,SILICON PRACTICE LTD,74.0,50.5
M88016,OLD HILL MEDICAL CENTRE,B64 6JN,SWB CITRUS PCN,MIDLANDS,3235.8,710.0,0.0,0.0,710.0,100.0,,no split (uncategorised),42.6,EVERGREEN HEALTH SOLUTIONS,81.7,51.0
M89002,KINGSHURST MEDICAL PRACTICE,B37 6BE,NORTH SOLIHULL PCN,MIDLANDS,6367.3,1889.0,0.0,0.0,1889.0,100.0,,no split (uncategorised),36.7,EVERGREEN HEALTH SOLUTIONS,60.0,41.1
P83006,RAMSBOTTOM MEDICAL PRACTICE,BL0 9DD,BURY PCN,NORTH WEST,8224.0,1916.0,0.0,0.0,1916.0,100.0,,no split (uncategorised),83.4,EVERGREEN HEALTH SOLUTIONS,53.8,17.1
P83025,ST GABRIEL'S MEDICAL CENTRE,M25 0HT,PRESTWICH PCN,NORTH WEST,9051.4,2449.0,0.0,0.0,2449.0,100.0,,no split (uncategorised),149.0,EVERGREEN HEALTH SOLUTIONS,70.4,16.0
P83603,RED BANK GROUP PRACTICE,M26 2SP,HORIZON PCN,NORTH WEST,9448.6,2334.0,0.0,0.0,2334.0,100.0,,no split (uncategorised),145.7,EVERGREEN HEALTH SOLUTIONS,59.2,47.8
P83612,MILE LANE HEALTH CENTRE,BL8 2JR,HORIZON PCN,NORTH WEST,5286.4,1086.0,0.0,0.0,1086.0,100.0,,no split (uncategorised),103.2,EVERGREEN HEALTH SOLUTIONS,77.2,50.7
P84030,NEW COLLEGIATE MEDICAL CENTRE,M8 0DA,CHEETHAM HILL & CRUMPSALL PCN,NORTH WEST,13728.0,887.0,0.0,0.0,887.0,100.0,,no split (uncategorised),0.3,SILICON PRACTICE LTD,63.7,15.0
P84039,THE RANGE MEDICAL CENTRE,M16 8EE,WEST CENTRAL MANCHESTER PCN,NORTH WEST,10859.9,356.0,0.0,0.0,356.0,100.0,,no split (uncategorised),0.2,SILICON PRACTICE LTD,76.9,19.0
P84673,ANCOATS URBAN VILLAGE MEDICAL PRACTICE,M4 6EE,CITY CENTRE & ANCOATS PCN,NORTH WEST,13522.0,3562.0,0.0,0.0,3562.0,100.0,,no split (uncategorised),1.5,SILICON PRACTICE LTD,90.5,50.4
P84683,THE DOC'S SURGERY,M1 3LY,HULME & CITY CENTRE SOUTH PCN,NORTH WEST,12714.7,2224.0,0.0,0.0,2224.0,100.0,,no split (uncategorised),0.8,SILICON PRACTICE LTD,80.2,62.3
P87015,PENDLETON MEDICAL CENTRE,M6 5FX,SALFORD SOUTH EAST PCN,NORTH WEST,7268.7,806.0,0.0,0.0,806.0,100.0,,no split (uncategorised),0.4,SILICON PRACTICE LTD,73.3,24.5
P87022,MOCHA PARADE MEDICAL PRACTICE,M7 3SE,BROUGHTON HEALTH ALLIANCE PCN,NORTH WEST,2165.6,136.0,0.0,0.0,136.0,100.0,,no split (uncategorised),0.2,SILICON PRACTICE LTD,86.7,54.9
P87026,NEWBURY GREEN MEDICAL PRACTICE,M7 4NX,BROUGHTON HEALTH ALLIANCE PCN,NORTH WEST,13382.2,626.0,0.0,0.0,626.0,100.0,,no split (uncategorised),0.2,SILICON PRACTICE LTD,83.2,48.5
P87648,REUT MEDICAL PRACTICE,M7 4NX,BROUGHTON HEALTH ALLIANCE PCN,NORTH WEST,6750.5,155.0,0.0,0.0,155.0,100.0,,no split (uncategorised),0.1,SILICON PRACTICE LTD,58.1,39.1
P89012,CLARENDON MEDICAL CENTRE,SK14 2AQ,HYDE PCN,NORTH WEST,6889.8,1533.0,0.0,0.0,1533.0,100.0,,no split (uncategorised),138.8,EVERGREEN HEALTH SOLUTIONS,74.1,33.0
P91013,BOUNDARY HOUSE MEDICAL CENTRE,M33 2RH,SALE CENTRAL PCN,NORTH WEST,11553.6,5377.0,0.0,0.0,5377.0,100.0,,no split (uncategorised),251.2,EVERGREEN HEALTH SOLUTIONS,87.8,69.4
P91629,NORTH TRAFFORD GROUP PRACTICE,M32 0PA,NORTH TRAFFORD PCN,NORTH WEST,15215.0,4547.0,0.0,0.0,4547.0,100.0,,no split (uncategorised),180.7,EVERGREEN HEALTH SOLUTIONS,71.9,33.8
P92001,MEDICENTRE,WN4 9AZ,SWAN NETWORK WIGAN PCN,NORTH WEST,5604.5,138.0,0.0,0.0,138.0,100.0,,no split (uncategorised),0.0,EVERGREEN HEALTH SOLUTIONS,87.9,67.5
P92003,THE DICCONSON GROUP PRACTICE,WN6 7LB,WIGAN CENTRAL PCN,NORTH WEST,9588.8,3560.0,0.0,0.0,3560.0,100.0,,no split (uncategorised),220.2,EVERGREEN HEALTH SOLUTIONS,79.8,22.4
P92014,STANDISH MEDICAL PRACTICE,WN6 0HD,NORTH WIGAN PCN,NORTH WEST,13442.0,3992.0,0.0,0.0,3992.0,100.0,,no split (uncategorised),146.9,EVERGREEN HEALTH SOLUTIONS,67.5,18.5
P92015,ASPULL SURGERY,WN2 1XH,NORTH WIGAN PCN,NORTH WEST,5985.8,320.0,0.0,0.0,320.0,100.0,,no split (uncategorised),26.0,EVERGREEN HEALTH SOLUTIONS,87.1,52.0
P92016,PENNYGATE MEDICAL CENTRE,WN2 2QG,HINDLEY PCN,NORTH WEST,18813.4,1915.0,0.0,0.0,1915.0,100.0,,no split (uncategorised),50.9,EVERGREEN HEALTH SOLUTIONS,75.8,28.8
P92020,SIVAKUMAR & PARTNER,M29 7BS,TABA WIGAN PCN,NORTH WEST,5013.7,868.0,0.0,0.0,868.0,100.0,,no split (uncategorised),90.5,EVERGREEN HEALTH SOLUTIONS,85.5,55.5
P92021,NEWTOWN MEDICAL PRACTICE,WN5 9QX,WIGAN CENTRAL PCN,NORTH WEST,5996.5,355.0,0.0,0.0,355.0,100.0,,no split (uncategorised),28.9,EVERGREEN HEALTH SOLUTIONS,88.0,65.9
P92023,BROOKMILL MEDICAL CENTRE,WN7 2RB,LEIGH PCN,NORTH WEST,8965.1,1601.0,0.0,0.0,1601.0,100.0,,no split (uncategorised),65.0,EVERGREEN HEALTH SOLUTIONS,82.1,33.6
P92024,KUMAR FAMILY PRACTICE,WN3 5HL,SWAN NETWORK WIGAN PCN,NORTH WEST,5081.8,590.0,0.0,0.0,590.0,100.0,,no split (uncategorised),52.7,EVERGREEN HEALTH SOLUTIONS,75.4,54.0
P92028,ELLIOTT STREET SURGERY,M29 8FL,TABA WIGAN PCN,NORTH WEST,4801.9,282.0,0.0,0.0,282.0,100.0,,no split (uncategorised),32.0,EVERGREEN HEALTH SOLUTIONS,88.8,68.4
P92615,THE AVENUE SURGERY,WN7 1HR,LEIGH PCN,NORTH WEST,4885.0,551.0,0.0,0.0,551.0,100.0,,no split (uncategorised),55.9,EVERGREEN HEALTH SOLUTIONS,84.4,38.6
P92621,PREMIER HEALTH TEAM,WN7 2PE,LEIGH PCN,NORTH WEST,4228.8,101.0,0.0,0.0,101.0,100.0,,no split (uncategorised),15.3,EVERGREEN HEALTH SOLUTIONS,98.3,80.7
P92634,MESNES VIEW SURGERY,WN1 1ST,WIGAN CENTRAL PCN,NORTH WEST,4801.5,415.0,0.0,0.0,415.0,100.0,,no split (uncategorised),44.6,EVERGREEN HEALTH SOLUTIONS,85.4,65.8
P92639,FAMILY MEDICAL PRACTICE,WA3 3GS,LIGA WIGAN PCN,NORTH WEST,3051.8,417.0,0.0,0.0,417.0,100.0,,no split (uncategorised),59.5,EVERGREEN HEALTH SOLUTIONS,77.9,59.8
P92642,MARUS BRIDGE PRACTICE,WN3 5HL,SWAN NETWORK WIGAN PCN,NORTH WEST,5366.5,1950.0,0.0,0.0,1950.0,100.0,,no split (uncategorised),124.5,EVERGREEN HEALTH SOLUTIONS,87.2,47.1
P92646,DR VARDHAN'S SURGERY,M29 7HG,TABA WIGAN PCN,NORTH WEST,3547.6,287.0,0.0,0.0,287.0,100.0,,no split (uncategorised),30.7,EVERGREEN HEALTH SOLUTIONS,82.4,65.6
P92647,SOUTH WIGAN MEDICAL PRACTICE,WN3 5HL,SWAN NETWORK WIGAN PCN,NORTH WEST,6196.8,2386.0,0.0,0.0,2386.0,100.0,,no split (uncategorised),0.0,EVERGREEN HEALTH SOLUTIONS,91.7,44.5
Y01652,THE NEW SPRINGWELLS PRACTICE,NG34 0QQ,K2 HEALTHCARE SLEAFORD PCN,MIDLANDS,6157.6,173.0,0.0,0.0,173.0,100.0,,no split (uncategorised),12.5,EVERGREEN HEALTH SOLUTIONS,92.0,59.9
Y02212,DUDLEY WOOD SURGERY,DY2 0EF,DUDLEY AND NETHERTON PCN,MIDLANDS,2753.9,768.0,0.0,0.0,768.0,100.0,,no split (uncategorised),0.1,SILICON PRACTICE LTD,59.1,28.4
Y05369,BALDERTON SURGERY,NG24 3HJ,NEWARK PCN,MIDLANDS,6476.7,1292.0,0.0,0.0,1292.0,100.0,,no split (uncategorised),26.4,EVERGREEN HEALTH SOLUTIONS,59.2,12.4
Y05622,SOUTHGLADE MEDICAL PRACTICE,NG5 5GU,BULWELL AND TOP VALLEY PCN,MIDLANDS,5236.3,1241.0,0.0,0.0,1241.0,100.0,,no split (uncategorised),37.0,EVERGREEN HEALTH SOLUTIONS,66.5,38.3
Y05690,KIRKBY COMMUNITY PRIMARY CARE CENTRE (3),NG17 7AE,ASHFIELD SOUTH PCN,MIDLANDS,7099.7,2063.0,0.0,0.0,2063.0,100.0,,no split (uncategorised),44.0,EVERGREEN HEALTH SOLUTIONS,73.8,33.4
Y06792,BROAD OAK MEDICAL PRACTICE,NG8 6LN,ASPIRE PCN,MIDLANDS,7420.6,1311.0,0.0,0.0,1311.0,100.0,,no split (uncategorised),45.9,EVERGREEN HEALTH SOLUTIONS,62.0,18.1
M85061,YARDLEY GREEN MEDICAL CENTRE,B9 5PU,BIRMINGHAM EAST CENTRAL PCN,MIDLANDS,11716.4,1086.0,0.0,0.0,1086.0,100.0,,no split (uncategorised),1.2,Blinx Healthcare,69.6,31.0
M89003,GPS HEALTHCARE,B90 4DD,GPS HEALTHCARE PCN,MIDLANDS,39583.1,5074.0,0.0,0.0,5074.0,100.0,,no split (uncategorised),110.8,Blinx Healthcare,55.9,18.0
M89017,SOLIHULL HEALTHCARE PARTNERSHIP,B91 2AG,SOLIHULL HEALTHCARE PARTNERSHIP PCN,MIDLANDS,56652.4,9138.0,0.0,0.0,9138.0,100.0,,no split (uncategorised),43.0,Blinx Healthcare,59.1,20.8
N81032,ASHFIELDS PRIMARY CARE CENTRE,CW11 1EQ,SMASH PCN,NORTH WEST,28446.0,857.0,0.0,0.0,857.0,100.0,,no split (uncategorised),0.0,Blinx Healthcare,86.0,55.0
N81046,PARK MEDICAL CENTRE,CH2 3RD,CHESTER EAST PCN,NORTH WEST,10332.2,1337.0,0.0,0.0,1337.0,100.0,,no split (uncategorised),14.7,Blinx Healthcare,60.9,11.3
N81050,GREAT SUTTON MEDICAL CENTRE,CH66 3NZ,ONE ELLESMERE PORT PCN,NORTH WEST,19661.7,3254.0,0.0,0.0,3254.0,100.0,,no split (uncategorised),49.5,Blinx Healthcare,61.5,9.9
N81057,TOWER HOUSE PRACTICE,WA7 1AB,RUNCORN PCN,NORTH WEST,13077.6,2991.0,0.0,0.0,2991.0,100.0,,no split (uncategorised),20.5,Blinx Healthcare,77.0,50.1
N81066,GROVE HOUSE PRACTICE,WA7 1AB,RUNCORN PCN,NORTH WEST,14733.2,1805.0,0.0,0.0,1805.0,100.0,,no split (uncategorised),195.2,Blinx Healthcare,65.3,14.0
N81072,MURDISHAW,WA7 6ES,RUNCORN PCN,NORTH WEST,7968.0,803.0,0.0,0.0,803.0,100.0,,no split (uncategorised),16.2,Blinx Healthcare,52.2,30.1
N81092,HOPE FARM MEDICAL CENTRE,CH66 2WW,ONE ELLESMERE PORT PCN,NORTH WEST,14170.7,462.0,0.0,0.0,462.0,100.0,,no split (uncategorised),2.3,Blinx Healthcare,87.8,58.7
N81093,WHITBY HEALTH PARTNERSHIP,CH65 6TG,ONE ELLESMERE PORT PCN,NORTH WEST,16128.1,2366.0,0.0,0.0,2366.0,100.0,,no split (uncategorised),65.4,Blinx Healthcare,72.2,27.5
N81111,MEREPARK MEDICAL CENTRE,ST7 2LU,SMASH PCN,NORTH WEST,7268.8,115.0,0.0,0.0,115.0,100.0,,no split (uncategorised),0.0,Blinx Healthcare,78.9,45.9
N81121,NORTHGATE VILLAGE SURGERY,CH1 4DS,CHESTER CENTRAL PCN,NORTH WEST,7093.8,204.0,0.0,0.0,204.0,100.0,,no split (uncategorised),14.6,Blinx Healthcare,84.1,45.0
N82024,WEST DERBY MEDICAL CENTRE,L12 8TQ,IGPC PCN,NORTH WEST,12646.3,1257.0,0.0,0.0,1257.0,100.0,,no split (uncategorised),8.1,Blinx Healthcare,49.2,6.2
N82039,STORRSDALE MEDICAL CENTRE,L18 7JY,CHILDWALL & WAVERTREE PCN,NORTH WEST,3952.1,367.0,0.0,0.0,367.0,100.0,,no split (uncategorised),9.7,Blinx Healthcare,89.5,36.7
N82053,AINTREE PARK GROUP PRACTICE,L9 8AL,NORTH LIVERPOOL PCN,NORTH WEST,15829.0,291.0,0.0,0.0,291.0,100.0,,no split (uncategorised),10.8,Blinx Healthcare,69.1,29.5
N82081,ISLINGTON HOUSE MEDICAL CENTRE,L6 2EH,ANFIELD & EVERTON PCN,NORTH WEST,5780.6,130.0,0.0,0.0,130.0,100.0,,no split (uncategorised),27.3,Blinx Healthcare,91.0,46.0
N82082,ST. JAMES' HEALTH CENTRE,L1 5DZ,CENTRAL LIVERPOOL PCN,NORTH WEST,8136.6,162.0,0.0,0.0,162.0,100.0,,no split (uncategorised),0.0,Blinx Healthcare,83.3,44.1
N82092,THE VALLEY MEDICAL CENTRE,L25 1RY,CHILDWALL & WAVERTREE PCN,NORTH WEST,8517.4,1264.0,0.0,0.0,1264.0,100.0,,no split (uncategorised),7.3,Blinx Healthcare,77.7,40.0
N82094,BELLE VALE HEALTH CENTRE,L25 2XE,IGPC PCN,NORTH WEST,8447.0,411.0,0.0,0.0,411.0,100.0,,no split (uncategorised),10.4,Blinx Healthcare,74.4,33.9
N82115,VAUXHALL HEALTH CENTRE,L5 8XR,CENTRAL LIVERPOOL PCN,NORTH WEST,8838.7,287.0,0.0,0.0,287.0,100.0,,no split (uncategorised),0.0,Blinx Healthcare,78.1,37.6
N82116,HILLFOOT HEALTH,L25 0ND,SWAGGA PCN,NORTH WEST,7818.8,1190.0,0.0,0.0,1190.0,100.0,,no split (uncategorised),20.1,Blinx Healthcare,83.3,78.8
N82117,BROWNLOW GROUP PRACTICE,L69 3GF,BROWNLOW HEALTH PCN,NORTH WEST,58391.2,2618.0,0.0,0.0,2618.0,100.0,,no split (uncategorised),0.0,Blinx Healthcare,71.2,31.1
N82617,BROWNLOW AT MARYBONE,L3 2BG,BROWNLOW HEALTH PCN,NORTH WEST,10010.9,373.0,0.0,0.0,373.0,100.0,,no split (uncategorised),0.0,Blinx Healthcare,67.0,73.4
N82645,BROWNLOW HEALTH AT KENSINGTON,L7 2PF,BROWNLOW HEALTH PCN,NORTH WEST,8970.4,187.0,0.0,0.0,187.0,100.0,,no split (uncategorised),0.0,Blinx Healthcare,79.7,40.5
N83031,ROSEHEATH SURGERY,L26 9UH,WEST KNOWSLEY PCN,NORTH WEST,2806.8,862.0,0.0,0.0,862.0,100.0,,no split (uncategorised),0.1,Blinx Healthcare,72.1,19.4
N83608,DR MAASSARANI & PARTNERS,L33 1XT,KIRKBY PCN,NORTH WEST,16003.2,1708.0,0.0,0.0,1708.0,100.0,,no split (uncategorised),23.2,Blinx Healthcare,55.8,30.7
N83620,WINDERMERE MEDICAL CENTRE,WA11 7AF,ST HELENS NORTH PCN,NORTH WEST,3612.7,545.0,0.0,0.0,545.0,100.0,,no split (uncategorised),26.2,Blinx Healthcare,86.0,56.9
N84006,CHAPEL LANE SURGERY,L37 4DL,SOUTHPORT & FORMBY PCN,NORTH WEST,11608.7,1222.0,0.0,0.0,1222.0,100.0,,no split (uncategorised),140.6,Blinx Healthcare,73.0,39.9
N84018,THE VILLAGE SURGERY FORMBY,L37 4AW,SOUTHPORT & FORMBY PCN,NORTH WEST,14574.9,2145.0,0.0,0.0,2145.0,100.0,,no split (uncategorised),80.2,Blinx Healthcare,79.9,22.5
N84020,BLUNDELLSANDS SURGERY,L23 6TZ,SOUTH SEFTON PCN,NORTH WEST,10248.7,221.0,0.0,0.0,221.0,100.0,,no split (uncategorised),39.1,Blinx Healthcare,79.2,42.5
N84605,LITHERLAND PRACTICE,L21 9JN,Unallocated,NORTH WEST,7701.3,179.0,0.0,0.0,179.0,100.0,,no split (uncategorised),0.0,Blinx Healthcare,50.7,28.5
N84621,GREAT CROSBY AND THORNTON,L23 1TQ,Unallocated,NORTH WEST,6096.9,110.0,0.0,0.0,110.0,100.0,,no split (uncategorised),0.0,Blinx Healthcare,48.1,8.6
N85007,MYRTLE GROUP PRACTICE,CH60 7RN,HEALTHIER WEST WIRRAL PCN,NORTH WEST,20380.9,2765.0,0.0,0.0,2765.0,100.0,,no split (uncategorised),217.4,Blinx Healthcare,78.3,38.8
N85008,WEST WIRRAL GROUP PRACTICE,CH49 5PL,HEALTHIER WEST WIRRAL PCN,NORTH WEST,13645.2,2048.0,0.0,0.0,2048.0,100.0,,no split (uncategorised),246.2,Blinx Healthcare,84.5,26.0
N85023,MANOR HEALTH CTR,CH45 4JG,WALLASEY PCN,NORTH WEST,5772.2,109.0,0.0,0.0,109.0,100.0,,no split (uncategorised),22.3,Blinx Healthcare,84.9,47.1
N85028,MORETON GROUP PRACTICE,CH46 8SA,MORETON AND MEOLS PCN,NORTH WEST,13213.4,1439.0,0.0,0.0,1439.0,100.0,,no split (uncategorised),170.1,Blinx Healthcare,91.5,64.5
N85046,HOYLAKE RD MET CTR,CH46 6DE,MORETON AND MEOLS PCN,NORTH WEST,5022.8,559.0,0.0,0.0,559.0,100.0,,no split (uncategorised),4.0,Blinx Healthcare,82.5,66.2
N85048,MORETON MEDICAL CENTRE,CH46 0PE,MORETON AND MEOLS PCN,NORTH WEST,5287.8,289.0,0.0,0.0,289.0,100.0,,no split (uncategorised),53.1,Blinx Healthcare,80.7,51.0
N85620,THE VILLAGE MEDICAL CENTRE,CH45 3HE,WALLASEY PCN,NORTH WEST,6447.5,258.0,0.0,0.0,258.0,100.0,,no split (uncategorised),49.6,Blinx Healthcare,90.7,46.7
E85122,THE FLORENCE ROAD SURGERY,W5 3TX,SOUTH CENTRAL EALING PCN,LONDON,14376.5,5815.0,0.0,0.0,5815.0,100.0,,no split (uncategorised),237.7,EVERGREEN HEALTH SOLUTIONS,75.1,42.8
E87046,THE RANDOLPH SURGERY,W9 1NH,ST JOHN'S WOOD & MAIDA VALE PCN,LONDON,13401.1,2760.0,0.0,0.0,2760.0,100.0,,no split (uncategorised),22.0,EVERGREEN HEALTH SOLUTIONS,48.6,37.6
E87063,KINGS ROAD MEDICAL CENTRE,SW10 0UD,K AND C SOUTH PCN,LONDON,15453.4,866.0,0.0,0.0,866.0,100.0,,no split (uncategorised),15.8,EVERGREEN HEALTH SOLUTIONS,70.7,20.8
F81021,GREAT BENTLEY SURGERY,CO7 8PJ,TENDRING PCN,EAST OF ENGLAND,11339.4,4785.0,0.0,0.0,4785.0,100.0,,no split (uncategorised),222.5,EVERGREEN HEALTH SOLUTIONS,90.6,59.9
F81026,CARADOC SURGERY,CO13 9JT,Unallocated,EAST OF ENGLAND,8426.7,2742.0,0.0,0.0,2742.0,100.0,,no split (uncategorised),98.9,EVERGREEN HEALTH SOLUTIONS,74.3,23.8
F81052,ST. JAMES SURGERY,CO15 1DA,TENDRING PCN,EAST OF ENGLAND,15124.6,7427.0,0.0,0.0,7427.0,100.0,,no split (uncategorised),257.4,EVERGREEN HEALTH SOLUTIONS,83.0,71.5
F81156,RANWORTH SURGERY,CO15 1NJ,Unallocated,EAST OF ENGLAND,9323.0,3518.0,0.0,0.0,3518.0,100.0,,no split (uncategorised),155.8,EVERGREEN HEALTH SOLUTIONS,81.4,52.5
F81681,CLACTON COMMUNITY PRACTICES,CO15 2NB,Unallocated,EAST OF ENGLAND,15990.8,6304.0,0.0,0.0,6304.0,100.0,,no split (uncategorised),72.1,EVERGREEN HEALTH SOLUTIONS,52.0,14.3
F82627,RAINHAM HEALTH CENTRE,RM13 9AB,HAVERING SOUTH PCN,LONDON,8656.9,1132.0,0.0,0.0,1132.0,100.0,,no split (uncategorised),0.0,EVERGREEN HEALTH SOLUTIONS,53.1,36.4
F83048,BRUNSWICK MEDICAL CENTRE UHPC,WC1N 1AF,CENTRAL CAMDEN PCN,LONDON,9286.8,1550.0,0.0,0.0,1550.0,100.0,,no split (uncategorised),8.2,EVERGREEN HEALTH SOLUTIONS,49.3,49.5
F83635,KINGS CROSS SURGERY,NW1 1HY,CENTRAL CAMDEN PCN,LONDON,9002.8,1328.0,0.0,0.0,1328.0,100.0,,no split (uncategorised),12.9,EVERGREEN HEALTH SOLUTIONS,55.0,19.1
F85032,SOUTHGATE,N14 4PR,ENFIELD UNITY PCN,LONDON,9761.8,839.0,0.0,0.0,839.0,100.0,,no split (uncategorised),0.5,SILICON PRACTICE LTD,63.9,58.5
G85040,QUEENS ROAD SURGERY,SE15 2UA,SOUTH SOUTHWARK PCN,LONDON,14561.9,3285.0,0.0,0.0,3285.0,100.0,,no split (uncategorised),40.1,EVERGREEN HEALTH SOLUTIONS,75.2,30.2
G85724,EDITH CAVELL PRACTICE,SW2 4TP,AT MEDICS STREATHAM PCN,LONDON,21045.8,4695.0,0.0,0.0,4695.0,100.0,,no split (uncategorised),84.5,EVERGREEN HEALTH SOLUTIONS,61.7,20.4
H83019,FRIENDS ROAD MEDICAL PRACTICE,CR0 1ED,GPNET5 PCN,LONDON,7466.8,497.0,0.0,0.0,497.0,100.0,,no split (uncategorised),0.2,SILICON PRACTICE LTD,70.3,43.2
H84032,HAMPTON WICK SURGERY,KT1 4DY,TEDDINGTON PCN,LONDON,9042.2,723.0,0.0,0.0,723.0,100.0,,no split (uncategorised),0.4,SILICON PRACTICE LTD,81.3,48.1
H84635,MANOR DRIVE MEDICAL CENTRE,KT4 7LG,NEW MALDEN & WORCESTER PARK PCN,LONDON,15871.7,1358.0,0.0,0.0,1358.0,100.0,,no split (uncategorised),0.4,SILICON PRACTICE LTD,85.1,63.0
J82103,ST MARY'S SURGERY,SP10 1DP,ANDOVER PCN,SOUTH EAST,12772.4,790.0,0.0,0.0,790.0,100.0,,no split (uncategorised),0.2,SILICON PRACTICE LTD,86.1,46.1
J82214,WHITCHURCH SURGERY,RG28 7AE,WINCHESTER RURAL NORTH & EAST PCN,SOUTH EAST,9908.8,611.0,0.0,0.0,611.0,100.0,,no split (uncategorised),0.3,"Blinx Healthcare, SILICON PRACTICE LTD",92.6,55.2
K81004,THE POTTERIES,RG30 6BW,THE TRIANGLE PCN,SOUTH EAST,14628.2,3292.0,0.0,0.0,3292.0,100.0,,no split (uncategorised),16.7,EVERGREEN HEALTH SOLUTIONS,72.8,11.9
K82618,PROSPECT HOUSE SURGERY,HP16 0BG,MID CHILTERN PCN,SOUTH EAST,3500.9,227.0,0.0,0.0,227.0,100.0,,no split (uncategorised),3.6,EVERGREEN HEALTH SOLUTIONS,78.1,58.4
L81016,GRAHAM ROAD SURGERY,BS23 1YA,PIER HEALTH PCN,SOUTH WEST,9862.0,2856.0,0.0,0.0,2856.0,100.0,,no split (uncategorised),152.7,EVERGREEN HEALTH SOLUTIONS,55.8,44.2
L81044,TUDOR LODGE SURGERY,BS23 4JP,PIER HEALTH PCN,SOUTH WEST,12154.8,5333.0,0.0,0.0,5333.0,100.0,,no split (uncategorised),255.0,EVERGREEN HEALTH SOLUTIONS,80.0,66.3
L81058,THE MILTON SURGERY,BS22 8AG,PIER HEALTH PCN,SOUTH WEST,9180.8,3220.0,0.0,0.0,3220.0,100.0,,no split (uncategorised),160.6,EVERGREEN HEALTH SOLUTIONS,79.9,43.1
L82045,PROBUS SURGERY,TR2 4JZ,ARBENNEK HEALTH PCN,SOUTH WEST,9487.6,1361.0,0.0,0.0,1361.0,100.0,,no split (uncategorised),0.0,SILICON PRACTICE LTD,71.2,43.3
L83118,CHELSTON HALL SURGERY,TQ2 6HW,TORQUAY PCN,SOUTH WEST,18170.1,3287.0,0.0,0.0,3287.0,100.0,,no split (uncategorised),97.5,EVERGREEN HEALTH SOLUTIONS,76.4,29.9
L84008,ST. GEORGE'S SURGERY,GL50 4DP,ST PAUL'S PCN,SOUTH WEST,11924.7,489.0,0.0,0.0,489.0,100.0,,no split (uncategorised),0.2,SILICON PRACTICE LTD,85.8,17.7
L84012,PHOENIX HEALTH GROUP,GL7 1XG,SOUTH COTSWOLDS PCN,SOUTH WEST,24662.8,2114.0,0.0,0.0,2114.0,100.0,,no split (uncategorised),0.3,SILICON PRACTICE LTD,82.9,70.3
L84024,DRYBROOK SURGERY,GL17 9JE,FOREST GREEN PCN,SOUTH WEST,3661.4,325.0,0.0,0.0,325.0,100.0,,no split (uncategorised),0.4,SILICON PRACTICE LTD,88.6,64.9
L84027,CULVERHAY SURGERY,GL12 7LS,BERKELEY VALE PCN,SOUTH WEST,17988.3,323.0,0.0,0.0,323.0,100.0,,no split (uncategorised),0.1,SILICON PRACTICE LTD,83.9,64.2
L84029,DEAN MEDICAL PRACTICE,GL15 4ED,WEST FOREST OF DEAN PCN,SOUTH WEST,3260.1,1093.0,0.0,0.0,1093.0,100.0,,no split (uncategorised),2.3,SILICON PRACTICE LTD,92.2,58.2
L84034,"PARTNERS IN HEALTH, PAVILION FAMILY DRS",GL1 5JJ,GLOUCESTER INNER CITY PCN,SOUTH WEST,12307.8,373.0,0.0,0.0,373.0,100.0,,no split (uncategorised),0.2,SILICON PRACTICE LTD,65.0,17.5
L84039,BEECHES GREEN SURGERY,GL5 4BH,STROUD COTSWOLD PCN,SOUTH WEST,8868.5,218.0,0.0,0.0,218.0,100.0,,no split (uncategorised),0.2,SILICON PRACTICE LTD,96.2,73.3
L84051,CHIPPING SURGERY,GL12 7BD,BERKELEY VALE PCN,SOUTH WEST,9705.0,902.0,0.0,0.0,902.0,100.0,,no split (uncategorised),0.4,SILICON PRACTICE LTD,83.6,50.4
L84080,THE WILLOW TREE PRACTICE,GL10 2NG,SEVERN HEALTH PCN,SOUTH WEST,11138.3,407.0,0.0,0.0,407.0,100.0,,no split (uncategorised),0.1,SILICON PRACTICE LTD,71.9,7.7
L84081,KINGSHOLM SURGERY,GL1 3EN,GLOUCESTER INNER CITY PCN,SOUTH WEST,4456.1,151.0,0.0,0.0,151.0,100.0,,no split (uncategorised),0.2,SILICON PRACTICE LTD,79.4,20.1
L84085,SEVERNBANK SURGERY,GL15 5PF,WEST FOREST OF DEAN PCN,SOUTH WEST,3829.6,132.0,0.0,0.0,132.0,100.0,,no split (uncategorised),0.1,SILICON PRACTICE LTD,84.8,64.2
L84606,THE ALNEY PRACTICE,GL2 8DH,NORTH & SOUTH GLOUCESTER (NSG) PCN,SOUTH WEST,11848.4,647.0,0.0,0.0,647.0,100.0,,no split (uncategorised),0.2,SILICON PRACTICE LTD,75.2,20.3
L84613,STONEHOUSE HEALTH CLINIC,GL10 2NG,SEVERN HEALTH PCN,SOUTH WEST,3333.4,590.0,0.0,0.0,590.0,100.0,,no split (uncategorised),1.0,SILICON PRACTICE LTD,80.9,55.7
L84617,QUEDGELEY MEDICAL CENTRE,GL2 4NF,HADWEN QUEDGELEY PCN,SOUTH WEST,6836.2,391.0,0.0,0.0,391.0,100.0,,no split (uncategorised),0.2,SILICON PRACTICE LTD,91.7,58.8
L85003,EXMOOR MEDICAL CENTRE,TA22 9EN,WEST SOMERSET PCN,SOUTH WEST,3922.8,1172.0,0.0,0.0,1172.0,100.0,,no split (uncategorised),157.7,EVERGREEN HEALTH SOLUTIONS,88.8,62.6
L85017,"PENN HILL SURGERY, YEOVIL",BA20 1SB,YEOVIL PCN,SOUTH WEST,10407.2,3189.0,0.0,0.0,3189.0,100.0,,no split (uncategorised),130.4,EVERGREEN HEALTH SOLUTIONS,72.0,31.1
L85027,WINCANTON HEALTH CENTRE,BA9 9FQ,SOUTH SOMERSET EAST - RPN PCN,SOUTH WEST,8858.0,2436.0,0.0,0.0,2436.0,100.0,,no split (uncategorised),153.5,EVERGREEN HEALTH SOLUTIONS,78.2,35.8
L85040,"MILLBROOK SURGERY, CASTLE CARY",BA7 7EE,SOUTH SOMERSET EAST - RPN PCN,SOUTH WEST,6942.8,4622.0,0.0,0.0,4622.0,100.0,,no split (uncategorised),314.6,EVERGREEN HEALTH SOLUTIONS,90.0,55.6
L85047,GLASTONBURY HEALTH CENTRE,BA6 9DD,WEST MENDIP PCN,SOUTH WEST,5984.0,3630.0,0.0,0.0,3630.0,100.0,,no split (uncategorised),285.9,EVERGREEN HEALTH SOLUTIONS,81.5,38.7
L85064,OAKLANDS SURGERY,BA21 5RL,YEOVIL PCN,SOUTH WEST,11193.2,4394.0,0.0,0.0,4394.0,100.0,,no split (uncategorised),131.2,EVERGREEN HEALTH SOLUTIONS,59.6,37.6
Y00185,CATHEDRAL MEDICAL CENTRE,CB6 1DN,ELY NORTH PCN,EAST OF ENGLAND,11533.1,4208.0,0.0,0.0,4208.0,100.0,,no split (uncategorised),178.8,EVERGREEN HEALTH SOLUTIONS,87.9,76.1
Y00206,BURNLEY PRACTICE,NW10 3RY,BRENT SOUTH KWH PCN,LONDON,10306.5,2043.0,0.0,0.0,2043.0,100.0,,no split (uncategorised),24.9,EVERGREEN HEALTH SOLUTIONS,69.2,38.4
Y00774,BRANDON MEDICAL PRACTICE,IP27 0AQ,FOREST HEATH PCN,EAST OF ENGLAND,5265.1,2149.0,0.0,0.0,2149.0,100.0,,no split (uncategorised),229.8,EVERGREEN HEALTH SOLUTIONS,83.1,55.8
Y02575,OMNES HEALTHCARE LTD,RM8 2EQ,BARKING & DAGENHAM EAST PCN,LONDON,22122.2,5665.0,0.0,0.0,5665.0,100.0,,no split (uncategorised),131.5,EVERGREEN HEALTH SOLUTIONS,57.7,21.3
Y02692,THE WEMBLEY PRACTICE,HA0 4UZ,BRENT WEST KWH PCN,LONDON,16787.7,3349.0,0.0,0.0,3349.0,100.0,,no split (uncategorised),28.8,EVERGREEN HEALTH SOLUTIONS,69.8,42.4
Y02987,AT MEDICS - THE LOXFORD PRACTICE,IG1 2SN,LOXFORD PCN,LONDON,33068.2,6429.0,0.0,0.0,6429.0,100.0,,no split (uncategorised),20.7,EVERGREEN HEALTH SOLUTIONS,44.2,32.8
Y03755,GREENWICH PENINSULA,SE10 0QN,GREENWICH WEST PCN,LONDON,13764.2,4234.0,0.0,0.0,4234.0,100.0,,no split (uncategorised),134.6,EVERGREEN HEALTH SOLUTIONS,46.4,8.9
D81014,STAPLOE MEDICAL CENTRE,CB7 5JD,ELY SOUTH PCN,EAST OF ENGLAND,23962.3,7653.0,0.0,0.0,7653.0,100.0,,no split (uncategorised),153.6,EVERGREEN HEALTH SOLUTIONS,82.5,56.2
D81021,ST. GEORGE'S MEDICAL CENTRE,CB6 1JU,ELY NORTH PCN,EAST OF ENGLAND,12614.2,5442.0,0.0,0.0,5442.0,100.0,,no split (uncategorised),220.8,EVERGREEN HEALTH SOLUTIONS,80.1,44.3
D81051,BURWELL SURGERY,CB25 0AE,ELY SOUTH PCN,EAST OF ENGLAND,9422.0,3576.0,0.0,0.0,3576.0,100.0,,no split (uncategorised),213.3,EVERGREEN HEALTH SOLUTIONS,97.4,80.6
D81062,HADDENHAM SURGERY,CB6 3TA,ELY SOUTH PCN,EAST OF ENGLAND,7949.3,3654.0,0.0,0.0,3654.0,100.0,,no split (uncategorised),208.4,EVERGREEN HEALTH SOLUTIONS,79.1,73.3
D82002,GROVE SURGERY,IP24 2HY,BRECKLAND SURGERIES PCN,EAST OF ENGLAND,12815.0,1740.0,0.0,0.0,1740.0,100.0,,no split (uncategorised),0.7,SILICON PRACTICE LTD,68.1,19.8
D82003,BEACHES MEDICAL CENTRE,NR31 6QB,GORLESTON PCN,EAST OF ENGLAND,25187.9,4703.0,0.0,0.0,4703.0,100.0,,no split (uncategorised),0.8,SILICON PRACTICE LTD,71.5,48.6
D82011,CASTLE PARTNERSHIP,NR3 1SE,CENTRAL NORWICH PCN,EAST OF ENGLAND,17724.0,1378.0,0.0,0.0,1378.0,100.0,,no split (uncategorised),0.4,SILICON PRACTICE LTD,86.1,33.0
D82013,OLD CATTON MEDICAL PRACTICE,NR6 7HQ,NORWICH EAST PCN,EAST OF ENGLAND,8383.3,1245.0,0.0,0.0,1245.0,100.0,,no split (uncategorised),0.7,SILICON PRACTICE LTD,79.6,51.5
D82017,TRINITY & BOWTHORPE MEDICAL PRACTICE,NR5 9HA,WEST NORWICH PCN,EAST OF ENGLAND,11313.5,3375.0,0.0,0.0,3375.0,100.0,,no split (uncategorised),1.6,SILICON PRACTICE LTD,68.1,27.9
D82019,THE MILLWOOD PARTNERSHIP,NR31 8HS,GORLESTON PCN,EAST OF ENGLAND,19613.5,8529.0,0.0,0.0,8529.0,100.0,,no split (uncategorised),2.0,SILICON PRACTICE LTD,76.9,34.2
D82026,LAKENHAM SURGERY,NR1 3JJ,CENTRAL NORWICH PCN,EAST OF ENGLAND,8956.2,777.0,0.0,0.0,777.0,100.0,,no split (uncategorised),0.5,SILICON PRACTICE LTD,84.2,59.3
D82036,OLD MILL AND MILLGATES MEDICAL PRACTICE,NR14 7FA,SOUTH NORFOLK HIP PCN,EAST OF ENGLAND,8972.6,180.0,0.0,0.0,180.0,100.0,,no split (uncategorised),0.2,SILICON PRACTICE LTD,84.6,23.0
D82047,OAK STREET MEDICAL PRACT.,NR3 3DL,NORWICH NORTH PCN,EAST OF ENGLAND,7014.8,3122.0,0.0,0.0,3122.0,100.0,,no split (uncategorised),1.1,SILICON PRACTICE LTD,65.6,31.0
D82049,LITCHAM HEALTH CENTRE,PE32 2NW,SWAFFHAM & DOWNHAM MARKET PCN,EAST OF ENGLAND,3605.0,357.0,0.0,0.0,357.0,100.0,,no split (uncategorised),0.4,SILICON PRACTICE LTD,64.5,43.1
D82051,ST JAMES MEDICAL PRACTICE,PE30 2FQ,KINGS LYNN PCN,EAST OF ENGLAND,17889.5,2009.0,0.0,0.0,2009.0,100.0,,no split (uncategorised),0.6,SILICON PRACTICE LTD,85.9,46.6
D82057,CAMPINGLAND SURGERY,PE37 7RD,SWAFFHAM & DOWNHAM MARKET PCN,EAST OF ENGLAND,7394.2,1225.0,0.0,0.0,1225.0,100.0,,no split (uncategorised),1.2,SILICON PRACTICE LTD,78.9,36.2
D82062,COLTISHALL MEDICAL PRACTICE,NR12 7HA,NORTH NORFOLK 3 PCN,EAST OF ENGLAND,8822.3,358.0,0.0,0.0,358.0,100.0,,no split (uncategorised),0.3,SILICON PRACTICE LTD,81.8,30.4
D82063,WATTON MEDICAL PRACTICE,IP25 6FA,BRECKLAND SURGERIES PCN,EAST OF ENGLAND,14197.3,4007.0,0.0,0.0,4007.0,100.0,,no split (uncategorised),1.5,SILICON PRACTICE LTD,63.7,14.8
D82070,GREAT MASSINGHAM SURGERY,PE32 2JQ,WEST NORFOLK COASTAL PCN,EAST OF ENGLAND,6392.8,154.0,0.0,0.0,154.0,100.0,,no split (uncategorised),0.2,SILICON PRACTICE LTD,90.0,89.0
D82084,HARLESTON MEDICAL PRACTICE,IP20 9AT,SOUTH NORFOLK HIP PCN,EAST OF ENGLAND,7951.4,415.0,0.0,0.0,415.0,100.0,,no split (uncategorised),0.2,SILICON PRACTICE LTD,73.9,23.4
D82087,PROSPECT MEDICAL PRACTICE,NR3 2HW,NORWICH EAST PCN,EAST OF ENGLAND,6912.0,457.0,0.0,0.0,457.0,100.0,,no split (uncategorised),0.2,SILICON PRACTICE LTD,77.4,43.3
D82100,SHIPDHAM SURGERY,IP25 7LA,MID NORFOLK PCN,EAST OF ENGLAND,4474.5,134.0,0.0,0.0,134.0,100.0,,no split (uncategorised),0.1,SILICON PRACTICE LTD,94.8,85.4
D82106,WEST POTTERGATE MED PRAC,NR2 4BX,CENTRAL NORWICH PCN,EAST OF ENGLAND,5926.3,1707.0,0.0,0.0,1707.0,100.0,,no split (uncategorised),1.5,SILICON PRACTICE LTD,94.9,80.0
D82604,BOUGHTON SURGERY,PE33 9AG,FENS & BRECKS PCN,EAST OF ENGLAND,3482.2,600.0,0.0,0.0,600.0,100.0,,no split (uncategorised),1.0,SILICON PRACTICE LTD,84.4,40.4
D82621,PLOWRIGHT MEDICAL CENTRE,PE37 7HJ,SWAFFHAM & DOWNHAM MARKET PCN,EAST OF ENGLAND,6590.4,1106.0,0.0,0.0,1106.0,100.0,,no split (uncategorised),0.7,SILICON PRACTICE LTD,89.2,46.2
D82628,ALDBOROUGH SURGERY,NR11 7NN,NORTH NORFOLK 2 PCN,EAST OF ENGLAND,3933.2,130.0,0.0,0.0,130.0,100.0,,no split (uncategorised),0.2,SILICON PRACTICE LTD,94.2,59.8
D83015,HOWARD HOUSE SURGERY,IP11 7DD,EAST SUFFOLK PCN,EAST OF ENGLAND,8525.2,4803.0,0.0,0.0,4803.0,100.0,,no split (uncategorised),274.5,EVERGREEN HEALTH SOLUTIONS,87.5,34.1
D83041,DEBENHAM GROUP PRACTICE,IP14 6QU,EAST SUFFOLK PCN,EAST OF ENGLAND,9715.2,4942.0,0.0,0.0,4942.0,100.0,,no split (uncategorised),246.9,EVERGREEN HEALTH SOLUTIONS,89.9,62.8
D83081,HAVEN HEALTH,IP11 2XD,EAST SUFFOLK PCN,EAST OF ENGLAND,8554.3,4380.0,0.0,0.0,4380.0,100.0,,no split (uncategorised),274.7,EVERGREEN HEALTH SOLUTIONS,87.1,45.5
B82088,BROOK SQUARE SURGERY,YO12 7AS,SCARBOROUGH CORE PCN,NORTH EAST AND YORKSHIRE,10564.6,3560.0,0.0,0.0,3560.0,100.0,,no split (uncategorised),1.1,SILICON PRACTICE LTD,73.8,17.9
B86061,HAREHILLS CORNER SURGERY,LS8 4HQ,"BURMANTOFTS, HAREHILLS & RICHMOND HILL PCN",NORTH EAST AND YORKSHIRE,5301.9,864.0,0.0,0.0,864.0,100.0,,no split (uncategorised),20.3,EVERGREEN HEALTH SOLUTIONS,71.9,17.8
B86675,LINCOLN GREEN MEDICAL CENTRE,LS9 7TA,"BURMANTOFTS, HAREHILLS & RICHMOND HILL PCN",NORTH EAST AND YORKSHIRE,4729.2,855.0,0.0,0.0,855.0,100.0,,no split (uncategorised),25.5,EVERGREEN HEALTH SOLUTIONS,85.4,29.3
C81065,BUXTON MEDICAL PRACTICE,SK17 9BZ,HIGH PEAK & BUXTON PCN,MIDLANDS,9018.9,186.0,0.0,0.0,186.0,100.0,,no split (uncategorised),0.1,SILICON PRACTICE LTD,77.5,35.1
C81653,BROOK MEDICAL CENTRE,DE22 1FT,GREATER DERBY PCN,MIDLANDS,4554.5,113.0,0.0,0.0,113.0,100.0,,no split (uncategorised),0.1,SILICON PRACTICE LTD,74.4,69.5
C83030,BILLINGHAY MEDICAL PRACTICE,LN4 4AU,K2 HEALTHCARE SLEAFORD PCN,MIDLANDS,5172.0,1976.0,0.0,0.0,1976.0,100.0,,no split (uncategorised),201.2,EVERGREEN HEALTH SOLUTIONS,89.7,33.8
C83048,ST. JOHNS MEDICAL CENTRE,NG31 6HR,GRANTHAM AND RURAL PCN,MIDLANDS,13519.2,5127.0,0.0,0.0,5127.0,100.0,,no split (uncategorised),174.2,EVERGREEN HEALTH SOLUTIONS,58.8,34.8
C83052,THE INGHAM SURGERY,LN1 2XF,IMP PCN,MIDLANDS,3907.2,1160.0,0.0,0.0,1160.0,100.0,,no split (uncategorised),181.0,EVERGREEN HEALTH SOLUTIONS,95.1,40.3
C83060,THE SIDINGS MEDICAL PRACTICE,PE21 8EG,BOSTON PCN,MIDLANDS,16318.2,4014.0,0.0,0.0,4014.0,100.0,,no split (uncategorised),171.6,EVERGREEN HEALTH SOLUTIONS,50.1,11.1
C83078,BRANT ROAD & SPRINGCLIFFE SURGERY,LN5 9AB,SOUTH LINCOLN PCN,MIDLANDS,9005.1,3804.0,0.0,0.0,3804.0,100.0,,no split (uncategorised),232.4,EVERGREEN HEALTH SOLUTIONS,81.0,51.0
C83079,GLEBE PARK SURGERY,LN2 4WA,IMP PCN,MIDLANDS,6077.8,2839.0,0.0,0.0,2839.0,100.0,,no split (uncategorised),180.8,EVERGREEN HEALTH SOLUTIONS,82.2,38.9
C84004,ST ALBANS MEDICAL CENTRE,NG6 8AQ,BULWELL AND TOP VALLEY PCN,MIDLANDS,9704.2,2404.0,0.0,0.0,2404.0,100.0,,no split (uncategorised),34.3,EVERGREEN HEALTH SOLUTIONS,42.7,26.9
C84705,HICKINGS LANE MEDICAL CTR,NG9 8PN,NOTTINGHAM WEST PCN,MIDLANDS,7759.7,1823.0,0.0,0.0,1823.0,100.0,,no split (uncategorised),40.7,EVERGREEN HEALTH SOLUTIONS,80.6,37.9
M87005,THREE VILLAGES MEDICAL PRACTICE,DY8 4HZ,BRIERLEY HILL PCN,MIDLANDS,12833.2,3748.0,0.0,0.0,3748.0,100.0,,no split (uncategorised),1.6,SILICON PRACTICE LTD,69.4,17.2
M87009,AW SURGERIES,DY5 3EE,BRIERLEY HILL PCN,MIDLANDS,16807.2,5791.0,0.0,0.0,5791.0,100.0,,no split (uncategorised),2.0,SILICON PRACTICE LTD,69.0,16.3
M87010,THE WATERFRONT SURGERY,DY5 1RU,BRIERLEY HILL PCN,MIDLANDS,9087.8,1268.0,0.0,0.0,1268.0,100.0,,no split (uncategorised),0.8,SILICON PRACTICE LTD,74.6,32.7
M87017,STEPPINGSTONES MEDICAL PRACTICE,DY1 1RT,DUDLEY AND NETHERTON PCN,MIDLANDS,8654.2,242.0,0.0,0.0,242.0,100.0,,no split (uncategorised),0.0,SILICON PRACTICE LTD,67.2,29.3
M87018,THE SUMMERHILL SURGERY,DY6 9JG,KINGSWINFORD & WORDSLEY PCN,MIDLANDS,7229.1,614.0,0.0,0.0,614.0,100.0,,no split (uncategorised),0.5,SILICON PRACTICE LTD,86.7,56.5
M87019,THE LIMES SURGERY MEDICAL CENTRE,DY9 8LL,"STOURBRIDGE, WOLLESCOTE & LYE PCN",MIDLANDS,6015.8,124.0,0.0,0.0,124.0,100.0,,no split (uncategorised),0.2,SILICON PRACTICE LTD,70.0,32.5
M87036,BEAN MEDICAL PRACTICE,DY2 8TH,DUDLEY AND NETHERTON PCN,MIDLANDS,3842.2,693.0,0.0,0.0,693.0,100.0,,no split (uncategorised),0.0,SILICON PRACTICE LTD,64.1,27.2
M87638,THORNS ROAD SURGERY,DY5 2JS,BRIERLEY HILL PCN,MIDLANDS,3879.8,1305.0,0.0,0.0,1305.0,100.0,,no split (uncategorised),0.6,SILICON PRACTICE LTD,83.1,56.4
N81068,GROSVENOR MEDICAL CENTRE,CW1 3HB,CREWE - GHR PCN,NORTH WEST,15301.0,2818.0,0.0,0.0,2818.0,100.0,,no split (uncategorised),0.7,SILICON PRACTICE LTD,63.1,40.4
P83005,TOWNSIDE SURGERY,BL9 0SN,BURY PCN,NORTH WEST,4639.3,1082.0,0.0,0.0,1082.0,100.0,,no split (uncategorised),123.2,EVERGREEN HEALTH SOLUTIONS,86.0,53.4
P83012,TOWER FAMILY HEALTHCARE,BL8 4AD,HORIZON PCN,NORTH WEST,48412.6,3808.0,0.0,0.0,3808.0,100.0,,no split (uncategorised),41.9,EVERGREEN HEALTH SOLUTIONS,72.6,33.7
P83015,RIBBLESDALE MEDICAL PRACTICE,BL9 0SN,HORIZON PCN,NORTH WEST,7365.9,880.0,0.0,0.0,880.0,100.0,,no split (uncategorised),32.2,EVERGREEN HEALTH SOLUTIONS,83.7,40.9
P83605,WHITTAKER LANE MED CENTRE,M25 1EX,PRESTWICH PCN,NORTH WEST,7608.6,2273.0,0.0,0.0,2273.0,100.0,,no split (uncategorised),89.4,EVERGREEN HEALTH SOLUTIONS,73.3,24.9
P83620,GARDEN CITY MEDICAL CENTRE,BL0 9TN,HORIZON PCN,NORTH WEST,5021.4,177.0,0.0,0.0,177.0,100.0,,no split (uncategorised),15.4,EVERGREEN HEALTH SOLUTIONS,93.3,74.3
P83623,LONGFIELD MEDICAL PRACTICE,M25 1BT,PRESTWICH PCN,NORTH WEST,5032.0,721.0,0.0,0.0,721.0,100.0,,no split (uncategorised),89.8,EVERGREEN HEALTH SOLUTIONS,73.9,33.3
P84009,AILSA CRAIG MEDICAL CENTRE,M13 0YL,ARDWICK AND LONGSIGHT PCN,NORTH WEST,11786.8,3470.0,0.0,0.0,3470.0,100.0,,no split (uncategorised),1.0,SILICON PRACTICE LTD,78.3,39.0
P84022,KINGSWAY MEDICAL PRACTICE,M19 1UG,DIDSBURY CHORLTON PARK & BURNAGE PCN,NORTH WEST,6331.2,236.0,0.0,0.0,236.0,100.0,,no split (uncategorised),0.1,SILICON PRACTICE LTD,54.5,19.8
P84027,WEST POINT MEDICAL CENTRE,M19 2AF,GORTON AND LEVENSHULME PCN,NORTH WEST,8084.8,725.0,0.0,0.0,725.0,100.0,,no split (uncategorised),0.3,"Engage Health Systems Limited, SILICON PRACTICE LTD",72.6,25.7
P84038,ASHVILLE SURGERY,M16 9RT,WEST CENTRAL MANCHESTER PCN,NORTH WEST,13428.6,6675.0,0.0,0.0,6675.0,100.0,,no split (uncategorised),260.7,EVERGREEN HEALTH SOLUTIONS,80.6,45.9
P84056,PRINCESS ROAD SURGERY,M20 1BH,WEST CENTRAL MANCHESTER PCN,NORTH WEST,4491.1,1438.0,0.0,0.0,1438.0,100.0,,no split (uncategorised),171.5,EVERGREEN HEALTH SOLUTIONS,69.5,33.5
P84072,THE ROBERT DARBISHIRE PRACTICE,M14 5NP,BETTER HEALTH MCR PCN,NORTH WEST,33510.8,10024.0,0.0,0.0,10024.0,100.0,,no split (uncategorised),1.2,SILICON PRACTICE LTD,79.5,47.0
P84635,THE WHITSWOOD PRACTICE,M16 7AP,BETTER HEALTH MCR PCN,NORTH WEST,5274.2,1862.0,0.0,0.0,1862.0,100.0,,no split (uncategorised),1.2,SILICON PRACTICE LTD,81.8,30.3
P84650,THE ALEXANDRA PRACTICE,M16 8NG,WEST CENTRAL MANCHESTER PCN,NORTH WEST,6358.8,2400.0,0.0,0.0,2400.0,100.0,,no split (uncategorised),225.6,EVERGREEN HEALTH SOLUTIONS,75.5,54.6
P87004,1/SALFORD MEDICAL PRACTICE,M6 5PP,SALFORD SOUTH EAST PCN,NORTH WEST,13615.2,1552.0,0.0,0.0,1552.0,100.0,,no split (uncategorised),0.4,SILICON PRACTICE LTD,76.3,43.5
P87024,3/SPRINGFIELD HOUSE MEDICAL PRACTICE,M30 8QD,ECCLES & IRLAM PCN,NORTH WEST,11587.7,3727.0,0.0,0.0,3727.0,100.0,,no split (uncategorised),1.3,SILICON PRACTICE LTD,74.2,30.7
P87610,THE MOSSLANDS MEDICAL PRACTICE,M44 5LH,ECCLES & IRLAM PCN,NORTH WEST,12805.5,4387.0,0.0,0.0,4387.0,100.0,,no split (uncategorised),2.0,SILICON PRACTICE LTD,72.1,19.2
P87620,1/MONTON MEDICAL PRACTICE,M30 8AR,ECCLES & IRLAM PCN,NORTH WEST,9376.6,771.0,0.0,0.0,771.0,100.0,,no split (uncategorised),0.4,SILICON PRACTICE LTD,80.9,48.1
P91006,URMSTON GROUP PRACTICE,M41 8AA,TRAFFORD WEST PCN,NORTH WEST,13277.1,1061.0,0.0,0.0,1061.0,100.0,,no split (uncategorised),82.2,EVERGREEN HEALTH SOLUTIONS,87.8,46.9
P91009,DAVYHULME MEDICAL CENTRE,M41 7WJ,TRAFFORD WEST PCN,NORTH WEST,10967.6,661.0,0.0,0.0,661.0,100.0,,no split (uncategorised),31.7,EVERGREEN HEALTH SOLUTIONS,80.4,33.0
P91012,PRIMROSE SURGERY,M41 7AB,TRAFFORD WEST PCN,NORTH WEST,7506.5,2040.0,0.0,0.0,2040.0,100.0,,no split (uncategorised),146.2,EVERGREEN HEALTH SOLUTIONS,85.3,54.4
P91014,WASHWAY ROAD MEDICAL CENTRE,M33 7SS,SALE CENTRAL PCN,NORTH WEST,16413.7,5869.0,0.0,0.0,5869.0,100.0,,no split (uncategorised),200.9,EVERGREEN HEALTH SOLUTIONS,86.5,41.7
P91017,BODMIN ROAD HEALTH CENTRE,M33 5JH,SALE CENTRAL PCN,NORTH WEST,8932.0,672.0,0.0,0.0,672.0,100.0,,no split (uncategorised),174.3,EVERGREEN HEALTH SOLUTIONS,82.1,36.2
P91018,DELAMERE MEDICAL PRACTICE,M32 0DF,NORTH TRAFFORD PCN,NORTH WEST,14893.6,4201.0,0.0,0.0,4201.0,100.0,,no split (uncategorised),1.4,SILICON PRACTICE LTD,65.2,36.9
P91029,FLIXTON ROAD MEDICAL CENTRE,M41 5BG,TRAFFORD WEST PCN,NORTH WEST,11740.7,3551.0,0.0,0.0,3551.0,100.0,,no split (uncategorised),156.9,EVERGREEN HEALTH SOLUTIONS,84.0,52.3
P92004,DR TUN & PARTNERS,WN2 3HQ,HINDLEY PCN,NORTH WEST,7563.1,2200.0,0.0,0.0,2200.0,100.0,,no split (uncategorised),161.1,EVERGREEN HEALTH SOLUTIONS,56.7,32.4
P92006,DR AHMAD & PTNRS,WN2 5NG,HINDLEY PCN,NORTH WEST,6155.2,127.0,0.0,0.0,127.0,100.0,,no split (uncategorised),8.0,EVERGREEN HEALTH SOLUTIONS,77.3,72.6
P92007,OLD HENRY STREET MED CTR,WN7 2PG,LEIGH PCN,NORTH WEST,6502.3,1494.0,0.0,0.0,1494.0,100.0,,no split (uncategorised),116.3,EVERGREEN HEALTH SOLUTIONS,80.3,34.2
P92008,BRADSHAW MEDICAL CENTRE,WN5 0AB,WIGAN CENTRAL PCN,NORTH WEST,8765.5,2390.0,0.0,0.0,2390.0,100.0,,no split (uncategorised),132.4,EVERGREEN HEALTH SOLUTIONS,78.4,40.6
P92010,BEECH HILL MEDICAL PRACTICE,WN6 7PD,NORTH WIGAN PCN,NORTH WEST,11828.4,3712.0,0.0,0.0,3712.0,100.0,,no split (uncategorised),164.6,EVERGREEN HEALTH SOLUTIONS,64.1,27.2
P92011,SULLIVAN WAY SURGERY,WN1 3TB,WIGAN CENTRAL PCN,NORTH WEST,8023.6,3487.0,0.0,0.0,3487.0,100.0,,no split (uncategorised),229.8,EVERGREEN HEALTH SOLUTIONS,81.6,39.8
P92012,HIGH STREET SURGERY,WA3 3GS,LIGA WIGAN PCN,NORTH WEST,4526.2,583.0,0.0,0.0,583.0,100.0,,no split (uncategorised),88.5,EVERGREEN HEALTH SOLUTIONS,76.9,36.8
P92017,SHEVINGTON SURGERY,WN6 8ET,NORTH WIGAN PCN,NORTH WEST,13163.2,4032.0,0.0,0.0,4032.0,100.0,,no split (uncategorised),142.4,EVERGREEN HEALTH SOLUTIONS,88.0,49.2
P92019,PEMBERTON SURGERY,WN5 9QX,WIGAN CENTRAL PCN,NORTH WEST,10393.9,2716.0,0.0,0.0,2716.0,100.0,,no split (uncategorised),136.2,EVERGREEN HEALTH SOLUTIONS,85.6,70.2
P92026,LONGSHOOT MEDICAL PRACTICE,WN1 3NH,WIGAN CENTRAL PCN,NORTH WEST,7552.2,1977.0,0.0,0.0,1977.0,100.0,,no split (uncategorised),141.7,EVERGREEN HEALTH SOLUTIONS,71.7,27.3
P92029,WESTLEIGH MEDICAL PRACTICE,WN7 5JE,LEIGH PCN,NORTH WEST,4551.0,1650.0,0.0,0.0,1650.0,100.0,,no split (uncategorised),183.2,EVERGREEN HEALTH SOLUTIONS,63.6,16.5
P92030,DR SEABROOK,WN1 2AZ,WIGAN CENTRAL PCN,NORTH WEST,4574.9,915.0,0.0,0.0,915.0,100.0,,no split (uncategorised),117.9,EVERGREEN HEALTH SOLUTIONS,85.9,83.9
P92031,PLATT HOUSE SURGERY,WN2 5NG,HINDLEY PCN,NORTH WEST,4412.4,233.0,0.0,0.0,233.0,100.0,,no split (uncategorised),14.5,EVERGREEN HEALTH SOLUTIONS,89.4,67.1
P92034,BRYN CROSS SURGERY,WN4 0AR,SWAN NETWORK WIGAN PCN,NORTH WEST,5586.5,1917.0,0.0,0.0,1917.0,100.0,,no split (uncategorised),159.9,EVERGREEN HEALTH SOLUTIONS,77.3,40.5
P92042,DR KK CHAN & PARTNERS,M46 9DE,TABA WIGAN PCN,NORTH WEST,9159.6,2852.0,0.0,0.0,2852.0,100.0,,no split (uncategorised),153.8,EVERGREEN HEALTH SOLUTIONS,76.0,44.7
P92602,FOXLEIGH FAMILY SURGERY,WN7 2PE,LEIGH PCN,NORTH WEST,2505.6,126.0,0.0,0.0,126.0,100.0,,no split (uncategorised),41.1,EVERGREEN HEALTH SOLUTIONS,84.6,79.2
P92605,BOOTHSTOWN MEDICAL CENTRE,M29 8RZ,TABA WIGAN PCN,NORTH WEST,7873.0,2261.0,0.0,0.0,2261.0,100.0,,no split (uncategorised),162.5,EVERGREEN HEALTH SOLUTIONS,62.0,40.8
P92626,MEADOWVIEW SURGERY,M46 0LE,TABA WIGAN PCN,NORTH WEST,6133.5,2105.0,0.0,0.0,2105.0,100.0,,no split (uncategorised),153.8,EVERGREEN HEALTH SOLUTIONS,88.4,48.9
Y00050,LILFORD & PENNINGTON PARK SURGERY,WN7 2PE,LEIGH PCN,NORTH WEST,6984.3,765.0,0.0,0.0,765.0,100.0,,no split (uncategorised),47.9,EVERGREEN HEALTH SOLUTIONS,81.2,65.7
Y00445,SALFORD PRIMARY CARE TOGETHER,M28 0BB,ECCLES & IRLAM PCN,NORTH WEST,19959.9,2728.0,0.0,0.0,2728.0,100.0,,no split (uncategorised),0.7,SILICON PRACTICE LTD,76.7,20.6
Y01695,MP VICTORIA MILL,M40 7LH,MILES PLATTING NEWTON HEATH & MOSTON PCN,NORTH WEST,4152.9,121.0,0.0,0.0,121.0,100.0,,no split (uncategorised),0.2,SILICON PRACTICE LTD,85.2,41.5
Y02494,SHAKESPEARE MEDICAL PRACTICE,LS9 7TA,"BURMANTOFTS, HAREHILLS & RICHMOND HILL PCN",NORTH EAST AND YORKSHIRE,8050.8,1431.0,0.0,0.0,1431.0,100.0,,no split (uncategorised),30.7,EVERGREEN HEALTH SOLUTIONS,68.8,30.3
Y02622,BLACKFRIARS,M3 6AF,BROUGHTON HEALTH ALLIANCE PCN,NORTH WEST,15552.8,5357.0,0.0,0.0,5357.0,100.0,,no split (uncategorised),159.3,EVERGREEN HEALTH SOLUTIONS,62.3,11.9
Y02653,HIGH OAK SURGERY,DY5 1RU,BRIERLEY HILL PCN,MIDLANDS,4260.9,553.0,0.0,0.0,553.0,100.0,,no split (uncategorised),0.7,SILICON PRACTICE LTD,75.3,37.6
Y05167,THE FLYING SCOTSMAN HEALTH CENTRE,DN1 3AP,DONCASTER CENTRAL PCN,NORTH EAST AND YORKSHIRE,13263.2,1920.0,0.0,0.0,1920.0,100.0,,no split (uncategorised),67.3,EVERGREEN HEALTH SOLUTIONS,66.2,26.3
C84072,THE WELLSPRING SURGERY,NG3 3GG,NOTTINGHAM CITY EAST PCN,MIDLANDS,10908.1,1384.0,0.0,0.0,1384.0,100.0,,no split (uncategorised),130.6,Blinx Healthcare,69.9,22.8
C84683,THE WINDMILL PRACTICE,NG2 4PJ,NOTTINGHAM CITY EAST PCN,MIDLANDS,11261.5,1079.0,0.0,0.0,1079.0,100.0,,no split (uncategorised),22.4,Blinx Healthcare,55.6,17.4
M85033,THE MANOR PRACTICE,B72 1RL,ALLIANCE OF SUTTON PRACTICES PCN,MIDLANDS,17504.5,435.0,0.0,0.0,435.0,100.0,,no split (uncategorised),16.4,Blinx Healthcare,67.7,24.2
M85058,HARBORNE MEDICAL PRACTICE,B17 0HG,HARBORNE PCN,MIDLANDS,16315.8,1725.0,0.0,0.0,1725.0,100.0,,no split (uncategorised),0.0,Blinx Healthcare,64.7,17.6
M85110,SALTLEY AND FERNBANK MEDICAL PRACTICE,B8 1RZ,"NECHELLS, SALTLEY & ALUM ROCK PCN",MIDLANDS,10527.9,932.0,0.0,0.0,932.0,100.0,,no split (uncategorised),0.0,Blinx Healthcare,36.1,27.1
N81029,SOUTH PARK SURGERY,SK11 6JL,MACCLESFIELD PCN,NORTH WEST,12611.1,1120.0,0.0,0.0,1120.0,100.0,,no split (uncategorised),14.5,Blinx Healthcare,80.0,54.6
N81037,THE BEECHES MEDICAL CTR,WA8 8QS,WIDNES PCN,NORTH WEST,8366.6,542.0,0.0,0.0,542.0,100.0,,no split (uncategorised),64.0,"Blinx Healthcare, Engage Health Systems Limited",60.4,17.5
N81060,NESTON SURGERY,CH64 4BN,NESTON & WILLASTON PCN,NORTH WEST,8899.2,251.0,0.0,0.0,251.0,100.0,,no split (uncategorised),30.6,Blinx Healthcare,85.5,51.6
N81061,WITTON STREET SURGERY,CW9 5QU,NORTHWICH PCN,NORTH WEST,9719.0,1290.0,0.0,0.0,1290.0,100.0,,no split (uncategorised),7.7,Blinx Healthcare,93.2,28.2
N81100,UPTON VILLAGE SURGERY,CH2 1HD,CHESTER EAST PCN,NORTH WEST,7873.5,592.0,0.0,0.0,592.0,100.0,,no split (uncategorised),13.5,Blinx Healthcare,87.5,60.3
N81632,BROKEN CROSS SURGERY,SK11 6JL,MACCLESFIELD PCN,NORTH WEST,5867.5,909.0,0.0,0.0,909.0,100.0,,no split (uncategorised),33.9,Blinx Healthcare,83.8,46.9
N82009,GRASSENDALE MEDICAL CENTRE,L19 9BP,SWAGGA PCN,NORTH WEST,8641.8,406.0,0.0,0.0,406.0,100.0,,no split (uncategorised),30.6,Blinx Healthcare,87.8,34.6
N82011,PRIORY MEDICAL CENTRE,L6 4EW,ANFIELD & EVERTON PCN,NORTH WEST,11004.2,1561.0,0.0,0.0,1561.0,100.0,,no split (uncategorised),23.1,Blinx Healthcare,77.7,37.3
N82019,LANGBANK MEDICAL CENTRE,L11 1AD,NORTH LIVERPOOL PCN,NORTH WEST,5024.4,496.0,0.0,0.0,496.0,100.0,,no split (uncategorised),11.5,Blinx Healthcare,72.3,32.9
N82033,DINGLE PARK PRACTICE,L8 6QP,CENTRAL LIVERPOOL PCN,NORTH WEST,5925.1,854.0,0.0,0.0,854.0,100.0,,no split (uncategorised),0.0,Blinx Healthcare,70.5,19.7
N82035,MATHER AVENUE SURGERY,L19 4UG,SWAGGA PCN,NORTH WEST,8858.8,1187.0,0.0,0.0,1187.0,100.0,,no split (uncategorised),4.8,Blinx Healthcare,82.6,37.8
N82046,SEFTON PARK MEDICAL CENTRE,L15 2LQ,THE PICTON PCN,NORTH WEST,9814.0,419.0,0.0,0.0,419.0,100.0,,no split (uncategorised),61.4,Blinx Healthcare,84.8,41.2
N82048,WALTON MEDICAL CENTRE,L9 1AD,NORTH LIVERPOOL PCN,NORTH WEST,7099.5,823.0,0.0,0.0,823.0,100.0,,no split (uncategorised),26.0,Blinx Healthcare,77.4,27.0
N82054,ABERCROMBY FAMILY PRACTICE,L7 7HG,CENTRAL LIVERPOOL PCN,NORTH WEST,7359.2,704.0,0.0,0.0,704.0,100.0,,no split (uncategorised),0.0,Blinx Healthcare,70.3,33.5
N82062,FULWOOD GREEN MEDICAL CTR,L17 5AR,SWAGGA PCN,NORTH WEST,7112.6,510.0,0.0,0.0,510.0,100.0,,no split (uncategorised),63.9,Blinx Healthcare,76.2,45.4
N82070,THE ELMS MEDICAL CENTRE,L8 3SS,CENTRAL LIVERPOOL PCN,NORTH WEST,9811.4,389.0,0.0,0.0,389.0,100.0,,no split (uncategorised),0.0,Blinx Healthcare,88.7,29.5
N82073,THE ASH SURGERY,L17 0BY,SWAGGA PCN,NORTH WEST,6687.0,795.0,0.0,0.0,795.0,100.0,,no split (uncategorised),25.3,Blinx Healthcare,93.5,57.4
N82074,OLD SWAN HEALTH CENTRE,L13 2GA,IGPC PCN,NORTH WEST,9254.8,1180.0,0.0,0.0,1180.0,100.0,,no split (uncategorised),13.9,Blinx Healthcare,80.1,42.2
N82076,BROWNLOW HEALTH @ PRINCES PARK,L8 0SY,BROWNLOW HEALTH PCN,NORTH WEST,10415.6,239.0,0.0,0.0,239.0,100.0,,no split (uncategorised),0.0,Blinx Healthcare,75.1,38.6
N82095,ALBION SURGERY,L6 2EH,CENTRAL LIVERPOOL PCN,NORTH WEST,4731.3,318.0,0.0,0.0,318.0,100.0,,no split (uncategorised),162.1,Blinx Healthcare,87.5,39.1
N82099,MERE LANE GROUP PRACTICE,L5 0QW,ANFIELD & EVERTON PCN,NORTH WEST,8417.1,148.0,0.0,0.0,148.0,100.0,,no split (uncategorised),26.0,Blinx Healthcare,75.2,31.1
N83005,VISTA ROAD SURGERY,WA12 9ED,NEWTON AND HAYDOCK PCN,NORTH WEST,8666.8,415.0,0.0,0.0,415.0,100.0,,no split (uncategorised),10.7,Blinx Healthcare,79.8,27.6
N83023,ATLAS MEDICAL PRACTICE,WA9 1LN,ST HELENS SOUTH PCN,NORTH WEST,11837.4,127.0,0.0,0.0,127.0,100.0,,no split (uncategorised),49.4,Blinx Healthcare,82.8,20.1
N83045,NEWTON PRACTICE,WA12 0JJ,NEWTON AND HAYDOCK PCN,NORTH WEST,6784.6,246.0,0.0,0.0,246.0,100.0,,no split (uncategorised),33.4,Blinx Healthcare,71.2,33.1
N84003,HIGH PASTURES SURGERY,L31 2HW,SOUTH SEFTON PCN,NORTH WEST,10168.0,345.0,0.0,0.0,345.0,100.0,,no split (uncategorised),35.3,Blinx Healthcare,77.4,48.2
N84005,CUMBERLAND HOUSE SURGERY,PR8 6PQ,SOUTHPORT & FORMBY PCN,NORTH WEST,12254.9,1788.0,0.0,0.0,1788.0,100.0,,no split (uncategorised),29.2,Blinx Healthcare,81.7,19.9
N84019,NORTH PARK HEALTH CENTRE,L20 5DQ,Unallocated,NORTH WEST,6495.4,181.0,0.0,0.0,181.0,100.0,,no split (uncategorised),0.0,Blinx Healthcare,56.3,27.6
N84023,BRIDGE ROAD MEDICAL CENTRE,L21 6PH,SOUTH SEFTON PCN,NORTH WEST,7818.8,919.0,0.0,0.0,919.0,100.0,,no split (uncategorised),72.9,Blinx Healthcare,62.3,18.6
N85002,MARINE LAKE MEDICAL PRACTICE,CH48 5AA,HEALTHIER WEST WIRRAL PCN,NORTH WEST,19178.5,1830.0,0.0,0.0,1830.0,100.0,,no split (uncategorised),121.0,Blinx Healthcare,74.4,15.0
N85013,UPTON GROUP PRACTICE,CH49 0TF,HEALTHIER WEST WIRRAL PCN,NORTH WEST,7659.6,2491.0,0.0,0.0,2491.0,100.0,,no split (uncategorised),81.6,Blinx Healthcare,77.2,50.2
N85018,THE VILLA MEDICAL CENTRE,CH43 3DB,BIRKENHEAD PCN,NORTH WEST,6181.2,604.0,0.0,0.0,604.0,100.0,,no split (uncategorised),205.1,Blinx Healthcare,94.2,67.9
N85032,GREASBY GROUP PRACTICE,CH49 3AT,HEALTHIER WEST WIRRAL PCN,NORTH WEST,6673.4,300.0,0.0,0.0,300.0,100.0,,no split (uncategorised),83.0,Blinx Healthcare,62.7,14.7
Y00159,HALL GREEN HEALTH,B28 8BG,COMMUNITY CARE HALL GREEN PCN,MIDLANDS,31362.7,3761.0,0.0,0.0,3761.0,100.0,,no split (uncategorised),10.4,Blinx Healthcare,58.5,10.3
Y03597,HAMD MEDICAL PRACTICE,B8 3SW,WASHWOOD HEATH PCN,MIDLANDS,7026.2,1216.0,0.0,0.0,1216.0,100.0,,no split (uncategorised),16.3,Blinx Healthcare,61.7,28.4
E84075,MOLLISON WAY SURGERY,HA8 5QL,HARROW EAST PCN,LONDON,11988.1,2512.0,0.0,0.0,2512.0,100.0,,no split (uncategorised),23.4,EVERGREEN HEALTH SOLUTIONS,69.3,30.4
E85025,CASSIDY ROAD MEDICAL CENTRE,SW6 5PX,SOUTH FULHAM PCN,LONDON,12091.7,836.0,0.0,0.0,836.0,100.0,,no split (uncategorised),16.8,EVERGREEN HEALTH SOLUTIONS,77.2,27.8
E85713,HOUNSLOW FAMILY PRACTICE,TW3 4JX,HOUNSLOW HEALTH PCN,LONDON,6238.3,1869.0,0.0,0.0,1869.0,100.0,,no split (uncategorised),186.7,EVERGREEN HEALTH SOLUTIONS,75.1,40.5
F81014,CHURCH LANE SURGERY,CM7 5SN,Unallocated,EAST OF ENGLAND,12113.6,2895.0,0.0,0.0,2895.0,100.0,,no split (uncategorised),203.4,EVERGREEN HEALTH SOLUTIONS,53.8,16.4
F81019,MAYFLOWER MEDICAL CENTRE,CO12 4EX,Unallocated,EAST OF ENGLAND,17523.0,6312.0,0.0,0.0,6312.0,100.0,,no split (uncategorised),180.2,EVERGREEN HEALTH SOLUTIONS,67.0,23.9
F81117,SUTHERLAND LODGE SURGERY,CM2 7PY,CHELMER PCN,EAST OF ENGLAND,10087.8,2669.0,0.0,0.0,2669.0,100.0,,no split (uncategorised),226.8,EVERGREEN HEALTH SOLUTIONS,52.3,14.8
F82034,VICTORIA & FIVE ELMS MEDICAL CENTRE,IG11 8GD,BARKING & DAGENHAM NEW WEST PCN,LONDON,9400.4,1840.0,0.0,0.0,1840.0,100.0,,no split (uncategorised),0.2,EVERGREEN HEALTH SOLUTIONS,68.1,49.9
F83008,THE GOODINGE GROUP PRACTICE,N7 9EW,NORTH 2 ISLINGTON PCN,LONDON,12371.8,829.0,0.0,0.0,829.0,100.0,,no split (uncategorised),0.2,SILICON PRACTICE LTD,77.4,44.0
F83056,THE MITCHISON ROAD SURGERY,N1 3NG,CENTRAL 1 ISLINGTON PCN,LONDON,10040.1,1966.0,0.0,0.0,1966.0,100.0,,no split (uncategorised),16.8,EVERGREEN HEALTH SOLUTIONS,78.5,
F83683,SOMERS TOWN MEDICAL CENTRE,NW1 1HY,CENTRAL CAMDEN PCN,LONDON,6454.1,1378.0,0.0,0.0,1378.0,100.0,,no split (uncategorised),11.0,EVERGREEN HEALTH SOLUTIONS,57.0,35.5
F84039,GOODMAN'S FIELD HEALTH CENTRE,E1 8ZF,TOWER NETWORK PCN,LONDON,35710.2,7319.0,0.0,0.0,7319.0,100.0,,no split (uncategorised),40.9,EVERGREEN HEALTH SOLUTIONS,59.3,17.3
F84642,LUCAS AVENUE PRACTICE,E13 0QP,NEWHAM CENTRAL PCN,LONDON,14392.8,470.0,0.0,0.0,470.0,100.0,,no split (uncategorised),7.0,EVERGREEN HEALTH SOLUTIONS,67.4,24.1
F84681,BALAAM STREET PRACTICE,E13 8AF,NEWHAM CENTRAL PCN,LONDON,8543.6,3316.0,0.0,0.0,3316.0,100.0,,no split (uncategorised),165.0,EVERGREEN HEALTH SOLUTIONS,72.3,35.4
F84749,CARPENTERS PRACTICE,E15 2JA,NEWHAM CENTRAL PCN,LONDON,24847.8,4083.0,0.0,0.0,4083.0,100.0,,no split (uncategorised),12.9,EVERGREEN HEALTH SOLUTIONS,47.1,14.3
G85002,STREATHAM HIGH PRACTICE,SW16 2ST,AT MEDICS STREATHAM PCN,LONDON,24893.8,5523.0,0.0,0.0,5523.0,100.0,,no split (uncategorised),75.6,EVERGREEN HEALTH SOLUTIONS,68.7,21.3
G85029,FALMOUTH ROAD GROUP PRACTICE,SE1 4JW,NORTH SOUTHWARK PCN,LONDON,17228.4,2947.0,0.0,0.0,2947.0,100.0,,no split (uncategorised),27.3,EVERGREEN HEALTH SOLUTIONS,56.0,37.7
G85030,PARKSIDE MEDICAL CENTRE,SE5 7AQ,SOUTH SOUTHWARK PCN,LONDON,6267.9,1371.0,0.0,0.0,1371.0,100.0,,no split (uncategorised),129.2,EVERGREEN HEALTH SOLUTIONS,70.8,27.2
G85087,SILVERLOCK MEDICAL CENTRE,SE16 3HA,NORTH SOUTHWARK PCN,LONDON,16590.4,4082.0,0.0,0.0,4082.0,100.0,,no split (uncategorised),38.5,EVERGREEN HEALTH SOLUTIONS,63.5,24.4
G85132,TESSA JOWELL GP SURGERY,SE22 8EY,SOUTH SOUTHWARK PCN,LONDON,15401.1,4275.0,0.0,0.0,4275.0,100.0,,no split (uncategorised),146.0,EVERGREEN HEALTH SOLUTIONS,49.9,25.9
G85715,THE LISTER PRACTICE,SE15 5LJ,SOUTH SOUTHWARK PCN,LONDON,12128.2,2120.0,0.0,0.0,2120.0,100.0,,no split (uncategorised),27.7,EVERGREEN HEALTH SOLUTIONS,64.9,23.5
H82017,PARK SURGERY,RH12 1BG,PARK AND ORCHARD PCN,SOUTH EAST,20716.4,4206.0,0.0,0.0,4206.0,100.0,,no split (uncategorised),28.8,EVERGREEN HEALTH SOLUTIONS,67.9,21.5
H83049,HEADLEY DRIVE SURGERY,CR0 0QL,MAYDAY SOUTH PCN,LONDON,2633.0,232.0,0.0,0.0,232.0,100.0,,no split (uncategorised),0.6,EVERGREEN HEALTH SOLUTIONS,75.8,42.1
H84619,CLAREMONT MEDICAL CENTRE,KT6 6BS,CHESSINGTON AND SURBITON PCN,LONDON,11090.0,3269.0,0.0,0.0,3269.0,100.0,,no split (uncategorised),1.4,SILICON PRACTICE LTD,87.7,52.0
J82069,CAMROSE GILLIES AND HACKWOOD PARTNERSHIP,RG22 4EH,"CAMROSE, GILLIES & HACKWOOD PARTNERSHIP PCN",SOUTH EAST,52033.2,4511.0,0.0,0.0,4511.0,100.0,,no split (uncategorised),15.0,EVERGREEN HEALTH SOLUTIONS,54.9,37.9
K81050,THE DOWNLAND PRACTICE,RG20 8UY,A34 WEST BERKSHIRE PCN,SOUTH EAST,11090.7,404.0,0.0,0.0,404.0,100.0,,no split (uncategorised),0.1,SILICON PRACTICE LTD,78.9,57.4
K82013,THE RED HOUSE SURGERY,MK2 2EH,CROWN PCN,EAST OF ENGLAND,13853.6,613.0,0.0,0.0,613.0,100.0,,no split (uncategorised),0.1,SILICON PRACTICE LTD,89.2,32.3
K82039,BEDFORD STREET SURGERY,MK2 2TX,SOUTH WEST PCN,EAST OF ENGLAND,15814.9,929.0,0.0,0.0,929.0,100.0,,no split (uncategorised),0.1,SILICON PRACTICE LTD,69.5,30.7
K82617,THE STONEDEAN PRACTICE,MK11 1YA,NEXUS MK PCN,EAST OF ENGLAND,8020.5,157.0,0.0,0.0,157.0,100.0,,no split (uncategorised),0.1,SILICON PRACTICE LTD,85.7,61.4
K84082,THE KEY MEDICAL PRACTICE,OX5 1AP,"KIDLINGTON, ISLIP, WOODSTOCK & YARNTON (KIWY) PCN",SOUTH EAST,12927.2,133.0,0.0,0.0,133.0,100.0,,no split (uncategorised),30.6,SILICON PRACTICE LTD,74.2,24.1
L81643,THE CEDARS SURGERY,BS22 6AJ,PIER HEALTH PCN,SOUTH WEST,16715.5,7921.0,0.0,0.0,7921.0,100.0,,no split (uncategorised),266.8,EVERGREEN HEALTH SOLUTIONS,87.5,58.7
L81670,HORIZON HEALTH CENTRE,BS23 3SJ,PIER HEALTH PCN,SOUTH WEST,5692.8,2166.0,0.0,0.0,2166.0,100.0,,no split (uncategorised),203.5,EVERGREEN HEALTH SOLUTIONS,66.4,26.8
L83029,SOUTHOVER MEDICAL PRACTICE,TQ1 3HD,TORQUAY PCN,SOUTH WEST,8443.6,2005.0,0.0,0.0,2005.0,100.0,,no split (uncategorised),54.5,EVERGREEN HEALTH SOLUTIONS,77.6,23.5
L84003,UNDERWOOD SURGERY,GL50 3EQ,CHELTENHAM CENTRAL PCN,SOUTH WEST,11318.4,101.0,0.0,0.0,101.0,100.0,,no split (uncategorised),0.0,SILICON PRACTICE LTD,90.7,55.6
L84006,STAUNTON & CORSE SURGERY,GL19 3RB,TWNS PCN,SOUTH WEST,6802.3,224.0,0.0,0.0,224.0,100.0,,no split (uncategorised),0.3,SILICON PRACTICE LTD,95.9,63.3
L84011,LYDNEY PRACTICE,GL15 5NQ,WEST FOREST OF DEAN PCN,SOUTH WEST,8509.7,339.0,0.0,0.0,339.0,100.0,,no split (uncategorised),0.3,SILICON PRACTICE LTD,81.1,23.8
L84014,HUCCLECOTE SURGERY,GL3 3HB,NORTH & SOUTH GLOUCESTER (NSG) PCN,SOUTH WEST,8999.2,387.0,0.0,0.0,387.0,100.0,,no split (uncategorised),0.1,SILICON PRACTICE LTD,74.7,36.4
L84028,FOREST HEALTH CARE,GL14 2NX,FOREST GREEN PCN,SOUTH WEST,11749.0,1553.0,0.0,0.0,1553.0,100.0,,no split (uncategorised),0.3,SILICON PRACTICE LTD,79.8,28.7
L84031,STOW SURGERY,GL54 1AX,NORTH COTSWOLDS PCN,SOUTH WEST,5750.2,128.0,0.0,0.0,128.0,100.0,,no split (uncategorised),0.1,SILICON PRACTICE LTD,89.2,42.1
L84033,WESTON HOUSE PRACTICE,GL50 4DP,ST PAUL'S PCN,SOUTH WEST,19393.2,700.0,0.0,0.0,700.0,100.0,,no split (uncategorised),0.2,SILICON PRACTICE LTD,74.0,29.6
L84038,COTSWOLD MEDICAL PRACTICE,GL54 2AZ,NORTH COTSWOLDS PCN,SOUTH WEST,11495.5,129.0,0.0,0.0,129.0,100.0,,no split (uncategorised),0.0,SILICON PRACTICE LTD,86.1,53.4
L84049,THE ROYAL WELL SURGERY,GL50 4DP,ST PAUL'S PCN,SOUTH WEST,8115.8,518.0,0.0,0.0,518.0,100.0,,no split (uncategorised),0.3,SILICON PRACTICE LTD,83.2,37.8
L84052,SEVERNSIDE MEDICAL PRACTICE,GL1 2TZ,GLOUCESTER INNER CITY PCN,SOUTH WEST,9576.1,1078.0,0.0,0.0,1078.0,100.0,,no split (uncategorised),0.5,SILICON PRACTICE LTD,74.2,42.4
L84063,RENDCOMB SURGERY,GL7 7EY,SOUTH COTSWOLDS PCN,SOUTH WEST,4868.8,549.0,0.0,0.0,549.0,100.0,,no split (uncategorised),0.5,SILICON PRACTICE LTD,92.3,66.8
L85016,SYMPHONY NORTH HEALTHCARE,TA8 1EU,NORTH SEDGEMOOR PCN,SOUTH WEST,14707.1,8666.0,0.0,0.0,8666.0,100.0,,no split (uncategorised),145.0,EVERGREEN HEALTH SOLUTIONS,53.7,23.4
L85031,MILBORNE PORT SURGERY,DT9 5FH,SOUTH SOMERSET EAST - RPN PCN,SOUTH WEST,7428.5,2909.0,0.0,0.0,2909.0,100.0,,no split (uncategorised),122.8,EVERGREEN HEALTH SOLUTIONS,94.8,79.0
L85032,BRUTON SURGERY,BA10 0EG,SOUTH SOMERSET EAST - RPN PCN,SOUTH WEST,5235.8,1342.0,0.0,0.0,1342.0,100.0,,no split (uncategorised),142.3,EVERGREEN HEALTH SOLUTIONS,87.5,30.8
Y00403,TROWBRIDGE PRACTICE,E9 5NE,WELL STREET COMMON PCN,LONDON,8007.1,1695.0,0.0,0.0,1695.0,100.0,,no split (uncategorised),22.6,EVERGREEN HEALTH SOLUTIONS,61.2,59.2
Y01011,BARLBY SURGERY,W10 6DZ,INCLUSIVE HEALTH PCN,LONDON,11380.2,1005.0,0.0,0.0,1005.0,100.0,,no split (uncategorised),18.4,EVERGREEN HEALTH SOLUTIONS,60.4,26.3
Y02117,ST ANN'S ROAD SURGERY,N15 5AZ,HARINGEY - N15/SOUTH EAST PCN,LONDON,16256.0,3193.0,0.0,0.0,3193.0,100.0,,no split (uncategorised),13.5,EVERGREEN HEALTH SOLUTIONS,55.6,32.7
Y02519,GLOUCESTER HEALTH ACCESS CENTRE,GL1 2TZ,GLOUCESTER INNER CITY PCN,SOUTH WEST,9879.4,398.0,0.0,0.0,398.0,100.0,,no split (uncategorised),0.2,SILICON PRACTICE LTD,72.4,25.2
Y02751,NORWICH PRACTICES HEALTH CENTRE,NR1 1RB,NORWICH EAST PCN,EAST OF ENGLAND,11150.5,1714.0,0.0,0.0,1714.0,100.0,,no split (uncategorised),0.5,SILICON PRACTICE LTD,75.6,32.6
Y02906,CANBERRA OLD OAK SURGERY,W12 7FG,NORTH HAMMERSMITH & FULHAM PCN,LONDON,10278.2,587.0,0.0,0.0,587.0,100.0,,no split (uncategorised),12.8,EVERGREEN HEALTH SOLUTIONS,49.8,41.4
Y02928,THE PRACTICE ALBERT ROAD,E16 2DY,DOCKLANDS PCN,LONDON,23076.1,5311.0,0.0,0.0,5311.0,100.0,,no split (uncategorised),31.2,EVERGREEN HEALTH SOLUTIONS,42.1,28.8
Y03441,"HEALTH AND WELLBEING CENTRE, EARLS COURT",SW5 0PT,K AND C SOUTH PCN,LONDON,9544.8,609.0,0.0,0.0,609.0,100.0,,no split (uncategorised),18.6,EVERGREEN HEALTH SOLUTIONS,60.7,33.4
D81010,PRIORY FIELDS SURGERY,PE29 3RL,HUNTINGDON PCN,EAST OF ENGLAND,11577.7,2598.0,0.0,0.0,2598.0,100.0,,no split (uncategorised),159.9,EVERGREEN HEALTH SOLUTIONS,76.6,20.7
D81034,ST MARY'S SURGERY,CB7 4HF,ELY NORTH PCN,EAST OF ENGLAND,18164.9,6271.0,0.0,0.0,6271.0,100.0,,no split (uncategorised),193.0,EVERGREEN HEALTH SOLUTIONS,78.6,41.1
D81036,PRIORS FIELD SURGERY,CB6 2RB,ELY NORTH PCN,EAST OF ENGLAND,5203.0,1914.0,0.0,0.0,1914.0,100.0,,no split (uncategorised),11.7,EVERGREEN HEALTH SOLUTIONS,72.9,55.1
D82008,ST STEPHENS GATE MEDICAL PARTNERSHIP,NR2 2TJ,CENTRAL NORWICH PCN,EAST OF ENGLAND,19192.9,2341.0,0.0,0.0,2341.0,100.0,,no split (uncategorised),0.3,SILICON PRACTICE LTD,73.5,38.3
D82018,HELLESDON MEDICAL PRACTICE,NR6 5QJ,NORWICH EAST PCN,EAST OF ENGLAND,11114.4,667.0,0.0,0.0,667.0,100.0,,no split (uncategorised),0.2,SILICON PRACTICE LTD,84.8,43.2
D82031,PARISH FIELDS PRACTICE,IP22 4WG,SOUTH NORFOLK HIP PCN,EAST OF ENGLAND,8245.0,2816.0,0.0,0.0,2816.0,100.0,,no split (uncategorised),1.2,SILICON PRACTICE LTD,87.9,42.5
D82041,SCHOOL LANE SURGERY,IP24 2AG,BRECKLAND SURGERIES PCN,EAST OF ENGLAND,10788.1,3655.0,0.0,0.0,3655.0,100.0,,no split (uncategorised),1.1,SILICON PRACTICE LTD,80.7,24.2
D82042,E HARLING & KENNINGHALL MEDICAL PRACTICE,NR16 2AD,KETTS OAK PCN,EAST OF ENGLAND,8673.3,235.0,0.0,0.0,235.0,100.0,,no split (uncategorised),0.1,SILICON PRACTICE LTD,51.8,11.3
D82050,THEATRE ROYAL SURGERY,NR19 2EN,MID NORFOLK PCN,EAST OF ENGLAND,9058.1,1762.0,0.0,0.0,1762.0,100.0,,no split (uncategorised),1.0,SILICON PRACTICE LTD,76.0,68.8
D82071,EAST NORWICH MEDICAL PARTNERSHIP,NR7 0AJ,NORWICH EAST PCN,EAST OF ENGLAND,14402.5,381.0,0.0,0.0,381.0,100.0,,no split (uncategorised),0.1,SILICON PRACTICE LTD,60.7,23.0
D82076,LAWSON ROAD SURGERY,NR3 4LE,NORWICH NORTH PCN,EAST OF ENGLAND,8661.6,1304.0,0.0,0.0,1304.0,100.0,,no split (uncategorised),0.5,SILICON PRACTICE LTD,78.9,42.9
D82079,FELTWELL SURGERY,IP26 4AY,FENS & BRECKS PCN,EAST OF ENGLAND,5529.4,1649.0,0.0,0.0,1649.0,100.0,,no split (uncategorised),1.3,SILICON PRACTICE LTD,85.2,50.0
D82085,HINGHAM SURGERY,NR9 4JB,KETTS OAK PCN,EAST OF ENGLAND,7706.2,835.0,0.0,0.0,835.0,100.0,,no split (uncategorised),0.7,SILICON PRACTICE LTD,97.0,84.7
D83034,BUNGAY MEDICAL CENTRE,NR35 1LP,SOUTH WAVENEY PCN,EAST OF ENGLAND,11774.8,377.0,0.0,0.0,377.0,100.0,,no split (uncategorised),0.1,SILICON PRACTICE LTD,88.4,57.0
D83035,CUTLERS HILL SURGERY,IP19 8SG,SOUTH WAVENEY PCN,EAST OF ENGLAND,10596.0,654.0,0.0,0.0,654.0,100.0,,no split (uncategorised),0.2,SILICON PRACTICE LTD,89.1,37.9
D83044,STOWHEALTH,IP14 1NL,EAST SUFFOLK PCN,EAST OF ENGLAND,22829.2,11447.0,0.0,0.0,11447.0,100.0,,no split (uncategorised),253.8,EVERGREEN HEALTH SOLUTIONS,84.6,48.4
D83051,THE DERBY ROAD PRACTICE,IP3 8DN,EAST SUFFOLK PCN,EAST OF ENGLAND,19212.1,11188.0,0.0,0.0,11188.0,100.0,,no split (uncategorised),272.1,EVERGREEN HEALTH SOLUTIONS,76.2,20.9
D83067,OAKFIELD SURGERY,CB8 7JG,FOREST HEATH PCN,EAST OF ENGLAND,7883.2,4186.0,0.0,0.0,4186.0,100.0,,no split (uncategorised),270.8,EVERGREEN HEALTH SOLUTIONS,87.5,36.4
D83079,COMBS FORD SURGERY,IP14 2SY,EAST SUFFOLK PCN,EAST OF ENGLAND,9367.7,4825.0,0.0,0.0,4825.0,100.0,,no split (uncategorised),257.4,EVERGREEN HEALTH SOLUTIONS,73.2,26.2
E86007,HAREFIELD PRACTICE,UB9 6JY,NORTH CONNECT PCN,LONDON,9057.8,633.0,0.0,0.0,633.0,100.0,,no split (uncategorised),53.6,Blinx Healthcare,69.7,22.1
E86012,WOOD LANE MEDICAL CENTRE,HA4 6ER,CELADINE HEALTH & METROCARE PCN,LONDON,11346.6,2468.0,0.0,0.0,2468.0,100.0,,no split (uncategorised),24.4,Blinx Healthcare,68.7,25.5
K84041,MARCHAM RD FAMILY HEALTH CENTRE,OX14 1BT,ABINGDON AND DISTRICT PCN,SOUTH EAST,14585.2,1275.0,0.0,0.0,1275.0,100.0,,no split (uncategorised),0.0,Blinx Healthcare,78.0,39.8
E84003,PREMIER MEDICAL CENTRE,HA0 4UZ,BRENT WEST KWH PCN,LONDON,14466.3,1797.0,0.0,0.0,1797.0,100.0,,no split (uncategorised),19.8,Blinx Healthcare,78.9,43.7
