gp_code,gp_name,postcode,pcn_name,icb_name,region,list_size,rural,imd_score,imd_quintile,dispensing_f,pct65plus,continuity,satisfaction,access_satisfaction,same_day_pct_12m,gp_share,appts_percap,oc_rate_12m,gpps_n
B82622,REETH MEDICAL CENTRE,DL11 6SU,Unallocated,NHS HUMBER AND NORTH YORKSHIRE INTEGRATED CARE BOARD,NORTH EAST AND YORKSHIRE,1528.0,1.0,19.6,3.0,1.0,36.3,98.6,96.4,95.8,37.8,56.2,433.4,16.9,235.0
F81020,THE FRESHFORD PRACTICE,CM7 4BQ,COLNE VALLEY PCN,NHS MID AND SOUTH ESSEX INTEGRATED CARE BOARD,EAST OF ENGLAND,7942.0,1.0,16.3,2.0,1.0,26.9,98.0,96.6,96.6,28.1,41.8,558.1,17.5,119.0
L83082,CHAGFORD HEALTH CENTRE,TQ13 8BW,NORTH DARTMOOR PCN,NHS DEVON INTEGRATED CARE BOARD,SOUTH WEST,3286.0,1.0,19.3,3.0,0.0,32.1,97.4,94.5,97.5,26.1,55.7,453.0,0.7,121.0
M84620,LAPWORTH SURGERY,B94 6LH,ARDEN PCN,NHS COVENTRY AND WARWICKSHIRE INTEGRATED CARE BOARD,MIDLANDS,3014.0,1.0,13.9,2.0,1.0,27.7,96.8,97.1,98.7,26.4,49.4,439.0,5.4,128.0
B82619,TERRINGTON SURGERY,YO60 6PS,SOUTH HAMBLETON & RYEDALE PCN,NHS HUMBER AND NORTH YORKSHIRE INTEGRATED CARE BOARD,NORTH EAST AND YORKSHIRE,1725.0,1.0,16.3,2.0,1.0,29.4,96.2,96.4,96.1,28.2,31.9,583.3,0.8,120.0
H82076,CORNERWAYS SURGERY,BN11 5RZ,CISSBURY INTEGRATED CARE PCN,NHS SUSSEX ICB,SOUTH EAST,3919.0,0.0,9.4,1.0,0.0,30.3,96.1,96.5,97.7,43.7,59.5,658.1,56.6,146.0
M84060,THE ARROW SURGERY,B49 6QR,ARDEN PCN,NHS COVENTRY AND WARWICKSHIRE INTEGRATED CARE BOARD,MIDLANDS,6812.0,1.0,12.1,1.0,0.0,26.4,95.7,94.3,95.4,38.8,57.0,474.5,5.7,110.0
Y01281,THE VILLAGE SURGERY,PO8 8XL,HAVANT AND WATERLOOVILLE PCN,NHS HAMPSHIRE AND ISLE OF WIGHT INTEGRATED CARE BOARD,SOUTH EAST,4588.0,0.0,9.7,1.0,0.0,31.2,95.6,93.3,95.3,31.7,59.8,515.7,11.4,134.0
J81616,PUDDLETOWN SURGERY,DT2 8FY,MID DORSET PCN,NHS DORSET INTEGRATED CARE BOARD,SOUTH WEST,4262.0,1.0,15.6,2.0,1.0,30.9,95.2,91.2,92.9,44.8,54.0,609.3,10.7,123.0
L83088,REDFERN HEALTH CENTRE,TQ8 8DJ,SOUTH HAMS PCN,NHS DEVON INTEGRATED CARE BOARD,SOUTH WEST,5194.0,1.0,15.5,2.0,0.0,34.7,95.0,94.6,93.0,42.2,62.7,779.0,22.2,130.0
J83601,BURBAGE SURGERY,SN8 3TA,EAST KENNET PCN,"NHS BATH AND NORTH EAST SOMERSET, SWINDON AND WILTSHIRE INTEGRATED CARE BOARD",SOUTH WEST,4154.0,1.0,14.6,2.0,1.0,26.8,94.9,94.1,98.3,41.5,47.1,680.2,0.0,132.0
B81697,DR P SURESH BABU,DN32 9SW,PANACEA PCN,NHS HUMBER AND NORTH YORKSHIRE INTEGRATED CARE BOARD,NORTH EAST AND YORKSHIRE,2831.0,0.0,34.4,5.0,0.0,18.9,94.7,98.6,98.7,38.1,60.7,472.3,7.0,98.0
B81091,LITTLEFIELD SURGERY,DN34 4GB,FRESHNEY PELHAM NEL PCN,NHS HUMBER AND NORTH YORKSHIRE INTEGRATED CARE BOARD,NORTH EAST AND YORKSHIRE,5362.0,0.0,26.0,4.0,0.0,22.9,94.5,99.2,96.4,56.5,61.4,929.6,2.4,123.0
A83061,GAINFORD SURGERY,DL2 3BE,TEESDALE PCN,NHS NORTH EAST AND NORTH CUMBRIA INTEGRATED CARE BOARD,NORTH EAST AND YORKSHIRE,3653.0,1.0,16.9,2.0,1.0,29.4,94.5,99.3,94.0,32.9,48.4,610.3,8.3,110.0
J83603,JUBILEE FIELD SURGERY,SN14 7EJ,CALNE PCN,"NHS BATH AND NORTH EAST SOMERSET, SWINDON AND WILTSHIRE INTEGRATED CARE BOARD",SOUTH WEST,4886.0,1.0,12.6,1.0,1.0,26.5,93.8,97.3,93.1,35.8,59.1,416.1,0.2,122.0
B84623,LONGROYDE SURGERY,HD6 3HT,LOWER VALLEY PCN,NHS WEST YORKSHIRE INTEGRATED CARE BOARD,NORTH EAST AND YORKSHIRE,4948.0,0.0,21.1,3.0,0.0,16.3,93.6,95.2,94.6,41.0,58.1,455.7,58.8,102.0
L85013,QUANTOCK MEDICAL CENTRE,TA5 1NW,BRIDGWATER PCN,NHS SOMERSET INTEGRATED CARE BOARD,SOUTH WEST,4123.0,1.0,19.7,3.0,1.0,30.7,93.1,97.8,95.6,31.5,50.2,560.3,2.4,108.0
P88002,MARPLE BRIDGE SURGERY,SK6 5AA,STOCKPORT EAST AND SOUTH PCN,NHS GREATER MANCHESTER INTEGRATED CARE BOARD,NORTH WEST,6302.0,0.0,7.8,1.0,0.0,28.8,93.1,98.8,99.3,24.7,49.4,558.6,9.7,123.0
G81087,NORTHIAM SURGERY,TN31 6ND,RURAL ROTHER PCN,NHS SUSSEX ICB,SOUTH EAST,6833.0,1.0,18.4,2.0,1.0,34.8,92.5,98.2,100.0,37.9,64.6,527.0,0.0,128.0
B86678,DRIGHLINGTON MEDICAL CENTRE,BD11 1JU,MORLEY PCN,NHS WEST YORKSHIRE INTEGRATED CARE BOARD,NORTH EAST AND YORKSHIRE,2856.0,0.0,13.1,2.0,1.0,23.3,90.8,98.4,94.2,34.9,48.8,569.6,3.9,131.0
A83048,ROCKLIFFE COURT SURGERY,DL2 2DS,DARLINGTON PCN,NHS NORTH EAST AND NORTH CUMBRIA INTEGRATED CARE BOARD,NORTH EAST AND YORKSHIRE,6216.0,1.0,13.4,2.0,1.0,25.9,90.1,96.4,98.9,40.3,48.2,558.7,35.2,133.0
K84065,SIBFORD SURGERY,OX15 5RQ,Unallocated,"NHS BUCKINGHAMSHIRE, OXFORDSHIRE AND BERKSHIRE WEST INTEGRATED CARE BOARD",SOUTH EAST,3218.0,1.0,13.8,2.0,1.0,26.2,90.0,92.0,93.8,29.8,65.0,351.1,1.1,174.0
C84008,TUXFORD MEDICAL CENTRE,NG22 0HT,RETFORD AND VILLAGES PCN,NHS NOTTINGHAM AND NOTTINGHAMSHIRE INTEGRATED CARE BOARD,MIDLANDS,6026.0,1.0,20.9,3.0,1.0,25.2,89.7,98.9,92.4,62.8,44.0,871.9,73.2,117.0
F82006,CRANHAM VILLAGE SURGERY,RM14 1BJ,HAVERING LIBERTY PCN,NHS NORTH EAST LONDON INTEGRATED CARE BOARD,LONDON,12793.0,0.0,5.8,1.0,0.0,26.0,89.7,92.4,97.5,36.5,60.8,345.4,4.9,120.0
A87005,WHITLEY BAY HEALTH CENTRE,NE26 2ND,WHITLEY BAY PCN,NHS NORTH EAST AND NORTH CUMBRIA INTEGRATED CARE BOARD,NORTH EAST AND YORKSHIRE,13512.0,0.0,12.4,1.0,0.0,27.1,89.4,95.1,93.7,28.4,50.9,435.2,5.6,121.0
P91631,RIDDINGS FAMILY HEALTH CENTRE,WA15 6BP,SOUTH TRAFFORD PCN,NHS GREATER MANCHESTER INTEGRATED CARE BOARD,NORTH WEST,3550.0,0.0,4.6,1.0,0.0,17.5,89.2,97.9,98.8,29.3,71.8,343.3,0.4,120.0
P88623,HIGH LANE MEDICAL CENTRE,SK6 8DR,STOCKPORT EAST AND SOUTH PCN,NHS GREATER MANCHESTER INTEGRATED CARE BOARD,NORTH WEST,7230.0,1.0,8.8,1.0,0.0,27.4,89.1,93.9,97.4,31.4,59.5,485.9,6.3,112.0
D82070,GREAT MASSINGHAM SURGERY,PE32 2JQ,WEST NORFOLK COASTAL PCN,NHS NORFOLK AND WAVENEY INTEGRATED CARE BOARD,EAST OF ENGLAND,6393.0,1.0,24.5,3.0,1.0,29.0,89.0,90.0,85.5,38.9,51.0,617.7,0.2,109.0
J81066,STOUR SURGERY,BH23 1PA,CHRISTCHURCH PCN,NHS DORSET INTEGRATED CARE BOARD,SOUTH WEST,10563.0,0.0,13.9,2.0,0.0,26.7,88.8,93.7,93.4,35.6,46.4,687.1,30.9,108.0
A81602,DR RASOOL,TS23 2DG,BILLINGHAM & NORTON PCN,NHS NORTH EAST AND NORTH CUMBRIA INTEGRATED CARE BOARD,NORTH EAST AND YORKSHIRE,2239.0,0.0,22.0,3.0,0.0,29.1,88.8,89.2,93.9,27.3,51.0,478.5,2.3,117.0
B82079,STILLINGTON SURGERY,YO61 1LL,SOUTH HAMBLETON & RYEDALE PCN,NHS HUMBER AND NORTH YORKSHIRE INTEGRATED CARE BOARD,NORTH EAST AND YORKSHIRE,3715.0,1.0,12.2,1.0,1.0,33.1,88.5,94.3,96.7,16.8,44.2,538.5,0.0,134.0
L81098,GREENWAY COMMUNITY PRACTICE,BS10 6AF,PHOENIX (BNSSG) PCN,"NHS BRISTOL, NORTH SOMERSET AND SOUTH GLOUCESTERSHIRE INTEGRATED CARE BOARD",SOUTH WEST,11543.0,0.0,25.4,4.0,0.0,14.0,88.4,85.5,88.8,35.5,46.4,640.2,19.0,104.0
B81628,BARNETBY MEDICAL CENTRE,DN38 6HZ,NORTH LINCOLNSHIRE EAST PCN,NHS HUMBER AND NORTH YORKSHIRE INTEGRATED CARE BOARD,NORTH EAST AND YORKSHIRE,2845.0,1.0,18.7,3.0,1.0,28.4,88.3,89.8,95.8,35.2,64.1,430.1,0.0,109.0
G82635,PUMP LANE SURGERY,ME8 7AA,GILLINGHAM SOUTH PCN,NHS KENT AND MEDWAY INTEGRATED CARE BOARD,SOUTH EAST,2161.0,0.0,14.2,2.0,0.0,27.2,88.2,95.8,95.5,48.5,76.8,328.9,3.3,125.0
M83100,DR RAJU AND PARTNERS,ST3 6AB,MEIR PCN,NHS STAFFORDSHIRE AND STOKE-ON-TRENT INTEGRATED CARE BOARD,MIDLANDS,4173.0,0.0,27.8,4.0,0.0,24.6,88.2,98.8,97.2,33.8,42.0,389.8,3.2,123.0
G82652,CHURCH ROAD,CT18 8HY,FOLKESTONE HYTHE & RURAL PCN,NHS KENT AND MEDWAY INTEGRATED CARE BOARD,SOUTH EAST,2876.0,1.0,17.8,2.0,1.0,32.1,88.2,97.7,95.0,30.0,58.0,348.3,38.9,109.0
L83134,WYNDHAM HOUSE SURGERY,EX5 4HZ,CULM VALLEY PCN,NHS DEVON INTEGRATED CARE BOARD,SOUTH WEST,3961.0,1.0,16.4,2.0,1.0,29.5,88.2,94.9,93.7,36.6,66.6,507.8,13.6,113.0
G82059,WARDERS MEDICAL CENTRE,TN9 1LA,TONBRIDGE PCN,NHS KENT AND MEDWAY INTEGRATED CARE BOARD,SOUTH EAST,18477.0,0.0,12.3,1.0,1.0,19.9,88.0,86.1,90.8,31.2,57.3,460.1,12.7,119.0
A89616,RICKLETON MEDICAL CENTRE,NE38 9EH,WASHINGTON PCN,NHS NORTH EAST AND NORTH CUMBRIA INTEGRATED CARE BOARD,NORTH EAST AND YORKSHIRE,2704.0,0.0,20.7,3.0,0.0,20.2,87.6,96.0,98.2,38.5,55.4,496.7,24.9,120.0
J83045,RAMSBURY SURGERY,SN8 2QT,EAST KENNET PCN,"NHS BATH AND NORTH EAST SOMERSET, SWINDON AND WILTSHIRE INTEGRATED CARE BOARD",SOUTH WEST,10105.0,1.0,10.3,1.0,1.0,25.7,87.6,98.1,97.4,44.8,35.0,712.7,0.1,122.0
J81017,YETMINSTER HEALTH CENTRE,DT9 6LG,SHERBORNE AREA PCN,NHS DORSET INTEGRATED CARE BOARD,SOUTH WEST,4679.0,1.0,17.4,2.0,1.0,31.0,87.5,98.1,97.4,27.9,42.5,519.1,2.4,108.0
G82600,EASTCOURT LANE SURGERY,ME8 6EY,MEDWAY RAINHAM PCN,NHS KENT AND MEDWAY INTEGRATED CARE BOARD,SOUTH EAST,2274.0,0.0,22.8,3.0,0.0,23.3,87.5,85.2,89.9,53.9,78.5,383.4,15.3,91.0
D83006,BILDESTON HEALTH CENTRE,IP7 7EX,SOUTH RURAL PCN,NHS SUFFOLK AND NORTH EAST ESSEX INTEGRATED CARE BOARD,EAST OF ENGLAND,7206.0,1.0,16.4,2.0,1.0,31.2,87.3,94.2,92.1,41.6,40.5,621.6,18.8,127.0
G84008,MANOR ROAD SURGERY,BR3 5LE,BECKENHAM PCN,NHS SOUTH EAST LONDON INTEGRATED CARE BOARD,LONDON,6168.0,0.0,9.0,1.0,0.0,18.2,87.2,88.9,94.7,30.8,62.6,284.6,20.2,101.0
F84731,ST. KATHERINE'S DOCK PRACTICE,E1W 1UA,TOWER NETWORK PCN,NHS NORTH EAST LONDON INTEGRATED CARE BOARD,LONDON,2156.0,0.0,10.9,1.0,0.0,13.9,86.4,98.7,100.0,58.7,44.3,690.6,17.4,87.0
H81084,THE HORSLEY MEDICAL PRACTICE,KT24 6QT,GUILDFORD EAST PCN,NHS SURREY HEARTLANDS ICB,SOUTH EAST,10513.0,1.0,4.9,1.0,0.0,25.4,86.4,95.4,92.9,37.8,48.2,436.5,36.3,113.0
F81205,GHAURI PRACTICE,SS8 0EX,CANVEY PCN,NHS MID AND SOUTH ESSEX INTEGRATED CARE BOARD,EAST OF ENGLAND,5570.0,0.0,25.6,4.0,0.0,23.2,86.3,88.7,86.8,28.7,30.9,323.5,2.0,144.0
F83039,THE RISE GROUP PRACTICE,N19 3YU,NORTH 2 ISLINGTON PCN,NHS NORTH CENTRAL LONDON INTEGRATED CARE BOARD,LONDON,4882.0,0.0,31.0,4.0,0.0,16.1,86.2,70.7,74.8,30.8,68.3,396.0,5.9,133.0
M81605,THE GLEBELAND SURGERY,DY9 9TH,REDDITCH & BROMSGROVE & DISTRICT PCN,NHS HEREFORDSHIRE AND WORCESTERSHIRE INTEGRATED CARE BOARD,MIDLANDS,5462.0,1.0,10.9,1.0,1.0,21.9,86.2,91.5,94.9,35.7,57.4,455.2,2.5,99.0
C84023,THE UNIV OF NOTTINGHAM HEALTH SERV,NG7 2QW,UNITY (NOTTINGHAM) PCN,NHS NOTTINGHAM AND NOTTINGHAMSHIRE INTEGRATED CARE BOARD,MIDLANDS,40604.0,0.0,16.6,2.0,0.0,1.3,86.1,90.0,93.5,20.8,56.6,215.7,0.5,84.0
M81045,KNIGHTWICK SURGERY,WR6 5PH,SOUTH WORCS DROITWITCH & OMBERSLEY PCN,NHS HEREFORDSHIRE AND WORCESTERSHIRE INTEGRATED CARE BOARD,MIDLANDS,4997.0,1.0,17.2,2.0,1.0,30.3,86.1,99.3,96.0,36.2,45.2,553.9,38.4,113.0
M85770,THE SHELDON MEDICAL CENTRE,B26 3TT,BORDESLEY EAST PCN,NHS BIRMINGHAM AND SOLIHULL INTEGRATED CARE BOARD,MIDLANDS,2117.0,0.0,32.3,4.0,0.0,20.6,86.1,96.6,98.8,38.0,65.0,405.1,1.7,108.0
C84682,SHERRINGTON PARK MEDICAL PRACTICE,NG5 2EJ,BESTWOOD AND SHERWOOD PCN,NHS NOTTINGHAM AND NOTTINGHAMSHIRE INTEGRATED CARE BOARD,MIDLANDS,4808.0,0.0,24.2,3.0,0.0,13.4,85.9,84.9,87.6,40.5,39.4,514.0,3.3,126.0
B82011,SHERBURN SURGERY,YO17 8PH,NORTH RIDING HEALTHY COMMUNITY PCN,NHS HUMBER AND NORTH YORKSHIRE INTEGRATED CARE BOARD,NORTH EAST AND YORKSHIRE,5605.0,1.0,21.7,3.0,1.0,26.1,85.9,95.2,92.0,35.2,44.9,676.1,20.7,102.0
F83061,MUSEUM PRACTICE,WC1B 3BA,SOUTH CAMDEN PCN,NHS NORTH CENTRAL LONDON INTEGRATED CARE BOARD,LONDON,5538.0,0.0,23.7,3.0,0.0,10.8,85.7,98.4,98.9,47.8,79.1,494.4,19.4,109.0
G81082,OLDWOOD SURGERY,TN32 5DG,RURAL ROTHER PCN,NHS SUSSEX ICB,SOUTH EAST,6281.0,1.0,18.5,3.0,1.0,21.2,85.5,98.3,94.8,35.5,62.2,430.7,0.0,118.0
M83691,BETLEY SURGERY,CW3 9BJ,Unallocated,NHS STAFFORDSHIRE AND STOKE-ON-TRENT INTEGRATED CARE BOARD,MIDLANDS,1838.0,1.0,10.4,1.0,1.0,31.2,85.5,93.9,95.6,32.3,63.0,429.1,1.6,109.0
P88009,WOODLEY VILLAGE SURGERY,SK6 1ND,TAME VALLEY PCN,NHS GREATER MANCHESTER INTEGRATED CARE BOARD,NORTH WEST,3199.0,0.0,20.8,3.0,0.0,20.4,85.5,92.4,86.8,15.2,56.6,262.6,0.2,107.0
B86034,SPA SURGERY,LS23 6PY,WETHERBY PCN,NHS WEST YORKSHIRE INTEGRATED CARE BOARD,NORTH EAST AND YORKSHIRE,6796.0,1.0,8.5,1.0,0.0,26.0,85.4,89.2,87.4,33.4,50.7,533.5,30.4,111.0
D82100,SHIPDHAM SURGERY,IP25 7LA,MID NORFOLK PCN,NHS NORFOLK AND WAVENEY INTEGRATED CARE BOARD,EAST OF ENGLAND,4474.0,1.0,17.6,2.0,1.0,29.6,85.4,94.8,95.4,31.8,37.4,548.4,0.1,114.0
D82046,CHURCH HILL SURGERY,IP21 4TX,SOUTH NORFOLK HIP PCN,NHS NORFOLK AND WAVENEY INTEGRATED CARE BOARD,EAST OF ENGLAND,4496.0,1.0,18.8,3.0,1.0,30.4,85.2,89.3,89.4,42.1,18.9,853.5,5.3,125.0
C82102,MANOR HOUSE SURGERY,LE12 9UJ,NORTH WEST LEICESTERSHIRE PCN,"NHS LEICESTER, LEICESTERSHIRE AND RUTLAND INTEGRATED CARE BOARD",MIDLANDS,4919.0,1.0,13.4,2.0,1.0,24.5,85.1,92.4,91.7,36.9,52.5,522.3,31.6,136.0
E87069,SOHO CENTRE FOR HEALTH AND CARE,W1D 3QS,WEST END & MARYLEBONE PCN,NHS NORTH WEST LONDON INTEGRATED CARE BOARD,LONDON,2981.0,0.0,22.4,3.0,0.0,10.5,85.1,85.6,77.7,10.5,62.4,177.2,1.2,99.0
E87648,MAYFAIR MEDICAL CENTRE,W1K 5LS,WEST END & MARYLEBONE PCN,NHS NORTH WEST LONDON INTEGRATED CARE BOARD,LONDON,3925.0,0.0,15.7,2.0,0.0,14.7,85.0,95.3,88.7,66.2,60.5,355.2,1.9,108.0
D81038,KIMBOLTON MEDICAL CENTRE,PE28 0JF,A1 NETWORK PCN,NHS CAMBRIDGESHIRE AND PETERBOROUGH INTEGRATED CARE BOARD,EAST OF ENGLAND,7320.0,1.0,12.5,1.0,1.0,26.2,85.0,93.0,91.2,41.2,47.2,705.9,8.2,132.0
C83033,HIBALDSTOW MEDICAL PRACTICE,DN20 9ED,TRENT CARE PCN,NHS LINCOLNSHIRE INTEGRATED CARE BOARD,MIDLANDS,3725.0,1.0,18.3,2.0,1.0,29.5,84.7,94.1,91.7,24.2,44.9,475.6,58.5,99.0
N82655,MOSS WAY,L11 0BL,NORTH LIVERPOOL PCN,NHS CHESHIRE AND MERSEYSIDE INTEGRATED CARE BOARD,NORTH WEST,2409.0,0.0,49.1,5.0,0.0,24.7,84.7,90.6,87.5,72.9,73.1,561.4,2.7,102.0
D82085,HINGHAM SURGERY,NR9 4JB,KETTS OAK PCN,NHS NORFOLK AND WAVENEY INTEGRATED CARE BOARD,EAST OF ENGLAND,7706.0,1.0,16.2,2.0,1.0,28.0,84.7,97.0,99.5,18.7,45.3,584.5,0.7,136.0
D81607,SWAVESEY SURGERY,CB24 4RA,CAMBRIDGE NORTH VILLAGES PCN,NHS CAMBRIDGESHIRE AND PETERBOROUGH INTEGRATED CARE BOARD,EAST OF ENGLAND,3532.0,1.0,7.2,1.0,1.0,17.9,84.5,90.6,87.1,34.0,45.6,499.5,4.1,99.0
P87630,CHERRY MEDICAL PRACTICE,M28 0BB,WALKDEN & LITTLE HULTON PCN,NHS GREATER MANCHESTER INTEGRATED CARE BOARD,NORTH WEST,3162.0,0.0,52.8,5.0,0.0,11.3,84.4,83.4,81.5,52.4,51.7,605.3,0.0,112.0
M85115,SUTTON ROAD SURGERY,B23 5TJ,NORTH BIRMINGHAM PCN,NHS BIRMINGHAM AND SOLIHULL INTEGRATED CARE BOARD,MIDLANDS,1988.0,0.0,30.4,4.0,0.0,18.7,84.4,87.9,86.1,51.1,60.4,662.6,17.0,125.0
C84667,GILTBROOK SURGERY,NG16 2GE,NOTTINGHAM WEST PCN,NHS NOTTINGHAM AND NOTTINGHAMSHIRE INTEGRATED CARE BOARD,MIDLANDS,5534.0,0.0,14.4,2.0,0.0,20.0,84.4,84.1,78.9,33.5,29.8,570.7,14.6,115.0
G82120,BOROUGH GREEN MEDICAL PRACTICE,TN15 8RQ,SEVENOAKS PCN,NHS KENT AND MEDWAY INTEGRATED CARE BOARD,SOUTH EAST,15546.0,1.0,11.5,1.0,1.0,22.7,84.3,80.6,82.1,31.5,52.6,592.6,14.7,122.0
G81054,PAVILION SURGERY,BN1 1EJ,EAST & CENTRAL BRIGHTON PCN,NHS SUSSEX ICB,SOUTH EAST,10136.0,0.0,29.3,4.0,0.0,16.7,84.3,91.8,90.7,28.2,66.0,349.6,20.8,103.0
L83049,MORETONHAMPSTEAD HEALTH CENTRE,TQ13 8LW,NORTH DARTMOOR PCN,NHS DEVON INTEGRATED CARE BOARD,SOUTH WEST,3323.0,1.0,18.1,2.0,0.0,32.9,84.2,92.3,95.5,33.1,48.5,594.1,42.8,111.0
A83644,ANNFIELD PLAIN SURGERY,DH9 7TD,DERWENTSIDE PCN,NHS NORTH EAST AND NORTH CUMBRIA INTEGRATED CARE BOARD,NORTH EAST AND YORKSHIRE,3573.0,0.0,38.7,5.0,0.0,21.6,84.2,98.2,97.4,44.7,38.2,516.6,12.0,111.0
N81038,LAUREL BANK SURGERY,SY14 8PS,RURAL ALLIANCE PCN,NHS CHESHIRE AND MERSEYSIDE INTEGRATED CARE BOARD,NORTH WEST,7784.0,1.0,15.0,2.0,1.0,26.9,84.2,96.4,91.8,30.1,43.7,516.9,4.1,110.0
H84014,PARADISE ROAD SURGERY,TW9 1SA,RICHMOND PCN,NHS SOUTH WEST LONDON INTEGRATED CARE BOARD,LONDON,2536.0,0.0,9.4,1.0,0.0,16.1,84.1,92.8,89.7,43.5,73.4,401.2,12.2,102.0
H81113,LEITH HILL PRACTICE,RH5 5EN,DORKING PCN,NHS SURREY HEARTLANDS ICB,SOUTH EAST,8078.0,1.0,13.4,2.0,1.0,26.4,84.1,97.1,92.3,25.5,59.6,400.4,59.4,115.0
P84018,MAULDETH MEDICAL CENTRE,M14 6SQ,WITHINGTON & FALLOWFIELD PCN,NHS GREATER MANCHESTER INTEGRATED CARE BOARD,NORTH WEST,4482.0,0.0,26.2,4.0,0.0,7.9,84.1,73.8,81.1,19.2,51.7,177.1,0.2,97.0
B82063,AYTON AND SNAINTON MEDICAL PRACTICE,YO13 9JF,NORTH RIDING HEALTHY COMMUNITY PCN,NHS HUMBER AND NORTH YORKSHIRE INTEGRATED CARE BOARD,NORTH EAST AND YORKSHIRE,9534.0,1.0,15.0,2.0,1.0,34.2,84.0,94.9,91.3,19.2,43.5,532.1,22.8,113.0
K84046,WYCHWOOD SURGERY,OX7 6BW,NORTH OXFORDSHIRE RURAL ALLIANCE (NORA) PCN,"NHS BUCKINGHAMSHIRE, OXFORDSHIRE AND BERKSHIRE WEST INTEGRATED CARE BOARD",SOUTH EAST,6202.0,1.0,9.9,1.0,1.0,27.5,84.0,96.5,97.2,38.6,49.2,480.4,0.0,129.0
L82029,NARROWCLIFF SURGERY,TR7 2QF,WATERGATE PCN,NHS CORNWALL AND THE ISLES OF SCILLY INTEGRATED CARE BOARD,SOUTH WEST,16094.0,0.0,18.3,2.0,0.0,21.0,83.9,94.1,90.3,42.2,63.6,602.7,87.7,103.0
F81744,SCOTT PARK SURGERY,SS2 6XY,SOUTHEND WEST CENTRAL PCN,NHS MID AND SOUTH ESSEX INTEGRATED CARE BOARD,EAST OF ENGLAND,2716.0,0.0,11.7,1.0,0.0,25.6,83.9,91.0,92.1,25.0,49.5,339.4,1.9,113.0
P92030,DR SEABROOK,WN1 2AZ,WIGAN CENTRAL PCN,NHS GREATER MANCHESTER INTEGRATED CARE BOARD,NORTH WEST,4575.0,0.0,25.0,4.0,0.0,17.9,83.9,85.9,88.7,30.5,48.8,287.0,117.9,106.0
A84042,SCOTS GAP MEDICAL GROUP,NE61 4EG,WEST NORTHUMBERLAND PCN,NHS NORTH EAST AND NORTH CUMBRIA INTEGRATED CARE BOARD,NORTH EAST AND YORKSHIRE,2105.0,1.0,17.9,2.0,1.0,32.0,83.8,96.3,96.7,38.4,38.9,576.2,6.2,126.0
C83058,WASHINGBOROUGH SURGERY,LN4 1BN,SOUTH LINCOLN PCN,NHS LINCOLNSHIRE INTEGRATED CARE BOARD,MIDLANDS,8705.0,1.0,10.2,1.0,0.0,30.0,83.8,97.0,97.2,24.4,53.4,382.6,35.2,105.0
K84023,BERINSFIELD HEALTH CENTRE,OX10 7NE,ABINGDON AND DISTRICT PCN,"NHS BUCKINGHAMSHIRE, OXFORDSHIRE AND BERKSHIRE WEST INTEGRATED CARE BOARD",SOUTH EAST,6033.0,1.0,14.9,2.0,0.0,21.8,83.8,96.4,95.2,61.2,66.6,740.6,6.2,119.0
G82053,WOODCHURCH SURGERY,TN26 3SF,ASHFORD RURAL PCN,NHS KENT AND MEDWAY INTEGRATED CARE BOARD,SOUTH EAST,5519.0,1.0,21.0,3.0,1.0,29.3,83.8,97.0,96.6,33.2,48.1,606.2,18.9,115.0
M81616,CRABBS CROSS MEDICAL CENTRE,B97 5JX,REDDITCH & BROMSGROVE NIGHTINGALES PCN,NHS HEREFORDSHIRE AND WORCESTERSHIRE INTEGRATED CARE BOARD,MIDLANDS,3311.0,0.0,19.1,3.0,0.0,20.0,83.6,87.0,90.4,35.4,50.7,452.8,18.3,112.0
C85623,KINGSWELL SURGERY PMS PRACTICE,S36 6DY,FCP SERVICE - BARNSLEY PCN,NHS SOUTH YORKSHIRE INTEGRATED CARE BOARD,NORTH EAST AND YORKSHIRE,5087.0,1.0,11.3,1.0,1.0,19.4,83.6,95.7,94.9,24.0,58.9,450.5,1.5,102.0
N85052,GROVE RD SURGERY,CH45 3HF,WALLASEY PCN,NHS CHESHIRE AND MERSEYSIDE INTEGRATED CARE BOARD,NORTH WEST,4487.0,0.0,23.4,3.0,0.0,22.5,83.5,93.7,94.9,47.5,52.6,507.0,59.8,119.0
J81053,CERNE ABBAS SURGERY,DT2 7JG,MID DORSET PCN,NHS DORSET INTEGRATED CARE BOARD,SOUTH WEST,4152.0,1.0,16.8,2.0,1.0,36.8,83.5,99.0,96.7,36.9,40.7,750.3,7.7,141.0
F81713,BENFLEET SURGERY,SS7 1ED,BENFLEET PCN,NHS MID AND SOUTH ESSEX INTEGRATED CARE BOARD,EAST OF ENGLAND,2704.0,0.0,11.2,1.0,0.0,19.7,83.2,90.5,85.7,36.4,29.6,331.9,0.0,98.0
L83129,HARTLAND SURGERY,EX39 6BL,TORRIDGE PCN,NHS DEVON INTEGRATED CARE BOARD,SOUTH WEST,3022.0,1.0,26.7,4.0,1.0,29.9,83.1,99.0,99.5,39.2,36.4,808.4,37.8,126.0
L81617,UNIVERSITY MEDICAL CENTRE,BA2 7AY,UNITY MEDICAL GROUP PCN,"NHS BATH AND NORTH EAST SOMERSET, SWINDON AND WILTSHIRE INTEGRATED CARE BOARD",SOUTH WEST,13730.0,0.0,9.8,1.0,0.0,0.8,83.1,79.3,89.1,28.7,38.5,183.2,66.1,73.0
C85622,MONK BRETTON HEALTH CENTRE PRACTICE,S71 2EQ,FCP SERVICE - BARNSLEY PCN,NHS SOUTH YORKSHIRE INTEGRATED CARE BOARD,NORTH EAST AND YORKSHIRE,2240.0,0.0,31.2,4.0,0.0,19.9,82.9,90.1,90.6,25.0,75.0,282.0,0.9,106.0
J81027,WEYMOUTH BAY MEDICAL PRACTICE,DT4 7BY,WEYMOUTH & PORTLAND PCN,NHS DORSET INTEGRATED CARE BOARD,SOUTH WEST,25518.0,0.0,20.7,3.0,0.0,29.7,82.8,87.6,81.5,31.4,50.3,481.0,49.3,82.0
L83077,HEAVITREE PRACTICE,EX1 2RX,NEXUS (DEVON) PCN,NHS DEVON INTEGRATED CARE BOARD,SOUTH WEST,8077.0,0.0,13.9,2.0,0.0,16.3,82.8,94.7,94.0,37.1,45.0,555.6,38.3,106.0
M85686,DR KULSHRESTHA FAMILY PRACTICE,B18 7AL,WEST BIRMINGHAM PCN,NHS BIRMINGHAM AND SOLIHULL INTEGRATED CARE BOARD,MIDLANDS,1504.0,0.0,50.9,5.0,0.0,11.0,82.8,96.1,97.8,69.7,74.1,843.3,3.7,119.0
J81029,THE APPLES MEDICAL CENTRE,DT9 3DG,SHERBORNE AREA PCN,NHS DORSET INTEGRATED CARE BOARD,SOUTH WEST,5526.0,1.0,15.1,2.0,1.0,38.7,82.8,86.7,85.2,35.3,31.3,751.2,25.2,110.0
H85092,RIVERHOUSE MEDICAL PRACTICE,SW19 1YG,NORTH MERTON PCN,NHS SOUTH WEST LONDON INTEGRATED CARE BOARD,LONDON,6026.0,0.0,13.4,2.0,0.0,10.7,82.8,91.4,91.8,58.8,51.7,403.1,5.4,92.0
J82080,UNIVERSITY HEALTH SERVICE SOUTHAMPTON,SO17 1BJ,SOUTHAMPTON NORTH PCN,NHS HAMPSHIRE AND ISLE OF WIGHT INTEGRATED CARE BOARD,SOUTH EAST,34460.0,0.0,18.9,3.0,0.0,2.8,82.7,81.9,84.4,33.7,55.0,183.0,12.2,131.0
H81058,WOODLANDS ROAD MEDICAL CENTRE,RH1 6EY,REDHILL PHOENIX PCN,NHS SURREY HEARTLANDS ICB,SOUTH EAST,9886.0,0.0,11.4,1.0,0.0,16.2,82.6,91.8,87.8,31.9,67.9,450.5,24.7,109.0
C85614,DARTON HEALTH CENTRE PRACTICE,S75 5HQ,FCP SERVICE - BARNSLEY PCN,NHS SOUTH YORKSHIRE INTEGRATED CARE BOARD,NORTH EAST AND YORKSHIRE,4267.0,0.0,17.4,2.0,0.0,18.3,82.6,82.5,89.5,27.8,44.1,331.0,4.3,131.0
D81002,HUNTINGDON ROAD SURGERY,CB3 0DB,CANTAB MEDICAL PRACTICES PCN,NHS CAMBRIDGESHIRE AND PETERBOROUGH INTEGRATED CARE BOARD,EAST OF ENGLAND,22969.0,0.0,6.2,1.0,1.0,12.0,82.5,71.9,75.0,44.5,55.1,387.5,0.5,125.0
C81106,LAMBGATES HEALTH CENTRE,SK13 1DJ,GLOSSOP PCN,NHS DERBY AND DERBYSHIRE INTEGRATED CARE BOARD,MIDLANDS,7178.0,0.0,18.2,2.0,0.0,18.6,82.5,88.1,88.7,56.5,49.4,888.4,248.5,121.0
Y00347,DR JACOBS SURGERY,PR7 2PA,CHORLEY TOGETHER PCN,NHS LANCASHIRE AND SOUTH CUMBRIA INTEGRATED CARE BOARD,NORTH WEST,5500.0,0.0,21.3,3.0,0.0,20.5,82.2,94.7,91.5,35.3,48.0,416.6,7.4,109.0
A82068,ULVERSTON COMMUNITY HEALTH CENTRE,LA12 7BT,MID FURNESS PCN,NHS LANCASHIRE AND SOUTH CUMBRIA INTEGRATED CARE BOARD,NORTH WEST,4629.0,0.0,14.6,2.0,0.0,24.0,82.1,91.2,93.5,44.0,58.1,387.1,1.5,109.0
A85617,SUNNISIDE SURGERY,NE16 5LP,GATESHEAD INNER WEST PCN,NHS NORTH EAST AND NORTH CUMBRIA INTEGRATED CARE BOARD,NORTH EAST AND YORKSHIRE,3810.0,1.0,16.1,2.0,0.0,19.7,82.1,98.2,98.8,37.8,48.4,549.5,21.4,109.0
G82691,LANGLEY,ME17 3JY,THE RIDGE PCN,NHS KENT AND MEDWAY INTEGRATED CARE BOARD,SOUTH EAST,3420.0,1.0,19.7,3.0,1.0,21.3,81.9,95.2,95.2,47.8,40.6,554.2,3.4,118.0
A84604,WOOLER HEALTH,NE71 6BL,WELL UP NORTH PCN,NHS NORTH EAST AND NORTH CUMBRIA INTEGRATED CARE BOARD,NORTH EAST AND YORKSHIRE,4840.0,1.0,21.8,3.0,1.0,36.3,81.9,89.7,87.3,33.7,54.0,612.0,7.0,122.0
C88028,BROOMHILL SURGERY,S10 5BU,WEST 3 PCN,NHS SOUTH YORKSHIRE INTEGRATED CARE BOARD,NORTH EAST AND YORKSHIRE,9650.0,0.0,7.1,1.0,0.0,22.9,81.8,97.6,93.8,40.9,55.8,457.7,5.6,99.0
N83049,KENNETH MACRAE MED CENTRE,WA11 8HJ,ST HELENS NORTH PCN,NHS CHESHIRE AND MERSEYSIDE INTEGRATED CARE BOARD,NORTH WEST,4189.0,1.0,12.6,1.0,0.0,27.1,81.8,100.0,97.9,35.1,63.7,366.8,256.0,113.0
J83042,ROWDEN SURGERY,SN15 2SB,"CHIPPENHAM, CORSHAM & BOX PCN","NHS BATH AND NORTH EAST SOMERSET, SWINDON AND WILTSHIRE INTEGRATED CARE BOARD",SOUTH WEST,19294.0,0.0,12.5,1.0,0.0,21.1,81.7,91.6,92.6,37.4,44.3,547.9,0.6,101.0
A85614,THE BRIDGES MEDICAL PRACTICE,NE8 1AD,BIRTLEY AND CENTRAL GATESHEAD PCN,NHS NORTH EAST AND NORTH CUMBRIA INTEGRATED CARE BOARD,NORTH EAST AND YORKSHIRE,7980.0,0.0,34.0,5.0,0.0,10.4,81.7,90.1,87.6,32.6,62.9,364.0,10.9,111.0
K84021,BANBURY ROAD MEDICAL CENTRE,OX2 7BT,HEALTHIER OXFORD CITY NETWORK PCN,"NHS BUCKINGHAMSHIRE, OXFORDSHIRE AND BERKSHIRE WEST INTEGRATED CARE BOARD",SOUTH EAST,10348.0,0.0,6.8,1.0,0.0,10.3,81.6,83.9,89.6,40.6,68.4,296.8,11.8,95.0
H84630,CRANE PARK SURGERY,TW2 6JL,EAST TWICKENHAM PCN,NHS SOUTH WEST LONDON INTEGRATED CARE BOARD,LONDON,3816.0,0.0,19.3,3.0,0.0,9.3,81.6,91.0,90.7,34.1,70.7,319.7,0.0,116.0
M91642,QUESLETT MEDICAL CENTRE,B43 7DY,WEST BIRMINGHAM PCN,NHS BIRMINGHAM AND SOLIHULL INTEGRATED CARE BOARD,MIDLANDS,1673.0,0.0,18.8,3.0,0.0,16.2,81.5,87.8,87.4,50.7,41.6,506.9,8.5,121.0
P91617,FAMILY SURGERY,WA14 1LL,SOUTH TRAFFORD PCN,NHS GREATER MANCHESTER INTEGRATED CARE BOARD,NORTH WEST,2526.0,0.0,9.4,1.0,0.0,14.0,81.5,87.7,92.6,56.1,86.8,297.6,1.2,106.0
H81658,NEW OTTERSHAW SURGERY,KT16 0JX,COCO PCN,NHS SURREY HEARTLANDS ICB,SOUTH EAST,5996.0,0.0,10.6,1.0,0.0,21.8,81.3,100.0,93.4,52.9,48.8,492.2,53.8,119.0
F81737,THE HIGHWOOD SURGERY,CM15 9DY,BRENTWOOD PCN,NHS MID AND SOUTH ESSEX INTEGRATED CARE BOARD,EAST OF ENGLAND,2884.0,0.0,13.7,2.0,0.0,13.6,81.3,94.5,92.9,33.6,68.4,337.1,0.3,100.0
J81035,MILTON ABBAS SURGERY,DT11 0AT,MID DORSET PCN,NHS DORSET INTEGRATED CARE BOARD,SOUTH WEST,4823.0,1.0,17.7,2.0,1.0,27.3,81.2,94.4,93.5,32.1,46.0,632.0,16.3,126.0
Y00078,WINSHILL,DE15 0EP,EAST STAFFORDSHIRE PCN,NHS STAFFORDSHIRE AND STOKE-ON-TRENT INTEGRATED CARE BOARD,MIDLANDS,5232.0,0.0,25.0,4.0,0.0,15.7,81.1,93.7,91.1,32.7,62.5,393.9,55.7,124.0
J81020,BERE REGIS SURGERY,BH20 7HB,PURBECK PCN,NHS DORSET INTEGRATED CARE BOARD,SOUTH WEST,3892.0,1.0,18.8,3.0,1.0,26.5,81.0,91.4,92.5,40.6,36.0,843.6,15.6,117.0
P92005,ZAMAN,WN3 5HL,SWAN NETWORK WIGAN PCN,NHS GREATER MANCHESTER INTEGRATED CARE BOARD,NORTH WEST,4241.0,0.0,21.6,3.0,0.0,23.0,81.0,97.8,97.4,25.8,39.4,504.5,3.2,126.0
G82733,ORCHARD END,TN17 3AY,WEALD PCN,NHS KENT AND MEDWAY INTEGRATED CARE BOARD,SOUTH EAST,4179.0,1.0,18.3,2.0,1.0,18.4,80.9,94.3,91.9,40.0,54.1,395.6,49.4,125.0
N85634,VITTORIA MED CTR K,CH41 3RH,BIRKENHEAD PCN,NHS CHESHIRE AND MERSEYSIDE INTEGRATED CARE BOARD,NORTH WEST,1861.0,0.0,54.6,5.0,0.0,20.0,80.8,95.6,94.5,19.8,54.0,717.0,8.1,122.0
M83125,CLAVERLEY,WV5 7BY,SEISDON PCN,NHS STAFFORDSHIRE AND STOKE-ON-TRENT INTEGRATED CARE BOARD,MIDLANDS,3439.0,1.0,19.2,3.0,1.0,27.5,80.8,78.2,89.8,39.8,31.8,461.7,0.4,117.0
P92621,PREMIER HEALTH TEAM,WN7 2PE,LEIGH PCN,NHS GREATER MANCHESTER INTEGRATED CARE BOARD,NORTH WEST,4229.0,0.0,30.2,4.0,0.0,18.1,80.7,98.3,97.2,16.8,65.5,298.7,15.3,102.0
P81181,KINGSFOLD MEDICAL CENTRE,PR1 9BX,GREATER PRESTON PCN,NHS LANCASHIRE AND SOUTH CUMBRIA INTEGRATED CARE BOARD,NORTH WEST,5199.0,0.0,17.8,2.0,0.0,21.4,80.7,90.9,93.2,48.6,40.6,454.0,29.9,134.0
D81051,BURWELL SURGERY,CB25 0AE,ELY SOUTH PCN,NHS CAMBRIDGESHIRE AND PETERBOROUGH INTEGRATED CARE BOARD,EAST OF ENGLAND,9422.0,1.0,9.9,1.0,1.0,21.9,80.6,97.4,95.3,56.3,22.6,416.4,213.3,126.0
M82024,BROWN CLEE MEDICAL CENTRE,WV16 6SS,SE SHROPSHIRE PCN,"NHS SHROPSHIRE, TELFORD AND WREKIN INTEGRATED CARE BOARD",MIDLANDS,3922.0,1.0,20.5,3.0,1.0,31.5,80.5,96.5,97.3,35.0,45.9,574.9,1.2,117.0
H85664,TOOTING BEC SURGERY,SW17 7BA,Unallocated,NHS SOUTH WEST LONDON INTEGRATED CARE BOARD,LONDON,1876.0,0.0,13.7,2.0,0.0,3.0,80.5,68.6,74.4,61.9,83.1,151.3,15.6,149.0
A83622,THE HAVEN SURGERY,DH7 0BD,DERWENTSIDE PCN,NHS NORTH EAST AND NORTH CUMBRIA INTEGRATED CARE BOARD,NORTH EAST AND YORKSHIRE,1721.0,1.0,32.4,4.0,1.0,24.7,80.5,93.7,92.3,44.7,41.1,1008.0,15.8,107.0
M83074,BALANCE STREET,ST14 8JG,EAST STAFFORDSHIRE PCN,NHS STAFFORDSHIRE AND STOKE-ON-TRENT INTEGRATED CARE BOARD,MIDLANDS,14286.0,0.0,13.8,2.0,1.0,21.8,80.5,93.1,95.9,55.2,37.0,525.0,12.9,122.0
M83059,ABBOTS BROMLEY SURGERY,WS15 3BT,EAST STAFFORDSHIRE PCN,NHS STAFFORDSHIRE AND STOKE-ON-TRENT INTEGRATED CARE BOARD,MIDLANDS,3797.0,1.0,10.8,1.0,1.0,30.6,80.4,96.6,96.6,52.1,41.8,532.5,1.3,110.0
C81082,HARTINGTON SURGERY,SK17 0AQ,HIGH PEAK & BUXTON PCN,NHS DERBY AND DERBYSHIRE INTEGRATED CARE BOARD,MIDLANDS,3350.0,1.0,20.4,3.0,1.0,29.0,80.3,95.8,94.6,31.4,33.0,466.9,3.1,106.0
L83143,HILL BARTON SURGERY,EX1 3EN,NEXUS (DEVON) PCN,NHS DEVON INTEGRATED CARE BOARD,SOUTH WEST,4560.0,0.0,12.8,1.0,0.0,16.0,80.3,79.9,76.8,29.9,43.7,407.9,9.2,120.0
A82647,CARTMEL SURGERY,LA11 6PH,GRANGE AND LAKES PCN,NHS LANCASHIRE AND SOUTH CUMBRIA INTEGRATED CARE BOARD,NORTH WEST,3211.0,1.0,12.8,1.0,1.0,32.8,80.3,99.3,95.7,22.9,57.3,537.1,2.3,120.0
G84604,HIGHLAND ROAD SURGERY,BR1 4AD,PENGE PCN,NHS SOUTH EAST LONDON INTEGRATED CARE BOARD,LONDON,8212.0,0.0,11.6,1.0,0.0,13.2,80.2,77.8,73.0,29.8,59.2,270.6,10.5,95.0
B81616,DR GT HENDOW'S PRACTICE,HU7 4DW,MARMOT PCN,NHS HUMBER AND NORTH YORKSHIRE INTEGRATED CARE BOARD,NORTH EAST AND YORKSHIRE,2852.0,0.0,35.0,5.0,0.0,19.7,80.1,90.2,98.1,30.9,58.4,308.6,4.2,118.0
D82106,WEST POTTERGATE MED PRAC,NR2 4BX,CENTRAL NORWICH PCN,NHS NORFOLK AND WAVENEY INTEGRATED CARE BOARD,EAST OF ENGLAND,5926.0,0.0,22.5,3.0,0.0,15.0,80.0,94.9,83.0,30.0,40.9,464.0,1.5,115.0
