indicator_code,indicator_id,short_name,full_description,n_practices_valued
CVDP002CKD,13,CKD: Uncoded - two low eGFRs with no recorded CKD (CVDP002CKD),"Patients whose last two eGFRs are less than 60ml/min/1.73m2 (uncoded CKD), who do not have a record of GP recorded CKD (G3a to G5)",4622
CVDP005HYP,20,Hypertension: High risk – one high BP with no recorded hypertension (CVDP005HYP),"Patients with single blood pressure reading of systolic >=140mmHg and diastolic >=90mmHg (at risk of hypertension), who do not have a record of GP recorded hypertension",6079
CVDP010CHOL,23,Cholesterol: CKD treated with LLT (CVDP010CHOL),"Patients with GP recorded chronic kidney disease (G3a to G5), who are currently treated with lipid lowering therapy.",6063
CVDP001SMOK,24,Smoking: Record of smoking status (CVDP001SMOK),"Patients with GP recorded CVD or CVD risk factors who are GP recorded current smokers or have no smoking status recorded, whose notes record smoking status in the preceding 12 months.",6081
CVDP002NDH,25,"NDH: High risk – one HbA1c 42-48 mmol/mol, with no recorded NDH or DM (CVDP002NDH)","Patients whose last HbA1c record is between 42 and 48 mmol/mol (at high risk of NDH), without a GP record of non-diabetic hyperglycaemia or diabetes mellitus.",5670
CVDP009HYP,52,Hypertension: Monitoring with ACR (CVDP009HYP),"Patients with GP recorded hypertension, with a record of a urine ACR test in the preceding 12 months.",6079
CVDP002AF,7,AF: Treated with anticoagulants (CVDP002AF),"Patients with GP recorded atrial fibrillation and with a CHADS2 or CHA2DS2-VASc score of 2 or more, who are currently treated with any oral anticoagulant.",6029
CVDP003CKD,15,CKD: High risk - one low eGFR with no recorded CKD (CVDP003CKD),"Patients whose last single eGFR is less than 60ml/min/1.73m2 (at risk of CKD), who do not have a record of GP recorded CKD (G3a to G5)",5997
CVDP002SMOK,26,Smoking: Current smokers offered support/treatment (CVDP002SMOK),"Patients with GP recorded CVD or CVD risk factors who are GP recorded current smokers, who have a record of an offer of support or treatment within the preceding 12 months.",6080
CVDP003DM,27,DM: Uncoded - two high HbA1c with no recorded diabetes (CVDP003DM),"Patients whose last two HbA1c records are 48mmol/mol or more (uncoded diabetes), who do not have a GP record of diabetes.",1979
CVDP009CHOL,34,Cholesterol: CVD treated with LLT (CVDP009CHOL),"Patients with GP recorded CVD (narrow definition), who are currently treated with lipid lowering therapy.",6082
CVDP004HYP,4,Hypertension: BP monitoring (CVDP004HYP),"Patients with GP recorded hypertension, with a record of a blood pressure reading in the preceding 12 months.",6088
CVDP006CHOL,22,Cholesterol: QRISK >= 10% treated with LLT (CVDP006CHOL),"Patients with no GP recorded CVD and a GP recorded QRISK score of 10% or more, who are currently treated with lipid lowering therapy",6079
CVDP005DM,28,DM: High risk - one high HbA1c with no recorded diabetes (CVDP005DM),"Patients whose last single HbA1c record is 48 mmol/mol or more (possible diabetes), who do not have a GP record of diabetes or have uncoded diabetes.",4349
CVDP003CHOL,14,Cholesterol: QRISK >= 20% treated with LLT (CVDP003CHOL),"Patients with no GP recorded CVD and a GP recorded QRISK score of 20% or more, who are currently treated with lipid lowering therapy",6072
CVDP004CKD,17,CKD: Monitoring with ACR (CVDP004CKD),Patients with GP recorded CKD (G3a to G5) with a record of a urine ACR test in the preceding 12 months,6050
CVDP006CKD,29,CKD: Monitoring with eGFR (CVDP006CKD),"Patients with GP recorded CKD (G3a to G5), with a record of an eGFR test in the preceding 12 months.",6066
CVDP007HYP,32,Hypertension: Treated to appropriate threshold (all ages) (CVDP007HYP),"Patients with GP recorded hypertension, whose last blood pressure reading is to the appropriate treatment threshold, in the preceding 12 months.",6086
CVDP002HYP,2,Hypertension: Treated to appropriate threshold (age < 80) (CVDP002HYP),"Patients with GP recorded hypertension aged under 80, whose last blood pressure reading is to the appropriate treatment threshold, in the preceding 12 months.",6085
CVDP005CKD,19,CKD: High risk treated with RAS antagonists (CVDP005CKD),"Patients with GP recorded CKD (G3a to G5) and hypertension and proteinuria, who are currently treated with renin-angiotensin system antagonists",5202
CVDP003HYP,3,Hypertension: Treated to appropriate threshold (age  >= 80) (CVDP003HYP),"Patients with GP recorded hypertension aged 80 and over, whose last blood pressure reading is to the appropriate treatment threshold, in the preceding 12 months.",6045
CVDP007CKD,31,CKD: ACR < 70mg/mmol treated to appropriate BP threshold (CVDP007CKD),"Patients with GP recorded CKD (G3a to G5) with an ACR of less than 70 mg/mmol, whose last blood pressure reading is to the appropriate treatment threshold.",6054
CVDP008CHOL,33,Cholesterol: Primary prevention of CVD treated with LLT (CVDP008CHOL),"Patients with no GP recorded CVD and either a GP recorded QRISK score of 10% or more, or CKD or high risk diabetes, who are currently treated with lipid lowering therapy.",6081
CVDP006HYP,21,Hypertension: Potential antihypertensive overtreatment (CVDP006HYP),"Patients with GP recorded hypertension, prescribed at least one anti-hypertensive treatment with low systolic blood pressure and a subsequent antihypertensive medication prescription date",2240
CVDP001BMI,45,BMI: Record of BMI status (CVDP001BMI),"Patients with GP recorded CVD or CVD risk factors, with GP recorded body mass index status in the preceding 12 months.",6091
CVDP002HF,47,HF: Monitoring with eGFR (CVD002HF),"Patients with GP recorded heart failure, with a record of an eGFR test in the preceding 6 months.",2290
CVDP002CHD,48,CHD: Treated to BP threshold (CVDP002CHD),"Patients with GP recorded coronary heart disease (CHD), whose last blood pressure reading is to the appropriate treatment threshold, in the preceding 12 months.",6074
CVDP002STRK,49,Stroke: Treatment to BP threshold (CVDP002STRK),"Patients with GP recorded stroke or transient ischaemic attack, whose last blood pressure reading is to the appropriate treatment threshold, in the preceding 12 months.",6056
CVDP004AF,50,AF: Low risk AF with recorded CHA2DS2-VASc score (CVDP004AF),"Patients with GP recorded atrial fibrillation and with a CHADS2 or CHA2DS2-VASc score of less than 2 or no CHADS2 or CHA2DS2-VASc score, whose stroke risk has been assessed using the CHA2DS2-VASc scoring system in the preceding 12 months.",3455
CVDP005AF,51,AF: Treated with anticoagulants - DOAC prioritised (CVDP005AF),"Patients with GP recorded atrial fibrillation and with a CHADS2 or CHA2DS2-VASc score of  2 or more, who are currently treated with a direct-acting oral anticoagulant or vitamin K antagonist.",6029
CVDP011CHOL,53,Cholesterol: CVD cholesterol monitoring (CVDP011CHOL),"Patients with GP recorded CVD (narrow definition), with a record of a non-HDL or LDL cholesterol test in the preceding 12 months.",6081
CVDP012CHOL,54,Cholesterol: CVD treated to cholesterol threshold (CVDP012CHOL),"Patients with GP recorded CVD (narrow definition), whose most recent blood cholesterol level is LDL-cholesterol less than or equal to 2.0 mmol/l or non-HDL  cholesterol less than or equal to 2.6 mmol/l, in the preceding 12 months",6073
