gp_code,list_jul26
A81001,3733
A81002,18558
A81004,11484
A81005,7505
A81006,14566
A81007,10412
A81009,7815
A81011,12018
A81012,5596
A81013,7868
A81014,4096
A81016,12819
A81017,18174
A81018,10003
A81019,8826
A81020,7886
A81021,26437
A81022,9322
A81023,7610
A81025,4019
A81026,20390
A81027,14199
A81029,6557
A81030,17245
A81031,13422
A81032,11723
A81034,20785
A81035,9258
A81036,15776
A81037,5714
A81038,3636
A81039,13256
A81040,8490
A81041,9390
A81042,15848
A81044,19574
A81045,6227
A81046,12149
A81048,7201
A81049,6304
A81051,7223
A81052,10268
A81053,5733
A81054,8398
A81056,2437
A81057,10132
A81058,9175
A81060,6238
A81063,5325
A81064,7556
A81066,5587
A81067,10184
A81070,6145
A81602,2309
A81608,18787
A81610,7634
A81611,9865
A81612,4175
A81618,9838
A81621,2891
A81622,5621
A81629,10988
A81631,7509
A82003,11892
A82004,2213
A82005,5562
A82006,5131
A82007,11468
A82008,11893
A82009,9121
A82010,6707
A82012,16695
A82013,6421
A82014,4188
A82015,13074
A82016,41014
A82018,13800
A82020,14945
A82021,17627
A82022,5215
A82023,6655
A82024,5928
A82025,11854
A82026,17084
A82027,9989
A82028,8404
A82029,3535
A82030,6481
A82031,3334
A82032,13905
A82033,7894
A82035,14311
A82036,11703
A82037,4416
A82038,4604
A82039,8731
A82041,13706
A82044,22882
A82045,9282
A82046,4476
A82047,33375
A82053,7432
A82055,7446
A82062,6517
A82064,6389
A82068,4783
A82070,6571
A82071,4099
A82072,7314
A82075,7701
A82608,4595
A82613,860
A82617,2796
A82620,1028
A82629,2907
A82631,3773
A82646,3870
A82647,3351
A82650,3039
A82651,5041
A82654,7908
A83001,16004
A83003,9151
A83005,12204
A83006,8687
A83007,10227
A83008,5348
A83009,7500
A83010,13108
A83011,32380
A83012,15513
A83013,13185
A83014,6386
A83015,9695
A83016,10794
A83018,16309
A83020,13551
A83021,16129
A83022,26472
A83023,12628
A83024,5534
A83025,13636
A83026,10638
A83027,7662
A83028,9222
A83029,5272
A83030,14113
A83031,11868
A83032,2626
A83033,10385
A83034,11620
A83035,7121
A83036,10073
A83037,12866
A83038,6282
A83040,12230
A83041,7322
A83043,2720
A83044,8359
A83045,14844
A83046,11051
A83047,14606
A83048,6299
A83049,16798
A83050,12563
A83051,11547
A83052,8609
A83054,17167
A83055,5136
A83057,18030
A83060,2851
A83061,3702
A83066,13155
A83070,5945
A83071,4633
A83072,4032
A83073,5276
A83074,11745
A83075,8316
A83610,3565
A83616,8787
A83617,2722
A83618,7615
A83619,3438
A83622,1787
A83626,2327
A83627,6614
A83634,2845
A83635,4635
A83636,5697
A83637,4109
A83641,4678
A83644,3579
A84002,6334
A84005,12978
A84006,18868
A84007,10943
A84008,4521
A84009,26813
A84011,8655
A84013,6282
A84014,14162
A84016,6771
A84018,7365
A84020,8090
A84022,12403
A84024,10386
A84025,5557
A84026,9148
A84027,3434
A84028,20145
A84029,4833
A84030,11960
A84031,11267
A84033,5892
A84034,5609
A84035,5996
A84036,49131
A84037,6009
A84038,9409
A84039,7294
A84040,3289
A84042,2197
A84044,7054
A84045,5237
A84047,5419
A84604,4961
A84614,2218
A84619,4383
A85001,7368
A85002,3664
A85004,9853
A85005,17781
A85006,14553
A85007,8849
A85008,15178
A85009,6471
A85010,11529
A85011,7006
A85013,3636
A85014,19900
A85016,12311
A85017,8664
A85018,4692
A85019,10252
A85020,15592
A85021,4074
A85024,2573
A85026,5819
A85611,5773
A85614,8343
A85616,5178
A85617,3942
A86003,41152
A86004,13839
A86005,5883
A86006,5710
A86008,13064
A86010,10579
A86011,10608
A86012,12310
A86013,7533
A86016,9366
A86017,11781
A86018,13003
A86020,27048
A86021,9902
A86022,8495
A86023,10276
A86024,6971
A86025,13673
A86026,7848
A86027,20763
A86028,8136
A86029,19791
A86030,10420
A86031,10875
A86033,8122
A86037,8457
A86038,6327
A86040,6566
A86041,6679
A86601,8976
A87002,21443
A87004,24316
A87005,13542
A87007,17632
A87008,9387
A87009,15465
A87011,6165
A87012,7312
A87013,9273
A87016,12822
A87017,7001
A87020,13316
A87022,9669
A87029,21218
A87030,6307
A87612,6604
A87615,5609
A88001,3606
A88002,16470
A88003,22597
A88004,8986
A88005,4449
A88006,7653
A88008,6199
A88009,5859
A88010,3678
A88012,6051
A88013,19289
A88014,2771
A88015,7224
A88016,8424
A88022,11161
A88023,5250
A88025,4236
A88601,4456
A88608,5933
A88613,4121
A89001,13594
A89002,6690
A89004,11907
A89005,5846
A89006,7709
A89007,10024
A89008,5434
A89009,9929
A89010,12082
A89011,4914
A89012,11712
A89013,5516
A89015,9159
A89016,9275
A89017,14090
A89018,5110
A89019,14595
A89020,8443
A89021,8500
A89022,5243
A89023,8368
A89024,8119
A89025,9823
A89026,7126
A89027,6320
A89028,7560
A89030,6606
A89031,7526
A89032,9198
A89034,4081
A89035,11006
A89036,2347
A89040,4439
A89041,8069
A89614,4521
A89616,3002
A89617,3502
A89623,3078
B81003,12699
B81004,12476
B81005,16839
B81007,9981
B81008,37952
B81009,8464
B81011,10632
B81012,3199
B81013,8727
B81015,17089
B81016,10127
B81017,15668
B81018,9289
B81020,8611
B81022,12630
B81024,11542
B81025,33503
B81026,20165
B81027,7753
B81029,11979
B81030,25004
B81031,21089
B81032,5952
B81034,11470
B81035,6881
B81036,19136
B81037,14692
B81038,8138
B81039,34841
B81040,16013
B81041,6204
B81042,13775
B81043,14962
B81045,12283
B81046,8998
B81047,7507
B81048,55899
B81051,11133
B81054,8164
B81061,48913
B81063,7314
B81064,10867
B81068,17589
B81069,41954
B81074,11236
B81075,4074
B81082,6792
B81085,39082
B81087,7859
B81088,8282
B81090,4821
B81091,5121
B81092,12549
B81097,2481
B81099,10662
B81100,4249
B81101,31457
B81104,7073
B81108,4412
B81109,22411
B81112,24106
B81113,10078
B81118,7714
B81119,6359
B81606,4314
B81616,1
B81617,16060
B81619,2344
B81628,2829
B81631,4734
B81635,3727
B81642,4338
B81645,1942
B81647,3098
B81648,1611
B81655,3255
B81656,6846
B81663,2905
B81665,2357
B81666,2756
B81697,3014
B82002,8132
B82004,11042
B82005,57287
B82007,9488
B82008,8761
B82010,7639
B82011,5817
B82012,15729
B82013,20425
B82014,6740
B82016,15659
B82017,13256
B82018,6881
B82019,4409
B82021,9946
B82022,5655
B82023,6063
B82024,8753
B82025,21025
B82026,31673
B82027,13976
B82029,3218
B82030,5846
B82031,11208
B82032,12328
B82033,10795
B82034,6329
B82035,3644
B82036,7800
B82037,8735
B82038,23897
B82041,15848
B82042,8559
B82044,9530
B82045,5587
B82046,3060
B82047,15708
B82049,8207
B82050,21815
B82053,15639
B82054,16774
B82057,7596
B82059,11391
B82060,12891
B82061,7434
B82063,9817
B82064,3623
B82066,10281
B82067,8844
B82068,3589
B82069,7693
B82071,7373
B82072,5121
B82073,10856
B82074,18641
B82075,9385
B82077,6168
B82078,6094
B82079,3751
B82080,18673
B82081,7218
B82083,43366
B82086,5124
B82088,10664
B82097,11155
B82098,27531
B82100,8733
B82101,5310
B82104,8318
B82105,9494
B82106,4811
B82609,4141
B82619,1868
B82628,4611
B83002,5698
B83005,6794
B83008,19861
B83010,10014
B83012,11086
B83014,13806
B83015,8849
B83016,8777
B83018,12452
B83019,7314
B83022,10125
B83025,4473
B83026,5910
B83028,10851
B83029,10277
B83031,3913
B83032,4403
B83033,86424
B83034,6768
B83035,15660
B83037,9959
B83038,18468
B83039,24282
B83041,14306
B83042,9166
B83045,12300
B83051,8728
B83052,23315
B83055,31106
B83056,8656
B83058,8758
B83062,9211
B83063,58884
B83064,11502
B83067,7836
B83604,4747
B83611,11862
B83614,9893
B83620,3537
B83622,4267
B83624,16948
B83626,6400
B83627,3347
B83628,10044
B83629,3150
B83641,11138
B83642,4773
B83653,7732
B83657,5379
B83659,3982
B83660,5561
B83661,2934
B84001,10135
B84003,7702
B84004,18645
B84006,15900
B84007,10585
B84008,16560
B84009,11555
B84010,10004
B84011,10901
B84012,28339
B84013,9351
B84014,5653
B84016,11343
B84019,17060
B84021,8616
B84612,8990
B84613,10825
B84618,7836
B84623,5169
B85001,6653
B85002,4610
B85004,6113
B85005,6716
B85006,15345
B85008,6134
B85009,8620
B85010,7192
B85012,10660
B85014,9259
B85015,8362
B85016,10566
B85018,9520
B85019,17192
B85020,6625
B85021,8922
B85022,7981
B85023,6281
B85024,9195
B85025,12379
B85026,7995
B85027,10229
B85028,17510
B85030,9512
B85031,6963
B85032,5929
B85033,5827
B85036,8580
B85037,5685
B85038,5835
B85041,15880
B85042,9036
B85044,2871
B85048,4406
B85051,6865
B85054,10434
B85055,13099
B85058,3041
B85059,8611
B85060,2309
B85061,9615
B85062,13107
B85606,4500
B85610,10963
B85611,3646
B85612,4876
B85614,6821
B85619,3201
B85620,3040
B85623,3408
B85634,3627
B85636,4459
B85640,3632
B85641,4093
B85645,2480
B85646,6175
B85650,4705
B85652,7699
B85655,2801
B85659,1672
B85660,6719
B86002,14448
B86003,16615
B86004,8561
B86005,5559
B86006,15074
B86007,9374
B86008,19051
B86010,10038
B86011,9565
B86012,19227
B86013,19717
B86014,13394
B86015,13889
B86016,18318
B86017,16635
B86018,7315
B86019,20258
B86020,11176
B86022,14012
B86024,9610
B86025,10704
B86028,5170
B86029,5749
B86030,10494
B86032,18662
B86033,11848
B86034,6847
B86035,9256
B86036,11002
B86038,10555
B86039,9570
B86041,7676
B86042,15726
B86043,10211
B86044,28312
B86048,14552
B86049,9965
B86050,20365
B86051,15018
B86052,12139
B86054,6187
B86055,13667
B86057,19928
B86059,16256
B86060,10910
B86061,4807
B86062,8270
B86064,17077
B86066,14508
B86067,16756
B86068,7736
B86069,13323
B86070,4508
B86071,8311
B86075,14256
B86081,14115
B86086,7105
B86089,6046
B86092,6780
B86093,5736
B86094,4869
B86096,5572
B86100,7480
B86101,3501
B86103,9509
B86104,17483
B86106,7670
B86108,6573
B86109,7591
B86110,39339
B86642,2766
B86643,3759
B86648,2476
B86655,2285
B86658,11510
B86666,5696
B86667,7761
B86669,2774
B86672,6906
B86673,7014
B86675,5036
B86678,2992
B87001,9935
B87002,10452
B87003,11016
B87004,11710
B87005,11615
B87006,10583
B87007,16389
B87008,13302
B87009,6252
B87011,13162
B87012,9861
B87013,14494
B87015,7199
B87016,24414
B87017,26922
B87018,11734
B87019,7356
B87020,13798
B87021,12806
B87022,9011
B87025,8467
B87026,14554
B87027,13930
B87028,11033
B87030,29807
B87031,22088
B87032,8140
B87033,5809
B87036,4257
B87039,14589
B87042,5446
B87044,2415
B87602,3810
B87604,2933
C81001,11457
C81002,12271
C81003,10088
C81004,10437
C81005,16760
C81006,29276
C81007,11796
C81008,9705
C81009,21177
C81010,13782
C81012,15657
C81013,4672
C81014,11721
C81015,12449
C81016,8453
C81017,8928
C81018,9226
C81020,11217
C81021,14963
C81022,4127
C81023,7878
C81025,10425
C81026,6688
C81027,8503
C81029,17226
C81030,9260
C81031,9740
C81032,13787
C81033,15837
C81034,16579
C81035,12479
C81036,4607
C81037,10852
C81038,12514
C81039,3600
C81040,8505
C81041,11959
C81042,13052
C81044,8507
C81045,13027
C81046,4652
C81047,12976
C81048,11065
C81049,9744
C81050,9637
C81051,26185
C81052,7017
C81053,10978
C81054,41516
C81055,5134
C81056,6834
C81057,10709
C81058,8927
C81059,6031
C81060,10917
C81061,17510
C81062,8767
C81063,9518
C81064,12861
C81065,8936
C81066,12007
C81067,9953
C81068,12087
C81069,13658
C81070,3786
C81071,11762
C81072,45702
C81073,12841
C81075,5214
C81080,8043
C81081,20065
C81082,3527
C81083,16889
C81084,20293
C81086,7916
C81089,6084
C81091,8461
C81092,5669
C81094,8242
C81095,4811
C81096,5726
C81097,5617
C81099,10485
C81101,8346
C81106,7522
C81108,15472
C81110,12233
C81113,6547
C81114,14198
C81115,4934
C81118,8525
C81604,5064
C81611,9763
C81615,2328
C81616,5415
C81634,4644
C81638,4068
C81640,3593
C81647,4076
C81649,8082
C81652,4900
C81653,4441
C81655,3731
C81658,8163
C81662,8620
C82001,25976
C82002,10858
C82003,11494
C82005,10802
C82007,10706
C82008,8322
C82009,29416
C82010,14938
C82011,12482
C82012,12210
C82013,13493
C82014,18115
C82016,11023
C82017,16066
C82018,13946
C82019,5841
C82020,19456
C82021,7141
C82022,7356
C82024,19826
C82025,10709
C82026,8239
C82027,7398
C82028,7330
C82030,7033
C82031,14906
C82032,7350
C82033,11477
C82034,9635
C82035,7813
C82037,10265
C82038,37468
C82039,11071
C82040,9169
C82041,12990
C82042,12850
C82043,10872
C82044,9468
C82045,8768
C82046,17087
C82047,10656
C82048,5439
C82050,13878
C82051,11881
C82052,3692
C82053,11000
C82054,12565
C82055,14363
C82056,14011
C82059,1866
C82060,4116
C82061,15665
C82062,9025
C82063,12041
C82064,12288
C82066,17625
C82067,8628
C82068,12374
C82070,10058
C82071,14381
C82072,8753
C82073,13749
C82075,11054
C82076,6805
C82077,12697
C82078,11848
C82079,6727
C82080,4626
C82082,5525
C82084,3722
C82086,10072
C82088,10384
C82091,10184
C82092,4786
C82093,12656
C82094,6784
C82095,9109
C82096,10259
C82097,3088
C82098,7210
C82099,4548
C82100,6532
C82102,4850
C82103,6743
C82107,7727
C82109,5347
C82111,15295
C82112,9648
C82114,2365
C82116,5114
C82119,3295
C82120,4005
C82121,14806
C82124,23519
C82600,6289
C82610,6879
C82611,7040
C82614,4241
C82620,2284
C82624,8215
C82627,8283
C82628,3532
C82631,7047
C82634,6551
C82639,10084
C82642,9522
C82643,14388
C82644,5106
C82649,5811
C82650,5451
C82651,3876
C82653,2055
C82656,3163
C82659,2912
C82660,7488
C82662,8715
C82667,8224
C82669,4195
C82670,779
C82671,8320
C82676,7525
C82678,5377
C82680,4710
C83001,26569
C83002,8493
C83003,20765
C83004,11633
C83005,7286
C83007,26819
C83008,7878
C83009,8516
C83010,18694
C83011,12681
C83013,7888
C83014,10227
C83015,8730
C83018,11926
C83019,22334
C83020,10400
C83022,22705
C83023,17233
C83024,3660
C83025,18951
C83026,23014
C83027,10342
C83028,7916
C83029,4199
C83030,5265
C83031,12150
C83032,6865
C83033,3811
C83035,12663
C83036,8455
C83037,9901
C83038,7930
C83039,5638
C83040,14387
C83041,7573
C83042,7014
C83043,10608
C83044,12568
C83045,16695
C83046,6069
C83048,13068
C83049,9964
C83051,8443
C83052,4208
C83053,2452
C83054,16249
C83055,6216
C83056,14169
C83057,8386
C83058,9519
C83059,13823
C83060,15314
C83061,9016
C83062,5946
C83063,15784
C83064,14273
C83065,9730
C83067,7108
C83072,9463
C83073,8352
C83074,5036
C83075,10325
C83078,8816
C83079,7557
C83080,5889
C83082,10942
C83083,7537
C83085,13477
C83611,7331
C83613,5271
C83614,3602
C83617,9310
C83626,11138
C83634,5092
C83635,5373
C83641,4009
C83643,2370
C83649,5106
C83650,4213
C84001,35084
C84004,9729
C84005,28239
C84008,6228
C84009,13556
C84010,18680
C84011,8872
C84012,11904
C84013,15881
C84014,11779
C84016,15924
C84017,26878
C84018,12308
C84019,12097
C84020,6758
C84021,13003
C84023,36556
C84024,29333
C84025,8227
C84026,12686
C84028,7757
C84029,22536
C84030,11980
C84032,17665
C84033,9407
C84034,8528
C84035,11422
C84036,18934
C84037,12712
C84039,11915
C84042,7047
C84043,12385
C84044,10413
C84045,8023
C84046,9118
C84047,10682
C84049,12048
C84051,18894
C84053,16901
C84055,11111
C84057,4413
C84059,13138
C84060,8585
C84061,9596
C84063,8554
C84064,10587
C84065,5219
C84066,10520
C84067,5546
C84069,13014
C84072,10495
C84074,5418
C84076,4069
C84077,18907
C84078,12888
C84080,13585
C84081,6888
C84084,8631
C84085,10558
C84086,15087
C84087,5552
C84090,9240
C84091,8751
C84092,5239
C84094,24659
C84095,7003
C84101,1
C84105,7409
C84106,8081
C84107,6771
C84112,3841
C84113,7544
C84115,10150
C84116,8307
C84117,18430
C84120,15714
C84122,10791
C84123,4391
C84129,9675
C84131,8783
C84136,4833
C84140,4939
C84142,5218
C84144,5084
C84150,4852
C84151,3572
C84605,17844
C84613,12227
C84619,6831
C84621,5287
C84624,5719
C84628,8013
C84629,4325
C84637,9739
C84646,6353
C84654,4648
C84656,8642
C84658,10418
C84660,4516
C84664,4911
C84667,6004
C84676,8361
C84679,4469
C84682,5080
C84683,11329
C84691,8830
C84692,2716
C84693,5165
C84694,4768
C84695,4534
C84696,4809
C84703,6958
C84704,8219
C84705,8171
C84714,5585
C84720,28
C85001,4457
C85003,13299
C85004,16297
C85005,7251
C85006,5693
C85007,10433
C85008,12790
C85009,7474
C85010,16598
C85013,11147
C85014,9785
C85016,10732
C85017,11673
C85018,7396
C85019,11511
C85020,12068
C85022,13227
C85023,11470
C85024,6254
C85028,3621
C85030,10058
C85033,10911
C85614,4677
C85619,8643
C85622,2327
C85623,5800
C86001,16654
C86002,8250
C86003,9751
C86005,4676
C86006,10402
C86007,19992
C86009,7426
C86011,13999
C86012,9170
C86013,8666
C86015,8342
C86016,9106
C86017,15930
C86018,9852
C86019,16637
C86020,8600
C86021,6227
C86023,13773
C86024,12034
C86025,6449
C86026,4957
C86029,13708
C86032,5417
C86033,5116
C86034,10013
C86037,9283
C86038,9523
C86605,7883
C86609,19834
C86611,6989
C86614,9708
C86616,3703
C86621,4472
C86625,1726
C86626,2824
C87002,21117
C87003,11214
C87004,12058
C87005,18935
C87006,15107
C87007,11662
C87008,16088
C87009,10752
C87010,4689
C87012,15744
C87013,6563
C87014,9682
C87015,6789
C87016,12265
C87017,12716
C87018,7708
C87020,5093
C87022,8613
C87024,4365
C87029,12571
C87030,9432
C87031,3921
C87603,4114
C87604,5990
C87608,5675
C87616,6425
C87620,7180
C87622,10207
C88005,15765
C88006,6061
C88007,25859
C88008,13938
C88009,6185
C88010,14212
C88011,4755
C88014,9752
C88015,18845
C88016,13509
C88018,8748
C88019,8578
C88020,7696
C88021,7443
C88022,5292
C88023,9507
C88025,9366
C88026,13917
C88027,5104
C88028,10025
C88030,8146
C88031,13840
C88032,5550
C88034,9095
C88035,10552
C88036,10618
C88037,14187
C88038,5870
C88039,8957
C88040,6159
C88041,12860
C88043,10899
C88044,5406
C88045,8726
C88046,6995
C88047,7688
C88048,8623
C88049,5984
C88050,3470
C88051,7737
C88052,11113
C88053,3936
C88054,7770
C88059,2441
C88060,4898
C88062,4565
C88069,15666
C88070,7970
C88072,11914
C88073,5208
C88074,5148
C88076,9347
C88077,7806
C88078,7126
C88079,8241
C88082,6388
C88083,2340
C88084,3086
C88085,9719
C88086,2594
C88087,9551
C88088,7657
C88090,7951
C88091,2263
C88092,9573
C88095,5526
C88622,2417
C88627,31173
C88631,1355
C88647,10546
C88648,7205
C88652,4261
C88655,1131
D81001,13973
D81002,23330
D81003,10600
D81004,14766
D81005,14339
D81008,18532
D81010,11013
D81011,9118
D81012,11238
D81013,20622
D81014,23819
D81015,6975
D81016,12256
D81017,9019
D81018,8266
D81021,12960
D81022,17415
D81025,9121
D81026,47890
D81027,8081
D81028,13116
D81029,13224
D81030,15092
D81031,20859
D81033,5025
D81034,18885
D81035,10068
D81036,5092
D81037,10914
D81038,7308
D81041,6930
D81042,9680
D81043,58582
D81044,13935
D81045,10475
D81046,19451
D81047,8072
D81049,11786
D81050,17042
D81051,9751
D81052,9550
D81054,19935
D81055,5845
D81056,6818
D81057,20985
D81058,7828
D81059,7693
D81060,7565
D81061,11960
D81062,8211
D81064,7159
D81065,7264
D81066,10631
D81070,10747
D81073,5726
D81078,4163
D81081,5139
D81082,8106
D81084,12506
D81085,7479
D81086,7802
D81603,7571
D81606,13314
D81607,3604
D81611,13595
D81612,4950
D81615,11566
D81618,3422
D81622,14966
D81625,32645
D81629,6379
D81630,13298
D81631,14807
D81633,11216
D81637,14329
D81645,2675
D82001,14306
D82002,12273
D82003,24666
D82004,12048
D82005,9357
D82006,8893
D82007,25055
D82008,19293
D82009,7037
D82010,5316
D82011,17579
D82012,14446
D82013,8898
D82015,8353
D82016,10003
D82017,10943
D82018,11066
D82019,19453
D82020,12725
D82022,7010
D82023,15059
D82024,12976
D82025,10447
D82026,8630
D82027,7564
D82028,5901
D82029,19362
D82030,8905
D82031,8131
D82032,8496
D82034,18854
D82035,10925
D82036,9028
D82037,11150
D82038,3276
D82039,8625
D82040,12976
D82041,9657
D82042,8621
D82043,6708
D82044,29712
D82045,19412
D82046,4512
D82047,6524
D82048,12425
D82049,3489
D82050,11150
D82051,18336
D82053,5756
D82054,15653
D82056,9965
D82057,7048
D82058,17505
D82059,11919
D82062,8872
D82063,13995
D82064,22700
D82065,7819
D82066,6694
D82067,15034
D82068,7943
D82070,6443
D82071,13921
D82072,3938
D82073,15352
D82076,8761
D82078,10063
D82079,5602
D82080,8989
D82084,8137
D82085,8107
D82087,6849
D82088,19255
D82096,8267
D82099,16746
D82100,4668
D82104,9493
D82105,7815
D82106,5911
D82600,2002
D82604,3584
D82618,5667
D82621,7046
D82624,8809
D82628,4121
D83001,11268
D83002,15364
D83003,5030
D83004,9985
D83005,13686
D83006,7599
D83007,9629
D83008,15969
D83009,19128
D83010,6391
D83011,11756
D83012,27704
D83013,13790
D83015,8178
D83016,10487
D83017,13809
D83018,12897
D83019,7928
D83020,8047
D83021,20458
D83022,5341
D83023,11451
D83024,13749
D83026,9038
D83027,11621
D83028,9178
D83029,13780
D83030,7550
D83033,10171
D83034,11683
D83035,10710
D83037,16341
D83038,16183
D83040,11229
D83041,10061
D83043,6319
D83044,23771
D83045,5523
D83046,29358
D83047,15879
D83048,17901
D83049,6857
D83050,28298
D83051,19476
D83053,9344
D83054,6917
D83055,16202
D83056,10991
D83057,14634
D83059,21400
D83060,24072
D83061,9966
D83062,7549
D83067,8542
D83069,6399
D83070,5103
D83073,5385
D83074,14018
D83075,13428
D83076,5693
D83078,10262
D83079,9257
D83080,6015
D83081,8218
D83084,6553
D83608,6628
D83610,12734
E81002,10184
E81003,21378
E81004,12475
E81005,10462
E81006,9516
E81007,6681
E81008,11933
E81009,12346
E81010,9106
E81012,13045
E81013,14448
E81014,18385
E81015,14414
E81016,6342
E81018,13005
E81019,22919
E81021,22648
E81022,19445
E81024,5957
E81025,7583
E81026,10100
E81027,13712
E81028,15998
E81029,18080
E81031,5172
E81032,47418
E81033,20579
E81034,8622
E81035,10143
E81036,13008
E81037,46527
E81038,21050
E81040,9508
E81041,13907
E81043,10642
E81044,19352
E81045,10608
E81046,12179
E81047,18113
E81048,10977
E81049,7677
E81050,12784
E81052,8099
E81057,21739
E81060,6239
E81061,7241
E81063,9473
E81069,4942
E81073,17356
E81074,11677
E81076,5956
E81612,5546
E81615,4136
E81617,5227
E81631,9758
E81632,8375
E81633,5480
E81635,8914
E82001,43809
E82002,10820
E82004,4794
E82005,48036
E82006,7732
E82007,11737
E82008,11088
E82009,23585
E82012,14700
E82013,36665
E82014,19837
E82015,8358
E82017,13324
E82018,14869
E82019,15938
E82020,6608
E82021,6629
E82022,18593
E82023,12127
E82024,18120
E82027,12568
E82031,19699
E82032,14952
E82035,12562
E82037,15478
E82038,20264
E82040,20858
E82041,12762
E82042,9233
E82043,15243
E82044,14634
E82045,18113
E82046,10419
E82050,5380
E82051,14739
E82053,17907
E82055,13387
E82056,10437
E82058,16801
E82059,10280
E82060,21610
E82061,14259
E82062,16093
E82063,12248
E82066,3753
E82067,16581
E82068,19394
E82069,8788
E82070,3666
E82071,17361
E82073,48526
E82074,23099
E82075,12484
E82077,12461
E82078,10182
E82079,8924
E82081,13623
E82082,18337
E82083,10231
E82084,13534
E82085,18599
E82086,24388
E82088,10176
E82090,9895
E82091,15997
E82092,16759
E82093,13665
E82094,12693
E82096,10280
E82098,7572
E82099,12666
E82100,13822
E82102,17014
E82105,4986
E82106,14001
E82107,10827
E82111,7764
E82113,7204
E82115,10459
E82117,12414
E82121,5193
E82123,9630
E82124,33375
E82129,15580
E82132,6179
E82133,9691
E82626,2755
E82638,6805
E82643,3006
E82652,3175
E82654,10830
E82655,4277
E82657,6174
E82661,8045
E83003,10489
E83005,5838
E83006,6627
E83007,4756
E83008,8059
E83009,12789
E83010,12614
E83011,11184
E83012,10235
E83013,5288
E83016,25404
E83017,17184
E83018,17953
E83020,11497
E83021,12367
E83024,11275
E83025,7789
E83026,3610
E83027,10808
E83028,5995
E83030,7496
E83031,6339
E83032,16657
E83034,5066
E83035,24772
E83038,8871
E83039,5253
E83041,4634
E83044,9806
E83045,9630
E83046,7591
E83050,7177
E83053,14506
E83600,7910
E83613,11289
E83621,9266
E83622,8749
E83637,12487
E83638,5344
E83639,5844
E83649,4335
E83653,11960
E83668,3944
E84002,7194
E84003,14324
E84004,7377
E84005,7205
E84006,16445
E84007,5803
E84008,10354
E84009,11908
E84011,1630
E84012,8016
E84013,8443
E84014,10294
E84015,14296
E84017,7475
E84018,7750
E84020,6212
E84021,17191
E84022,6899
E84024,22067
E84025,19582
E84028,6061
E84030,4428
E84031,9447
E84032,6269
E84033,6580
E84036,8679
E84039,18823
E84040,4458
E84042,6918
E84044,11271
E84048,7687
E84049,7530
E84051,6395
E84053,3142
E84057,12341
E84058,26248
E84059,4625
E84061,11410
E84062,5486
E84063,8911
E84066,118653
E84067,9206
E84068,14682
E84069,19031
E84070,5899
E84074,12279
E84075,11610
E84076,6337
E84078,5472
E84080,7922
E84083,5848
E84086,6472
E84601,7667
E84617,7511
E84620,5968
E84626,4829
E84635,5368
E84637,4901
E84638,6272
E84645,8763
E84646,7169
E84647,5054
E84653,7019
E84656,5909
E84658,5282
E84663,7790
E84665,8640
E84674,4952
E84676,3891
E84678,4528
E84680,4996
E84684,4985
E84685,7624
E84693,10104
E84699,3934
E84701,5088
E84702,15093
E84704,2556
E84709,26120
E85001,9097
E85003,17721
E85004,7353
E85005,5109
E85006,5028
E85007,12955
E85008,6206
E85012,5150
E85013,5827
E85014,8124
E85015,9555
E85016,12233
E85019,10966
E85020,15157
E85021,6991
E85023,3226
E85024,5273
E85025,11043
E85026,15129
E85028,8119
E85029,14440
E85030,7230
E85032,4456
E85033,10781
E85034,5103
E85035,7315
E85038,5465
E85040,7720
E85041,6120
E85042,7902
E85045,3228
E85046,6009
E85048,7200
E85049,8365
E85050,7471
E85051,4698
E85052,7144
E85053,3362
E85054,11628
E85055,10360
E85056,6862
E85057,10240
E85058,7072
E85059,7580
E85060,6285
E85061,6389
E85062,13154
E85064,7448
E85066,3883
E85069,5549
E85071,2279
E85074,5970
E85075,5136
E85077,3153
E85083,6529
E85088,6495
E85090,5403
E85091,3367
E85096,5633
E85098,6402
E85099,7025
E85103,3072
E85107,7704
E85108,4734
E85109,3886
E85111,5257
E85112,9237
E85113,6810
E85114,7498
E85115,4052
E85116,5858
E85118,7016
E85119,13695
E85120,7164
E85121,14458
E85122,14102
E85123,8695
E85124,93531
E85125,5844
E85126,10814
E85127,8126
E85128,12217
E85129,5702
E85130,4160
E85600,7154
E85605,8167
E85623,3023
E85624,7032
E85628,10026
E85633,9280
E85635,5554
E85636,14844
E85640,3444
E85643,6993
E85649,4209
E85656,5583
E85657,11571
E85658,4523
E85659,2303
E85663,9770
E85677,8437
E85680,10161
E85681,8866
E85682,5569
E85683,3913
E85685,12391
E85687,5727
E85693,22401
E85694,5102
E85696,7646
E85697,6128
E85699,6665
E85707,7290
E85708,7618
E85712,10421
E85713,6304
E85715,7804
E85716,16085
E85718,4884
E85719,9643
E85721,2142
E85725,7395
E85726,3255
E85734,5716
E85735,7108
E85736,7676
E85739,10420
E85743,2997
E85744,9412
E85745,7929
E85746,3755
E85748,5985
E85750,6881
E86001,11220
E86004,11047
E86005,6877
E86006,8267
E86007,8872
E86009,8750
E86010,16475
E86011,6273
E86012,11072
E86014,7655
E86015,17245
E86016,6048
E86017,22225
E86018,7905
E86019,6847
E86020,4971
E86022,5810
E86024,4184
E86026,8191
E86027,7176
E86028,8041
E86029,10328
E86030,11140
E86033,6545
E86034,2616
E86036,9051
E86038,7140
E86041,5469
E86042,7588
E86605,2568
E86609,10164
E86610,3273
E86612,6038
E86615,2470
E86618,7086
E86619,3313
E86620,5079
E86625,2829
E86626,5906
E86629,3623
E86632,5730
E86637,6412
E86640,5999
E87002,16487
E87003,5179
E87004,10967
E87005,8527
E87006,4882
E87007,1
E87008,11713
E87009,3589
E87010,5897
E87011,7644
E87013,15940
E87016,13451
E87021,5166
E87024,5468
E87026,2272
E87029,9038
E87034,14172
E87037,11023
E87038,4669
E87043,6684
E87045,5057
E87046,12374
E87047,6681
E87048,3458
E87052,3222
E87061,13449
E87063,15745
E87065,3734
E87066,7682
E87067,10413
E87069,2803
E87070,7035
E87609,23836
E87637,20850
E87648,4433
E87663,4562
E87665,6412
E87677,18149
E87681,14423
E87701,8741
E87702,2848
E87706,4237
E87711,287
E87714,5611
E87715,7080
E87720,9108
E87722,6721
E87733,4713
E87737,9046
E87738,14726
E87739,9656
E87740,2127
E87741,3437
E87742,3021
E87745,8892
E87746,5023
E87750,4104
E87751,2112
E87753,11118
E87754,6098
E87755,3205
E87762,8615
E87768,22268
E87772,502
F81001,13515
F81003,5896
F81004,9270
F81006,5157
F81007,19815
F81009,11042
F81010,12217
F81011,8289
F81012,7011
F81013,13047
F81014,11829
F81015,12692
F81017,8292
F81019,18008
F81020,8360
F81021,12223
F81022,16361
F81023,13785
F81025,10302
F81026,8977
F81027,20787
F81028,9100
F81029,8278
F81030,17215
F81031,7520
F81032,3118
F81034,9874
F81036,18223
F81037,8785
F81038,13021
F81040,4817
F81041,14448
F81042,43304
F81043,17865
F81044,7309
F81045,6796
F81046,4453
F81047,11167
F81048,10059
F81049,12862
F81051,7726
F81052,15922
F81053,21587
F81055,13348
F81056,11950
F81057,14616
F81060,5001
F81061,7993
F81062,8513
F81065,4313
F81066,6521
F81067,13896
F81068,17091
F81069,8956
F81071,13586
F81072,8547
F81075,11130
F81076,4765
F81078,11719
F81080,12223
F81081,21951
F81082,4191
F81083,11776
F81085,13425
F81086,7621
F81087,13658
F81088,2751
F81089,10115
F81090,12046
F81091,9413
F81092,4599
F81095,21861
F81096,10788
F81097,17701
F81098,8011
F81099,12901
F81100,23425
F81101,5485
F81102,7280
F81104,4273
F81105,20923
F81106,10854
F81108,18771
F81110,12160
F81112,15582
F81113,14069
F81114,13628
F81115,26944
F81116,10874
F81117,10279
F81118,14712
F81119,8283
F81120,12683
F81121,15398
F81122,32054
F81123,20868
F81125,13908
F81126,9952
F81128,14515
F81130,6002
F81131,9251
F81132,17220
F81133,12262
F81134,7470
F81136,15108
F81137,7212
F81141,14338
F81142,6766
F81144,21969
F81147,4920
F81149,11392
F81150,13218
F81152,11883
F81153,13499
F81155,5435
F81156,9296
F81158,3733
F81159,7099
F81163,7246
F81164,9338
F81165,4558
F81169,7874
F81170,13700
F81173,6344
F81176,3304
F81177,4309
F81181,22989
F81183,5998
F81184,4249
F81186,7085
F81192,10297
F81193,7238
F81197,2647
F81198,2583
F81205,5789
F81206,5773
F81207,2896
F81211,5165
F81212,9582
F81213,7580
F81215,10084
F81216,4446
F81219,5358
F81221,5066
F81222,5067
F81223,3328
F81606,2914
F81613,8777
F81618,4544
F81619,3941
F81623,2242
F81632,6163
F81633,5380
F81635,2444
F81636,18356
F81640,4351
F81641,7455
F81645,4290
F81649,4526
F81652,5490
F81656,2704
F81665,5109
F81666,3294
F81669,7022
F81674,11774
F81675,5858
F81679,7655
F81681,15870
F81683,11525
F81690,6261
F81696,2824
F81697,2769
F81700,3837
F81704,3874
F81707,6003
F81708,11522
F81711,3535
F81713,2515
F81716,10110
F81725,9710
F81729,3454
F81730,7303
F81732,6764
F81737,3468
F81739,6687
F81740,6499
F81741,11052
F81744,2662
F81746,3635
F81749,14781
F81751,4299
F81757,6528
F82001,5424
F82002,7548
F82003,4988
F82005,6944
F82006,13605
F82007,10177
F82008,12702
F82009,21590
F82010,8597
F82011,9396
F82013,17920
F82014,7226
F82015,4927
F82016,5862
F82017,8467
F82018,11623
F82019,6416
F82021,9640
F82022,12722
F82023,3472
F82025,5883
F82027,2154
F82028,10142
F82030,15046
F82031,4220
F82033,3443
F82034,10441
F82038,4795
F82039,4765
F82040,4517
F82042,20608
F82045,3391
F82051,10453
F82055,13552
F82604,6094
F82607,6688
F82609,4334
F82610,2915
F82612,11323
F82619,3916
F82624,6333
F82625,7766
F82627,7065
F82630,7814
F82634,6671
F82638,7706
F82642,7033
F82647,5997
F82648,3827
F82649,4416
F82650,9967
F82660,18869
F82661,3767
F82663,4010
F82670,6116
F82671,3524
F82674,5963
F82675,3372
F82677,9035
F82678,4766
F82679,5427
F82680,10041
F82686,4934
F83002,10951
F83003,7363
F83004,31951
F83005,20989
F83006,15282
F83008,11842
F83010,25327
F83011,8584
F83012,7234
F83015,12953
F83017,17367
F83018,7807
F83019,12576
F83020,11635
F83021,15717
F83022,16389
F83023,23696
F83032,11360
F83033,6778
F83034,1576
F83039,4726
F83042,8406
F83043,16166
F83044,9029
F83045,9038
F83048,8758
F83050,3565
F83052,3821
F83053,7877
F83055,22962
F83056,8884
F83057,8324
F83058,10262
F83059,22610
F83060,7081
F83061,5488
F83063,13527
F83064,9193
F83615,7752
F83623,13053
F83624,16580
F83632,6497
F83633,4964
F83635,7320
F83652,11276
F83658,6452
F83660,8847
F83664,13188
F83665,17097
F83666,6541
F83671,3131
F83672,15256
F83673,6033
F83674,8783
F83678,2073
F83680,4689
F83681,8407
F83683,5386
F83686,10860
F84003,14918
F84004,13236
F84006,16780
F84008,12231
F84009,14151
F84010,10370
F84012,8889
F84013,18288
F84014,7629
F84015,5042
F84016,11348
F84017,19980
F84018,12390
F84021,10884
F84022,8677
F84025,11489
F84030,3853
F84031,16456
F84033,11023
F84034,12879
F84035,26228
F84036,9082
F84038,3300
F84039,37380
F84044,7964
F84047,10844
F84050,12039
F84051,9861
F84052,17003
F84053,6930
F84054,11983
F84055,3763
F84060,4725
F84062,14215
F84063,6248
F84069,13484
F84070,9786
F84072,13656
F84074,9946
F84077,9591
F84079,10621
F84080,9430
F84081,13066
F84083,9815
F84086,6262
F84087,9190
F84088,7973
F84092,14103
F84093,17545
F84096,17106
F84097,12439
F84105,11286
F84111,10394
F84114,11000
F84115,8958
F84117,9599
F84118,12584
F84119,12388
F84121,15530
F84122,16739
F84123,17745
F84124,5155
F84601,7392
F84619,5098
F84620,8177
F84621,4104
F84632,826
F84635,9509
F84636,6302
F84640,9445
F84641,3047
F84642,13713
F84647,16982
F84656,10103
F84658,8966
F84660,3227
F84666,5891
F84668,5704
F84669,9501
F84670,6547
F84672,8139
F84677,7303
F84681,10240
F84686,9225
F84692,9205
F84694,4757
F84696,5779
F84698,14485
F84710,13090
F84716,5347
F84717,11988
F84718,14050
F84719,5773
F84720,5134
F84724,16943
F84729,4973
F84730,9369
F84731,2360
F84733,1076
F84735,8463
F84739,5048
F84740,3839
F84741,2323
F84747,26379
F84749,24856
F85002,93735
F85004,12049
F85007,15607
F85008,11161
F85010,4156
F85013,9013
F85014,15995
F85016,6847
F85017,6338
F85019,14484
F85020,10103
F85023,12440
F85025,14917
F85028,6537
F85029,11725
F85030,12567
F85031,12152
F85032,9339
F85033,20391
F85034,8926
F85035,11608
F85039,7088
F85044,6990
F85046,10412
F85058,5945
F85060,5104
F85061,2742
F85063,17767
F85064,7656
F85065,3284
F85066,18390
F85067,4138
F85069,9282
F85071,12067
F85072,9127
F85615,5697
F85623,4569
F85625,6947
F85628,10060
F85634,9636
F85640,6443
F85642,8980
F85650,5946
F85663,4718
F85666,4010
F85669,23394
F85675,5538
F85676,5662
F85678,4036
F85682,6075
F85687,8531
F85688,10323
F85697,1609
F85700,8027
F85701,12294
F85705,13191
F86001,11917
F86004,15298
F86005,7740
F86006,6278
F86007,13565
F86008,15130
F86009,7037
F86010,16668
F86011,9174
F86012,9358
F86013,5757
F86018,9822
F86020,6570
F86022,15020
F86023,10397
F86025,18669
F86026,7405
F86028,11181
F86030,8080
F86032,9020
F86034,7528
F86036,14289
F86038,11076
F86040,5300
F86042,5941
F86044,10371
F86045,1885
F86057,9103
F86058,14774
F86060,14364
F86062,5975
F86064,4605
F86066,7200
F86074,13171
F86078,6423
F86081,7103
F86082,6076
F86083,6049
F86085,3497
F86086,5837
F86087,7045
F86088,5044
F86607,19671
F86612,3165
F86616,8998
F86621,6627
F86624,3349
F86625,5560
F86626,8641
F86627,13739
F86637,4885
F86638,4252
F86641,8532
F86644,7933
F86650,9583
F86652,6949
F86657,7762
F86658,6565
F86664,8059
F86666,15279
F86679,7284
F86689,4372
F86691,11352
F86692,11311
F86696,7837
F86698,5988
F86700,3703
F86701,3759
F86702,4620
F86705,3310
F86707,6874
F86708,2997
F86712,3190
F86731,5089
G81001,9053
G81002,5739
G81003,17692
G81004,10095
G81006,6341
G81008,15066
G81011,18259
G81012,6927
G81014,8469
G81016,12017
G81017,11697
G81018,12587
G81019,11779
G81021,28397
G81022,13802
G81023,8450
G81024,10921
G81028,11829
G81029,18164
G81030,7432
G81031,19947
G81032,27440
G81034,31676
G81036,9166
G81037,9850
G81038,17167
G81039,20069
G81040,4212
G81041,13422
G81042,13503
G81043,7071
G81044,6576
G81046,11240
G81047,6774
G81048,8525
G81049,6638
G81050,12002
G81051,7313
G81052,4220
G81054,10263
G81055,9328
G81057,6207
G81061,5088
G81065,8743
G81070,24873
G81071,15023
G81073,8798
G81074,19299
G81075,6535
G81076,12872
G81077,16515
G81082,6222
G81083,11774
G81085,3883
G81086,7747
G81087,6802
G81088,21863
G81089,3452
G81095,25398
G81096,2915
G81098,13972
G81099,8860
G81100,19265
G81102,15367
G81104,13304
G81613,5154
G81614,5404
G81634,5891
G81638,24119
G81641,3888
G81646,2652
G81656,5383
G81658,17809
G81669,2311
G81689,1363
G81694,2820
G82002,9643
G82006,15326
G82007,6458
G82013,14911
G82014,20295
G82015,11623
G82016,11240
G82018,5331
G82019,13461
G82020,12376
G82021,17177
G82022,9530
G82023,6800
G82024,25674
G82025,18991
G82026,8145
G82027,14253
G82028,24909
G82031,11057
G82032,15340
G82035,9456
G82036,11563
G82037,16718
G82038,10410
G82039,18274
G82041,14003
G82042,18076
G82044,21783
G82046,5970
G82048,9622
G82050,23802
G82051,13156
G82052,16983
G82053,5959
G82055,9908
G82056,10860
G82057,10858
G82058,7406
G82059,18585
G82060,20617
G82062,2122
G82063,12852
G82066,25479
G82067,9610
G82069,11821
G82071,45374
G82073,10284
G82074,16083
G82076,16962
G82077,12550
G82079,9886
G82080,38179
G82082,16053
G82083,14794
G82085,12034
G82086,10242
G82087,17687
G82089,8906
G82090,17920
G82091,10237
G82092,8409
G82093,10209
G82094,11296
G82095,12058
G82097,15553
G82098,8910
G82099,33514
G82100,15102
G82105,18639
G82106,7302
G82107,9523
G82108,6965
G82110,7088
G82111,11309
G82113,7767
G82114,15588
G82115,10486
G82117,9632
G82118,13952
G82119,24956
G82120,15229
G82121,12610
G82122,37547
G82125,11738
G82126,15318
G82129,4778
G82135,21256
G82137,9863
G82138,4694
G82139,8777
G82140,13073
G82141,7124
G82142,10895
G82143,7535
G82147,5996
G82150,7126
G82152,6798
G82154,6023
G82155,6437
G82158,5370
G82160,12299
G82161,30774
G82162,5473
G82164,13152
G82165,9903
G82170,3868
G82180,4685
G82184,1350
G82185,8911
G82186,7953
G82200,10965
G82203,10504
G82205,8287
G82211,8898
G82212,9006
G82215,7629
G82217,3388
G82218,12339
G82219,4845
G82224,3905
G82226,5597
G82227,6181
G82228,23930
G82229,7316
G82231,6915
G82232,9520
G82233,8595
G82234,6258
G82235,5722
G82600,2347
G82604,15635
G82631,7829
G82634,12238
G82635,2174
G82641,7480
G82647,23587
G82648,3879
G82650,9420
G82652,3201
G82658,5110
G82665,5485
G82666,12720
G82679,6821
G82682,7374
G82684,4447
G82687,9692
G82691,3434
G82693,17959
G82696,2633
G82697,9730
G82698,4501
G82700,10160
G82702,7983
G82708,4283
G82711,4239
G82719,16846
G82721,3218
G82729,9874
G82730,12738
G82733,4318
G82737,11179
G82741,30502
G82744,38673
G82753,8402
G82754,3616
G82763,3051
G82768,8068
G82780,16864
G82790,6200
G82796,7439
G82799,14342
G82802,7466
G82808,10049
G82809,15961
G82888,6079
G83001,12150
G83002,9647
G83004,13382
G83006,15986
G83009,11336
G83010,14555
G83012,15694
G83013,8162
G83015,4241
G83016,11649
G83018,19134
G83019,15253
G83021,17755
G83024,4866
G83025,11126
G83026,8089
G83027,21216
G83028,14781
G83029,7345
G83030,6544
G83031,7023
G83033,5513
G83039,10468
G83044,12792
G83049,19306
G83052,17529
G83053,21222
G83057,11542
G83058,12272
G83060,7112
G83062,11519
G83065,14792
G83066,30644
G83067,31600
G83628,10829
G83630,12268
G83631,4811
G83633,5037
G83635,4515
G83641,3635
G83642,10234
G83647,8481
G83651,6534
G83654,5609
G83673,7167
G83680,28551
G84001,13216
G84002,13159
G84003,11922
G84004,9505
G84005,5258
G84006,9648
G84007,7981
G84008,6341
G84009,4327
G84010,23536
G84011,8254
G84013,4347
G84015,10561
G84016,12994
G84017,8758
G84018,7521
G84019,11148
G84020,9009
G84023,10009
G84024,9614
G84025,9096
G84027,32948
G84028,7120
G84029,3499
G84030,6884
G84032,14558
G84033,8683
G84035,8614
G84039,3816
G84040,10559
G84041,4199
G84604,8817
G84607,5392
G84609,3402
G84621,4071
G84624,2457
G84625,7656
G84627,6985
G84629,6538
G84630,2839
G85001,10290
G85002,23178
G85004,34368
G85006,8707
G85011,18849
G85013,9216
G85014,12073
G85015,8687
G85016,14685
G85020,15490
G85021,4831
G85022,15756
G85023,13854
G85024,14261
G85025,12846
G85026,4244
G85028,12605
G85029,16773
G85030,5588
G85031,6864
G85032,11372
G85034,76320
G85038,51738
G85039,19331
G85040,13869
G85041,7908
G85042,6720
G85044,5618
G85045,7818
G85046,11811
G85047,11175
G85051,9211
G85052,10327
G85053,22893
G85054,7040
G85057,12592
G85061,9801
G85073,6895
G85076,9316
G85083,12201
G85084,15791
G85085,12923
G85086,10955
G85087,17415
G85091,6651
G85096,10300
G85100,8361
G85102,9606
G85104,9783
G85105,6613
G85109,21240
G85114,12865
G85119,6514
G85120,6454
G85121,10019
G85123,9861
G85125,5999
G85127,6147
G85129,7829
G85130,9729
G85132,15636
G85134,8709
G85135,11439
G85136,15264
G85137,8584
G85138,14624
G85623,10489
G85632,8963
G85633,20024
G85642,9277
G85644,6086
G85647,7679
G85651,6679
G85662,7195
G85673,6912
G85674,7420
G85681,4661
G85685,9421
G85690,7158
G85695,6922
G85696,17648
G85698,16004
G85705,6979
G85706,5970
G85708,10036
G85711,11235
G85715,11663
G85716,6450
G85721,6284
G85722,11531
G85724,19048
G85726,7382
G85727,7660
G85736,4435
H81002,8494
H81003,19176
H81004,12455
H81005,6489
H81006,8556
H81009,16530
H81010,23860
H81011,8555
H81013,28403
H81015,10533
H81016,10065
H81017,19806
H81019,14319
H81020,13950
H81021,17007
H81022,5303
H81023,11421
H81024,12645
H81025,11289
H81026,11579
H81027,15444
H81028,11270
H81029,12476
H81030,39214
H81031,11181
H81032,17104
H81033,22990
H81034,8815
H81035,11532
H81036,9731
H81038,3427
H81039,6314
H81040,9133
H81041,10430
H81042,16675
H81043,10519
H81044,4724
H81047,11801
H81048,10540
H81050,12213
H81051,13950
H81052,17763
H81053,8904
H81055,8653
H81056,16869
H81057,7807
H81058,10106
H81061,15204
H81062,19079
H81064,14031
H81065,9941
H81066,14719
H81067,12858
H81068,11965
H81069,22613
H81070,11900
H81071,11202
H81072,14054
H81073,24381
H81074,6578
H81075,10836
H81076,12262
H81077,8123
H81078,15732
H81080,10360
H81081,9623
H81082,9576
H81084,10655
H81085,11386
H81086,4678
H81087,15432
H81088,14430
H81089,22458
H81090,17069
H81091,14877
H81094,10461
H81095,3433
H81099,13984
H81103,8394
H81104,8353
H81107,8041
H81109,7767
H81110,6491
H81111,6152
H81113,7909
H81116,5982
H81119,21995
H81122,9112
H81123,3515
H81126,8104
H81128,8960
H81129,4786
H81130,15745
H81131,4308
H81133,30800
H81134,12947
H81615,14624
H81618,6011
H81632,3027
H81638,45247
H81641,4010
H81642,4287
H81643,3926
H81644,8337
H81656,7027
H81658,6482
H81663,3498
H81672,6157
H82003,10911
H82004,5041
H82005,13025
H82006,6017
H82007,12629
H82009,16587
H82011,15823
H82012,15338
H82013,13379
H82014,11241
H82016,12814
H82017,19599
H82020,9386
H82021,6683
H82022,11693
H82023,36259
H82025,17378
H82026,19949
H82027,3968
H82028,15366
H82030,13462
H82031,7078
H82032,12839
H82033,7277
H82034,27809
H82035,10717
H82036,8794
H82037,12488
H82038,12798
H82039,11224
H82040,28098
H82041,14151
H82042,14113
H82043,11212
H82044,10501
H82045,20287
H82046,11637
H82047,13172
H82048,12278
H82049,10222
H82050,10968
H82051,12559
H82052,16897
H82053,6934
H82055,13864
H82056,15023
H82057,22688
H82058,17796
H82059,12042
H82060,10029
H82061,9124
H82063,17851
H82064,11602
H82065,15470
H82066,18279
H82067,8662
H82070,13179
H82072,13697
H82076,4019
H82077,13901
H82078,10346
H82084,7834
H82087,3834
H82088,6154
H82089,11489
H82091,8441
H82092,11253
H82095,10371
H82096,5398
H82098,10052
H82099,8001
H82100,8682
H82615,9988
H82640,16562
H83001,15214
H83004,11761
H83005,14874
H83006,12055
H83007,10457
H83008,4111
H83009,10446
H83010,6675
H83011,7759
H83012,9121
H83013,19459
H83014,6855
H83015,13547
H83016,24943
H83017,12996
H83018,17664
H83019,7247
H83020,10041
H83021,5553
H83022,5644
H83023,6350
H83024,17782
H83028,9696
H83029,4892
H83030,3194
H83031,3572
H83033,4601
H83034,6865
H83037,7412
H83039,8315
H83042,9306
H83043,7426
H83044,25327
H83049,2751
H83051,20306
H83052,2887
H83053,14125
H83608,11527
H83609,4942
H83611,6145
H83624,8368
H83627,7967
H83631,11343
H84002,12524
H84005,13968
H84006,17352
H84007,7284
H84010,16312
H84012,14861
H84014,2418
H84015,9009
H84016,16380
H84017,12051
H84018,7351
H84020,22812
H84023,13752
H84025,7542
H84027,17161
H84030,12745
H84031,5729
H84032,8820
H84033,6465
H84034,8448
H84039,11618
H84040,11273
H84041,7375
H84042,13427
H84044,8282
H84048,8715
H84050,7482
H84051,7216
H84054,3471
H84055,11130
H84057,3719
H84059,5269
H84060,7581
H84061,29040
H84062,8611
H84618,5293
H84619,10644
H84623,8479
H84625,5200
H84630,3625
H84635,16519
H84639,5721
H85001,18818
H85002,11986
H85003,6881
H85006,6487
H85007,10526
H85008,6657
H85009,13879
H85011,10293
H85012,23511
H85018,8670
H85020,32318
H85021,5987
H85022,5003
H85023,4900
H85024,7888
H85025,16762
H85026,14761
H85027,13145
H85028,10871
H85029,15318
H85030,13065
H85031,11718
H85033,9527
H85037,13753
H85038,11119
H85041,14820
H85045,13495
H85047,12449
H85048,16089
H85049,6667
H85051,18355
H85052,4263
H85053,5612
H85055,7158
H85057,7882
H85061,23081
H85063,11869
H85065,4311
H85066,19611
H85067,2912
H85069,14857
H85070,9760
H85075,5474
H85076,10130
H85077,6542
H85078,4300
H85082,4503
H85087,9688
H85088,2426
H85090,11000
H85092,6079
H85095,16040
H85100,7374
H85101,9159
H85103,7620
H85105,13823
H85110,5354
H85111,14542
H85112,5825
H85113,4783
H85114,13261
H85115,12187
H85116,11694
H85618,9228
H85634,7907
H85637,1177
H85649,10555
H85653,19280
H85656,5273
H85659,12223
H85662,5472
H85664,1861
H85680,10233
H85682,11233
H85683,4215
H85686,11533
H85691,78
H85693,10263
J81002,8645
J81006,39217
J81009,12300
J81010,10614
J81011,8174
J81012,58383
J81013,12118
J81014,20946
J81016,8765
J81017,4716
J81018,11665
J81019,23494
J81020,3898
J81021,26034
J81022,5353
J81025,6038
J81027,26938
J81028,15314
J81029,5283
J81030,7823
J81033,23016
J81034,17836
J81035,5012
J81036,9348
J81039,10103
J81041,20594
J81042,8267
J81045,10829
J81046,13337
J81047,12458
J81049,10040
J81051,12117
J81053,4184
J81056,15535
J81057,5754
J81058,13984
J81059,8784
J81061,7409
J81062,11273
J81064,5148
J81066,10927
J81067,6150
J81068,6543
J81070,11480
J81072,16815
J81073,17204
J81074,4940
J81075,8680
J81076,24303
J81077,8406
J81078,12996
J81081,13270
J81082,8202
J81086,7646
J81087,10469
J81609,9929
J81612,3267
J81616,4331
J81620,26883
J81621,8946
J81625,14503
J81626,5380
J81631,1950
J81633,6861
J81634,13669
J81646,6742
J81647,8757
J81648,5528
J82001,9698
J82002,14755
J82005,4616
J82007,33391
J82009,15485
J82010,19229
J82012,11291
J82015,9818
J82016,9107
J82017,13136
J82018,18578
J82019,15279
J82020,14101
J82021,8496
J82024,22199
J82025,15828
J82026,16735
J82028,28008
J82033,9354
J82034,14350
J82035,15870
J82036,2720
J82039,11131
J82040,18529
J82042,17189
J82049,29747
J82050,23504
J82051,36896
J82053,10972
J82054,9750
J82055,11026
J82056,21688
J82058,19857
J82059,6807
J82060,12129
J82061,13364
J82062,15612
J82064,14066
J82066,21882
J82067,19649
J82069,52815
J82071,14120
J82072,11482
J82073,9771
J82074,16072
J82075,7086
J82076,21812
J82079,7968
J82080,37153
J82081,36220
J82082,13228
J82083,47461
J82084,6034
J82085,36653
J82087,7590
J82088,13752
J82092,8327
J82094,19518
J82098,37010
J82099,15204
J82101,19200
J82102,24180
J82103,12644
J82104,12690
J82106,7234
J82110,27826
J82112,22853
J82115,5598
J82116,10068
J82119,10640
J82120,10753
J82121,9794
J82122,10040
J82124,10045
J82125,7786
J82126,4544
J82128,8426
J82129,7323
J82130,24704
J82131,12188
J82132,14135
J82134,23898
J82136,11497
J82138,18052
J82139,15396
J82142,11806
J82143,16359
J82144,26552
J82145,16843
J82146,5717
J82147,7827
J82149,16455
J82150,11656
J82151,5615
J82152,8274
J82154,35758
J82155,62391
J82156,8108
J82157,17072
J82161,10306
J82163,17170
J82169,8842
J82174,14115
J82178,13046
J82181,9022
J82184,4516
J82194,13515
J82196,15208
J82198,6411
J82199,17341
J82201,8202
J82207,10932
J82208,7725
J82210,9450
J82213,6172
J82214,9892
J82215,13451
J82216,13531
J82217,474
J82218,18397
J82605,4818
J82622,49857
J82625,4854
J82628,6017
J82630,6188
J82639,19383
J82640,7365
J82646,16916
J82669,9101
J83001,13302
J83002,50271
J83003,13037
J83004,7882
J83005,10707
J83006,11003
J83007,15344
J83008,18735
J83009,15007
J83010,11584
J83011,14409
J83013,7823
J83014,16439
J83016,31916
J83018,17909
J83019,12357
J83021,24577
J83022,9143
J83023,8962
J83024,8694
J83026,23555
J83027,11999
J83029,8562
J83030,18519
J83033,21316
J83034,6598
J83035,14837
J83036,10194
J83037,16600
J83038,29388
J83039,13720
J83040,24983
J83041,16686
J83042,20057
J83043,6602
J83045,10422
J83046,15896
J83047,8396
J83048,6948
J83049,12567
J83050,14864
J83052,16441
J83053,7367
J83055,9916
J83056,5428
J83057,19852
J83058,4325
J83059,9761
J83060,5098
J83064,12335
J83601,4221
J83603,4862
J83609,3487
J83615,3458
J83618,3337
J83619,3414
J83625,8348
J83629,2428
J83630,2527
J83633,10412
J83645,4325
J83646,7673
J84003,8173
J84004,8728
J84005,8278
J84007,6595
J84008,5472
J84011,24710
J84012,14577
J84013,26988
J84015,15482
J84016,6520
J84017,8479
J84019,10962
K81001,15291
K81002,15176
K81003,15477
K81004,14391
K81007,5371
K81010,7065
K81012,12136
K81014,19905
K81015,3586
K81017,14532
K81018,10224
K81019,6084
K81020,18766
K81021,10060
K81022,28531
K81024,23590
K81025,19758
K81026,7933
K81027,11224
K81028,8867
K81030,40497
K81034,11453
K81036,12034
K81040,19371
K81041,11719
K81042,7952
K81043,18830
K81045,16642
K81046,8562
K81047,30748
K81048,9202
K81050,11108
K81051,13764
K81052,6136
K81055,7658
K81056,6545
K81057,7197
K81060,12702
K81062,26482
K81063,22324
K81066,11205
K81068,8938
K81069,14571
K81070,12110
K81073,17912
K81074,14321
K81075,37432
K81076,9351
K81077,10917
K81078,13097
K81080,9878
K81081,2489
K81082,10521
K81083,17503
K81084,7735
K81085,10171
K81086,12024
K81087,7558
K81092,15294
K81094,4525
K81097,5722
K81100,6241
K81102,10370
K81103,8913
K81605,31304
K81607,3280
K81608,4972
K81610,30963
K81616,5662
K81630,14339
K81633,11675
K81636,8751
K81644,14648
K81645,7330
K81651,17597
K81655,7236
K81656,7055
K81657,6015
K82001,10660
K82003,15779
K82004,14208
K82006,9164
K82007,30848
K82008,10470
K82009,41577
K82010,9732
K82011,10672
K82012,7057
K82013,14392
K82014,5919
K82015,9874
K82016,28621
K82017,14021
K82019,16571
K82020,6403
K82021,15314
K82022,10611
K82023,38058
K82024,10892
K82025,10694
K82026,21759
K82027,6020
K82028,9984
K82030,11125
K82031,6303
K82032,12306
K82033,18713
K82035,3881
K82036,11754
K82037,13415
K82038,24682
K82039,16303
K82040,13836
K82044,9823
K82045,6869
K82046,19091
K82047,22834
K82048,6902
K82049,11986
K82051,10835
K82053,10893
K82054,10162
K82055,10422
K82057,9007
K82058,5670
K82059,8947
K82061,4848
K82064,7768
K82065,20556
K82066,13592
K82068,5600
K82070,19800
K82073,33486
K82078,10388
K82079,8867
K82603,12433
K82610,8186
K82615,15080
K82617,8297
K82618,3484
K82621,4667
K82631,16029
K82633,16250
K83002,45985
K83003,9760
K83005,14786
K83006,9586
K83007,14179
K83008,11292
K83009,14386
K83010,19716
K83011,12262
K83012,11676
K83013,15330
K83014,17526
K83015,12919
K83017,10754
K83018,12508
K83019,6577
K83021,22276
K83022,11839
K83023,10531
K83024,8631
K83025,16488
K83026,19858
K83027,10171
K83028,11579
K83029,12803
K83030,9289
K83031,8262
K83032,22000
K83035,6568
K83036,16821
K83037,13816
K83039,12037
K83040,11191
K83041,23992
K83042,15310
K83043,14633
K83044,13690
K83047,28793
K83048,5603
K83049,16180
K83050,7127
K83051,29311
K83052,22830
K83053,6552
K83055,7933
K83056,4081
K83059,31213
K83064,16291
K83065,6828
K83066,14663
K83068,6327
K83069,3290
K83070,10716
K83076,8768
K83077,9434
K83080,5555
K83081,1928
K83601,8262
K83610,15160
K83616,6469
K83618,12313
K83620,9240
K83621,14362
K83622,15455
K84001,10357
K84002,19766
K84003,6979
K84004,13018
K84006,16209
K84007,8268
K84008,8073
K84009,25548
K84010,8901
K84011,18448
K84012,8888
K84013,28442
K84014,11274
K84015,3869
K84016,21977
K84017,21300
K84019,15955
K84020,9823
K84021,9047
K84023,6345
K84024,9096
K84026,11965
K84027,15093
K84028,41384
K84030,15206
K84031,12413
K84032,9482
K84033,20749
K84034,3380
K84035,11003
K84036,6121
K84037,19039
K84038,16114
K84041,14729
K84042,9745
K84043,18964
K84044,26567
K84045,7386
K84046,6204
K84047,8073
K84050,13934
K84051,19476
K84052,20326
K84054,19905
K84055,12153
K84056,5249
K84058,8031
K84059,12489
K84060,5757
K84062,10121
K84063,11599
K84065,3188
K84066,478
K84071,10351
K84072,11433
K84075,12450
K84078,11464
K84079,9283
K84080,12666
K84082,12454
K84605,5937
K84610,5037
K84613,21423
K84618,8532
K84624,11242
L81004,17325
L81007,39371
L81008,11214
L81009,10748
L81010,8459
L81012,18226
L81013,12719
L81014,14360
L81015,18710
L81016,14792
L81017,12712
L81018,9016
L81019,18149
L81020,8770
L81021,11591
L81022,18366
L81023,15272
L81024,15267
L81025,18575
L81026,28114
L81027,8871
L81029,9560
L81030,6612
L81031,16239
L81033,14639
L81034,34951
L81037,23546
L81038,13093
L81039,25672
L81040,16730
L81041,7410
L81042,12329
L81044,12243
L81045,19666
L81046,7886
L81047,15136
L81050,7392
L81051,24988
L81053,8303
L81054,12143
L81055,12792
L81058,8972
L81059,8898
L81061,11039
L81062,24708
L81063,12660
L81065,14147
L81066,10635
L81068,12039
L81069,8297
L81070,9031
L81071,14411
L81072,10653
L81073,8279
L81075,31293
L81078,22714
L81079,21219
L81081,19674
L81082,13968
L81083,8755
L81084,11295
L81085,6578
L81086,46385
L81087,12612
L81089,12062
L81090,17026
L81091,15916
L81095,14566
L81098,12587
L81103,8998
L81106,5779
L81118,39040
L81120,8964
L81122,5581
L81123,5749
L81125,10015
L81127,10271
L81130,12991
L81131,11231
L81132,5143
L81133,17073
L81600,12015
L81617,12665
L81632,10662
L81642,6631
L81643,16899
L81644,8803
L81669,38121
L82001,19477
L82003,8738
L82004,8045
L82006,20089
L82007,6658
L82008,10746
L82010,23891
L82011,6447
L82012,17013
L82013,8022
L82015,6987
L82016,17582
L82017,2297
L82018,13902
L82022,9918
L82023,16076
L82025,4791
L82026,6619
L82028,17728
L82029,16543
L82030,18530
L82035,8518
L82036,12332
L82038,11987
L82039,5387
L82041,29245
L82042,16636
L82043,4646
L82044,8867
L82045,9495
L82046,12158
L82047,7755
L82048,3851
L82049,10571
L82050,8706
L82051,13162
L82052,10440
L82054,9418
L82056,8532
L82057,2915
L82058,4859
L82059,5839
L82061,6125
L82066,7171
L82068,9289
L82070,6694
L82620,6343
L82622,7187
L83002,17743
L83003,11363
L83004,11608
L83005,15598
L83006,32506
L83007,9156
L83008,29671
L83010,7179
L83011,8179
L83012,3237
L83013,15250
L83014,20158
L83015,8280
L83016,38901
L83019,9908
L83020,12667
L83021,10262
L83023,5872
L83024,8631
L83025,7676
L83026,5236
L83027,7225
L83028,11384
L83029,8547
L83030,10030
L83031,12333
L83034,9875
L83035,16778
L83036,11948
L83038,14054
L83039,5637
L83040,18470
L83041,9136
L83042,9866
L83043,14359
L83044,8330
L83045,14952
L83046,9558
L83048,10862
L83049,3254
L83050,13272
L83051,10303
L83052,12878
L83054,5589
L83055,15569
L83056,25903
L83057,7966
L83058,7576
L83059,9994
L83064,12641
L83066,17486
L83067,14966
L83069,15110
L83070,5133
L83071,7916
L83072,11476
L83073,19464
L83075,6184
L83076,12078
L83077,7850
L83079,9091
L83081,6254
L83082,3305
L83083,15181
L83084,7926
L83085,18652
L83086,5374
L83087,15285
L83088,5266
L83089,13948
L83092,16400
L83094,8596
L83095,15933
L83096,18004
L83097,12791
L83098,5484
L83099,5431
L83100,43286
L83101,14987
L83102,7498
L83103,16174
L83105,6712
L83106,9983
L83111,16076
L83112,5978
L83113,7384
L83115,4956
L83116,5366
L83118,17824
L83120,22127
L83127,15824
L83128,7621
L83129,3049
L83131,24996
L83134,4066
L83136,6083
L83137,12700
L83143,4630
L83146,5109
L83147,14552
L83148,3711
L83607,5595
L83616,2463
L83624,7628
L83628,6772
L83639,2896
L83646,9239
L83648,22007
L83651,4470
L83655,7649
L83663,2992
L83666,3937
L83673,750
L84003,11379
L84004,7992
L84005,8665
L84006,6851
L84007,12398
L84008,12373
L84009,19461
L84010,10808
L84011,8169
L84012,24620
L84014,8973
L84015,10813
L84016,6865
L84018,12626
L84021,9136
L84022,7406
L84023,13156
L84024,4206
L84025,4623
L84026,32648
L84027,18175
L84028,11834
L84029,16734
L84030,18298
L84031,5801
L84033,19239
L84034,11893
L84036,11122
L84037,12037
L84038,11264
L84039,9010
L84040,12406
L84041,13105
L84043,4874
L84045,7261
L84046,5729
L84047,16759
L84048,10274
L84049,8466
L84050,40647
L84051,9990
L84052,10041
L84053,7658
L84054,13948
L84058,9111
L84059,8108
L84060,11118
L84063,5024
L84065,8943
L84067,10063
L84068,5984
L84072,5110
L84075,9318
L84077,14416
L84080,11515
L84081,4419
L84084,11711
L84085,3832
L84606,12057
L84613,3779
L84617,8020
L85001,17596
L85002,11785
L85003,3876
L85004,28468
L85006,9977
L85008,29249
L85009,10720
L85011,8466
L85012,22531
L85013,4200
L85014,13271
L85015,16246
L85016,28196
L85017,10350
L85018,5103
L85019,10705
L85020,11522
L85021,14935
L85022,13310
L85023,17553
L85024,11153
L85025,13952
L85026,1
L85027,8648
L85029,13017
L85030,17920
L85031,7552
L85032,5001
L85033,13952
L85034,8512
L85035,17308
L85036,6179
L85037,4236
L85038,6887
L85039,13730
L85040,7038
L85042,15453
L85043,10888
L85044,6142
L85046,6061
L85047,5955
L85051,7346
L85052,7770
L85053,6368
L85054,9081
L85055,9204
L85056,7286
L85061,4027
L85062,6370
L85064,16467
L85065,8525
L85066,7799
L85601,3615
L85607,5563
L85609,5402
L85611,3167
L85624,5343
M81001,17678
M81002,14182
M81004,15762
M81005,13939
M81006,22103
M81007,5686
M81008,20133
M81009,5691
M81010,14665
M81011,7558
M81012,13766
M81015,9601
M81016,19317
M81017,12319
M81018,6578
M81019,16794
M81020,11820
M81021,13206
M81022,18132
M81024,5146
M81025,5055
M81026,46724
M81027,9976
M81029,8068
M81032,12457
M81033,7493
M81034,8723
M81035,14261
M81037,11665
M81038,12414
M81039,12053
M81040,21817
M81041,11133
M81042,9704
M81043,8920
M81044,11684
M81045,5090
M81046,12059
M81047,10673
M81048,9670
M81049,11371
M81054,7151
M81055,5806
M81056,12211
M81057,15269
M81058,10169
M81061,8814
M81063,14085
M81064,8325
M81066,8268
M81067,5778
M81068,15784
M81069,9497
M81070,11598
M81072,6883
M81074,11066
M81075,12730
M81076,3102
M81077,4865
M81078,6656
M81081,5707
M81082,15566
M81083,5108
M81084,5860
M81090,3425
M81091,14126
M81092,5567
M81093,10874
M81094,9467
M81600,3971
M81604,6680
M81605,5595
M81608,4154
M81616,3403
M81617,5334
M81627,8375
M81629,9873
M82002,10001
M82003,24524
M82004,19169
M82005,9664
M82006,11388
M82007,15400
M82008,7048
M82009,11621
M82010,17630
M82011,4537
M82012,14034
M82013,2716
M82014,9585
M82016,10626
M82017,4571
M82018,7216
M82019,8463
M82020,4200
M82021,8515
M82022,13945
M82023,7714
M82024,3816
M82025,21406
M82026,13205
M82028,14710
M82030,10284
M82032,16408
M82033,5668
M82034,7960
M82035,12002
M82038,14191
M82039,14845
M82040,6446
M82041,7124
M82042,6354
M82043,7475
M82046,3922
M82047,11143
M82048,6955
M82051,4626
M82056,16193
M82057,7491
M82058,4173
M82059,17308
M82060,9124
M82601,2415
M82606,5596
M82616,8623
M82620,2945
M83001,12089
M83004,9239
M83005,5509
M83006,31294
M83007,8260
M83009,10606
M83010,10645
M83011,7969
M83012,8205
M83013,4720
M83014,9989
M83015,8943
M83016,7425
M83017,5160
M83018,8828
M83020,9456
M83021,10217
M83022,7877
M83023,9270
M83024,11730
M83025,5853
M83026,16654
M83027,11167
M83028,10798
M83030,13648
M83031,6321
M83032,14131
M83033,7071
M83034,11753
M83035,7795
M83036,8774
M83037,8463
M83038,10275
M83042,9665
M83044,13242
M83045,10691
M83046,9692
M83047,6801
M83048,9915
M83049,8865
M83050,9805
M83051,12519
M83052,22487
M83054,10518
M83056,10969
M83057,10110
M83059,3717
M83061,8007
M83062,12783
M83063,3816
M83065,7230
M83066,7763
M83067,7922
M83068,14680
M83069,15948
M83070,8149
M83071,11456
M83072,11388
M83073,8963
M83074,14217
M83075,20239
M83076,8010
M83079,9538
M83084,6573
M83088,14865
M83089,10758
M83090,5247
M83092,8628
M83093,6579
M83094,14481
M83096,5170
M83097,9172
M83100,4223
M83102,7404
M83103,4865
M83107,6666
M83108,7952
M83109,3946
M83110,18037
M83111,2416
M83113,1122
M83117,8156
M83121,5872
M83122,3087
M83123,10280
M83125,3493
M83126,9463
M83127,6697
M83129,10707
M83130,4279
M83132,5652
M83138,6884
M83139,4961
M83140,4952
M83141,9500
M83143,5326
M83146,12751
M83148,14232
M83601,5916
M83608,5397
M83616,5205
M83617,24520
M83619,3579
M83624,4406
M83625,11418
M83627,8071
M83632,5487
M83637,4964
M83638,13966
M83640,2714
M83641,1946
M83650,13833
M83661,6908
M83668,5385
M83670,6258
M83680,7374
M83681,10996
M83682,5942
M83693,7080
M83697,3803
M83698,3198
M83701,4557
M83703,5798
M83709,6076
M83711,4311
M83713,5483
M83715,5002
M83717,3524
M83718,3853
M83719,4365
M83723,23276
M83725,4087
M83727,4358
M83738,6996
M84001,13198
M84002,8391
M84003,9721
M84004,21333
M84005,5144
M84006,10557
M84007,13438
M84008,7785
M84009,5212
M84010,10466
M84011,21492
M84012,17438
M84013,12919
M84014,9331
M84015,14383
M84016,4551
M84017,14210
M84018,14319
M84019,17069
M84020,14257
M84021,16847
M84022,8467
M84023,20096
M84024,6567
M84025,11912
M84026,7106
M84028,18837
M84029,8124
M84030,13360
M84031,7818
M84032,14653
M84035,12032
M84036,16038
M84037,11927
M84040,10122
M84041,7389
M84042,10222
M84043,21323
M84044,5758
M84046,8068
M84047,5389
M84049,6093
M84050,8400
M84051,13644
M84055,2172
M84059,3581
M84060,6719
M84061,6899
M84062,7606
M84063,7388
M84064,6907
M84065,8206
M84066,7180
M84067,7602
M84069,6757
M84070,12481
M84609,4953
M84612,9632
M84615,8905
M84616,4511
M84618,4041
M84620,2954
M84621,2764
M84627,3762
M84629,12298
M85001,4830
M85005,7155
M85006,10607
M85007,17274
M85009,6227
M85011,6947
M85013,4544
M85014,4643
M85016,4995
M85018,10832
M85019,18283
M85020,20651
M85021,4191
M85023,8986
M85024,6902
M85025,16932
M85026,14749
M85027,7761
M85028,24949
M85029,20424
M85030,17544
M85031,10426
M85033,17575
M85034,15970
M85035,5426
M85037,9397
M85041,13806
M85042,4824
M85043,4340
M85046,53582
M85047,6055
M85048,11114
M85051,7868
M85053,6675
M85055,6619
M85056,6993
M85058,15095
M85060,16206
M85061,12370
M85062,4875
M85063,54700
M85065,14186
M85066,7238
M85070,13476
M85071,7749
M85074,7626
M85076,11158
M85077,9364
M85078,11239
M85079,10821
M85081,9220
M85082,5430
M85084,6627
M85086,10570
M85087,11093
M85088,16802
M85094,2558
M85097,2213
M85098,5327
M85105,5417
M85107,3844
M85108,6096
M85110,9382
M85113,6017
M85115,3205
M85116,8289
M85117,5907
M85118,2956
M85123,8801
M85124,12171
M85128,4929
M85136,10449
M85139,5600
M85141,3043
M85143,7083
M85145,9972
M85146,6567
M85149,5885
M85153,4241
M85154,4512
M85155,6627
M85156,9638
M85158,2139
M85164,13256
M85167,14786
M85170,5489
M85171,2875
M85172,13886
M85174,4562
M85175,10047
M85176,5195
M85177,6242
M85178,40195
M85179,5090
M85600,15982
M85624,6436
M85634,10236
M85642,5875
M85669,7205
M85670,3609
M85676,6377
M85679,5568
M85680,2638
M85684,3889
M85686,1482
M85693,2406
M85694,3832
M85697,5008
M85699,5069
M85701,4735
M85706,13921
M85711,4132
M85713,5567
M85715,10998
M85716,5403
M85717,4210
M85721,11173
M85722,4878
M85730,5653
M85732,2479
M85733,7210
M85735,6642
M85736,5036
M85739,5128
M85746,5246
M85749,2996
M85756,2483
M85757,4283
M85759,7277
M85766,4403
M85770,2021
M85774,7369
M85778,17452
M85779,2958
M85781,3858
M85783,5683
M85792,3343
M85794,4314
M85797,12963
M85803,10262
M86001,7202
M86002,8257
M86003,16936
M86004,18826
M86005,6043
M86006,9941
M86007,5719
M86008,10124
M86009,25064
M86010,12836
M86012,10950
M86014,21502
M86015,13644
M86016,21250
M86017,10674
M86018,11499
M86019,4075
M86020,7830
M86021,7244
M86027,14312
M86028,3507
M86029,18044
M86030,5090
M86032,12609
M86033,4838
M86034,9811
M86035,8189
M86037,3575
M86038,2529
M86039,4784
M86040,3564
M86041,10258
M86044,4670
M86045,7296
M86046,5179
M86048,7799
M86605,3033
M86610,8313
M86612,4033
M86617,4724
M86622,3236
M86624,13043
M86627,6483
M86633,5589
M86638,7012
M87001,6378
M87003,18557
M87005,13215
M87006,8815
M87007,12141
M87008,8837
M87009,16845
M87010,9062
M87011,26703
M87012,7360
M87013,11129
M87014,8066
M87015,7792
M87016,7169
M87017,8156
M87018,7341
M87019,5540
M87020,9148
M87021,9970
M87023,10007
M87024,22736
M87025,4673
M87026,5948
M87027,4459
M87028,9833
M87030,4504
M87034,5866
M87036,3618
M87037,8351
M87041,6306
M87601,6688
M87602,10011
M87605,4658
M87612,2411
M87617,6197
M87618,2986
M87620,6824
M87623,3155
M87628,3828
M87638,3771
M88001,10513
M88002,8521
M88003,11703
M88004,39804
M88006,11791
M88007,9670
M88008,4953
M88009,9527
M88010,8802
M88013,13795
M88014,6823
M88015,10448
M88016,3810
M88018,21982
M88019,2799
M88020,11994
M88021,10991
M88022,3602
M88023,6803
M88026,8462
M88030,6032
M88035,3437
M88038,13655
M88040,6416
M88041,3822
M88042,6694
M88043,8584
M88600,4725
M88610,4634
M88612,3768
M88616,16441
M88618,2234
M88619,11351
M88620,3716
M88625,3379
M88626,3596
M88628,3565
M88630,5243
M88633,7327
M88635,2162
M88639,3658
M88640,4353
M88643,5468
M88645,9021
M88646,2768
M88647,6318
M89001,3684
M89002,6554
M89003,38875
M89005,8702
M89007,6905
M89008,13541
M89009,11142
M89010,10827
M89012,11355
M89013,6297
M89015,12416
M89016,12509
M89017,56036
M89019,11470
M89021,4936
M89024,3994
M89026,10547
M89027,8645
M89030,6187
M89608,3876
M91003,6914
M91004,9618
M91006,4458
M91007,8333
M91008,9427
M91009,5622
M91010,8879
M91013,10546
M91014,3011
M91015,21935
M91016,7058
M91017,10256
M91018,5295
M91019,14671
M91021,7627
M91024,2567
M91026,5644
M91028,12814
M91029,5826
M91032,4783
M91033,6789
M91034,5093
M91036,4027
M91602,2348
M91609,2265
M91611,3156
M91612,3520
M91613,9790
M91614,9486
M91616,7939
M91619,6307
M91621,4979
M91623,1955
M91624,3686
M91626,4674
M91628,3275
M91629,7056
M91637,4291
M91639,1714
M91640,3915
M91641,3994
M91642,1675
M91647,5395
M91650,9580
M91654,3483
M91659,3492
M92001,3527
M92004,2906
M92006,4588
M92008,12803
M92009,13263
M92010,11233
M92011,36987
M92012,11542
M92013,7131
M92015,3878
M92016,23588
M92019,5976
M92022,4163
M92026,5097
M92028,8238
M92029,6016
M92039,6835
M92040,12369
M92041,4575
M92043,6989
M92607,18046
M92609,6234
M92612,36786
M92627,4450
M92629,4277
M92630,5722
M92649,4397
M92654,6746
N81001,5061
N81002,12001
N81005,9836
N81006,5475
N81007,9955
N81008,11931
N81009,7532
N81010,8863
N81011,14415
N81012,12360
N81013,6764
N81014,9332
N81016,31189
N81018,8202
N81019,15493
N81020,12315
N81022,33752
N81024,10598
N81025,11640
N81027,14808
N81028,9134
N81029,12191
N81030,16628
N81031,6227
N81032,28600
N81033,8665
N81034,13103
N81035,12251
N81036,8679
N81037,8244
N81038,16400
N81039,11749
N81040,6812
N81041,8605
N81043,6220
N81044,10829
N81045,13761
N81046,9993
N81047,11870
N81048,12791
N81049,23840
N81050,19719
N81051,6835
N81052,13264
N81053,16975
N81054,8694
N81055,6779
N81056,9571
N81057,12583
N81059,12676
N81060,9045
N81061,10537
N81062,14934
N81063,12124
N81064,6695
N81065,8347
N81066,14409
N81067,9167
N81068,15745
N81069,4799
N81070,10357
N81071,4380
N81072,7828
N81074,5483
N81075,16405
N81077,12988
N81079,9869
N81080,8463
N81081,9565
N81082,14859
N81083,5025
N81084,22008
N81085,10321
N81086,16672
N81087,24014
N81088,12825
N81089,7841
N81090,5529
N81092,15145
N81093,15923
N81096,8692
N81097,5021
N81100,8125
N81101,8000
N81102,4470
N81107,3557
N81108,10821
N81109,6884
N81111,7490
N81113,7374
N81114,10740
N81115,8220
N81117,5829
N81118,8730
N81119,5255
N81120,6264
N81121,6764
N81122,10168
N81123,7370
N81125,7611
N81127,8704
N81607,3929
N81614,5630
N81619,3871
N81623,9523
N81626,4803
N81628,12584
N81632,5905
N81637,2873
N81642,4722
N81645,2261
N81651,3555
N81655,402
N82001,6030
N82002,5461
N82003,4282
N82004,3349
N82009,8687
N82011,10625
N82014,6515
N82018,13210
N82019,5147
N82022,9844
N82024,12456
N82026,6511
N82033,5764
N82034,5892
N82035,8566
N82036,3291
N82037,11417
N82039,4067
N82041,12845
N82046,9985
N82048,7460
N82049,6428
N82050,2517
N82052,5708
N82053,15519
N82054,6967
N82058,5640
N82059,6006
N82062,6894
N82065,4009
N82066,9034
N82067,5584
N82070,9641
N82073,6717
N82074,9096
N82076,10893
N82077,2635
N82078,2773
N82079,6203
N82081,6007
N82082,9537
N82083,10369
N82084,6474
N82086,3768
N82087,2317
N82089,3651
N82090,10073
N82091,2214
N82092,8328
N82093,4296
N82094,8458
N82095,4847
N82097,8250
N82099,8609
N82101,2733
N82103,9675
N82104,4125
N82106,3696
N82107,2040
N82108,8246
N82109,5560
N82110,8045
N82113,8481
N82115,9022
N82116,8354
N82117,60304
N82617,10733
N82633,3793
N82641,5554
N82645,8898
N82646,9359
N82648,2806
N82650,5002
N82651,4064
N82655,2285
N82662,8506
N82663,4629
N82664,3012
N82668,3682
N82669,3421
N82671,2657
N82676,4073
N82678,3344
N83001,14885
N83002,11690
N83003,7045
N83005,8616
N83006,3315
N83007,3373
N83008,8317
N83009,11868
N83010,6777
N83012,10215
N83013,4702
N83014,10300
N83017,6450
N83018,8613
N83019,7729
N83020,16834
N83021,7954
N83023,11413
N83024,7767
N83025,14415
N83026,2600
N83027,6580
N83028,16642
N83030,5390
N83031,7148
N83032,12365
N83033,5401
N83035,7038
N83041,4786
N83043,3882
N83045,10340
N83047,5466
N83049,4266
N83050,5109
N83053,9305
N83054,4241
N83601,8162
N83603,8091
N83605,6435
N83608,15452
N83609,4996
N83610,2362
N83614,6560
N83619,5572
N83620,3894
N83621,2824
N83622,2555
N83633,3825
N83637,3210
N84001,9070
N84002,2470
N84003,10100
N84004,7769
N84005,12447
N84006,11633
N84007,6151
N84008,9592
N84010,5694
N84011,6492
N84012,11465
N84013,10856
N84014,3767
N84015,5739
N84016,5548
N84017,9528
N84018,14909
N84019,6428
N84020,10473
N84021,15867
N84023,7910
N84024,9225
N84025,10244
N84027,5756
N84028,7443
N84029,5766
N84034,7995
N84035,3520
N84038,6253
N84041,6139
N84605,8612
N84613,4553
N84614,3329
N84615,3551
N84617,5286
N84621,7922
N84625,5957
N84626,1603
N85002,18943
N85005,11237
N85006,9514
N85007,20814
N85008,13850
N85012,9143
N85013,7694
N85015,7999
N85016,8616
N85017,5594
N85018,6111
N85019,8805
N85020,15658
N85021,3067
N85022,4438
N85023,5670
N85024,9424
N85025,5830
N85027,8945
N85028,13345
N85031,3722
N85032,6489
N85037,6067
N85038,4170
N85044,20694
N85046,5054
N85047,7001
N85048,5173
N85051,17501
N85052,4908
N85054,5109
N85057,1889
N85059,8318
N85616,4576
N85617,4916
N85620,6406
N85625,16475
N85629,4756
N85633,5151
N85634,1887
N85640,2840
N85643,4115
N85648,4232
P81002,63715
P81003,8290
P81005,12297
P81006,20694
P81008,7287
P81010,5629
P81013,15568
P81014,9725
P81015,13827
P81016,12553
P81017,14824
P81018,7907
P81020,24739
P81022,11293
P81025,12749
P81027,15399
P81029,23948
P81031,6667
P81032,14390
P81033,8132
P81035,8505
P81036,18643
P81037,12775
P81038,9879
P81039,5538
P81040,10289
P81041,9677
P81042,14788
P81043,6528
P81044,16714
P81045,4573
P81047,15976
P81051,14792
P81053,8297
P81054,9371
P81055,15126
P81057,14172
P81058,10233
P81059,7763
P81061,4362
P81062,7683
P81063,10957
P81065,15029
P81066,8257
P81067,12665
P81069,11796
P81070,8307
P81071,7257
P81072,13576
P81073,13147
P81074,13336
P81076,10615
P81077,10764
P81078,12031
P81079,12873
P81081,6169
P81082,11063
P81083,8679
P81084,8262
P81086,9569
P81087,11658
P81088,6831
P81089,12588
P81092,7618
P81095,8553
P81096,6968
P81099,10815
P81100,15706
P81103,11817
P81107,8113
P81112,16750
P81113,8001
P81115,16891
P81117,5832
P81118,10133
P81119,11332
P81123,12258
P81125,9934
P81127,9687
P81128,9892
P81129,12021
P81130,13651
P81132,9307
P81133,9044
P81136,2890
P81137,7006
P81138,3477
P81140,15221
P81143,11753
P81147,4917
P81149,9409
P81150,12087
P81154,7919
P81155,6331
P81157,11362
P81159,12071
P81160,16512
P81165,2802
P81166,2432
P81167,6000
P81169,6749
P81170,11041
P81171,4693
P81172,12311
P81179,6819
P81180,3352
P81181,5500
P81182,6802
P81184,9334
P81185,10550
P81186,4683
P81191,10161
P81196,36880
P81197,5014
P81201,5912
P81208,17885
P81212,6288
P81213,18369
P81214,4782
P81218,6141
P81620,1487
P81622,11510
P81633,4126
P81646,4103
P81647,4488
P81655,10696
P81664,24666
P81668,6119
P81674,5869
P81681,13889
P81683,7387
P81685,4359
P81686,2637
P81687,2091
P81692,2022
P81694,5234
P81695,6652
P81699,2507
P81701,2965
P81704,10771
P81707,5202
P81709,6317
P81710,10078
P81714,5711
P81721,2522
P81724,2705
P81726,1915
P81730,9475
P81731,2564
P81732,4579
P81734,19490
P81735,3168
P81736,4023
P81740,11117
P81741,2533
P81742,2722
P81748,7795
P81755,8478
P81757,3668
P81770,7725
P81771,9198
P81780,5630
P82001,10092
P82002,7176
P82003,14778
P82004,9649
P82005,7143
P82006,11458
P82007,13138
P82008,14812
P82009,8031
P82010,7792
P82011,6984
P82012,6216
P82013,3989
P82014,6481
P82015,20257
P82016,12142
P82018,7561
P82020,4802
P82021,6920
P82022,5710
P82023,8512
P82025,4351
P82029,3562
P82030,3949
P82031,10634
P82033,1965
P82034,4181
P82036,2859
P82037,4958
P82607,6052
P82609,6388
P82613,5265
P82616,3763
P82624,3517
P82625,2330
P82626,5123
P82627,4177
P82629,2037
P82633,2473
P82634,3948
P82640,5040
P82643,7601
P82652,4380
P82660,3560
P83001,14224
P83004,7810
P83005,4448
P83006,8034
P83007,11451
P83009,7538
P83010,3609
P83011,7465
P83012,48116
P83015,7370
P83017,7039
P83021,9793
P83024,4526
P83025,8798
P83027,1785
P83603,9010
P83605,7453
P83608,6298
P83609,3883
P83611,4771
P83612,5459
P83620,5439
P83621,2766
P83623,4743
P84004,8469
P84005,15345
P84009,10667
P84010,10060
P84012,8373
P84014,5267
P84016,9044
P84017,12403
P84018,3448
P84019,10401
P84020,9796
P84021,9155
P84022,6081
P84023,8942
P84024,7906
P84025,7412
P84026,9544
P84027,8214
P84028,10757
P84029,10491
P84030,13325
P84032,5838
P84033,4428
P84034,15779
P84035,15792
P84037,5623
P84038,13660
P84039,15001
P84040,7549
P84041,7570
P84042,10798
P84043,9541
P84045,5693
P84046,20644
P84047,6000
P84048,6871
P84049,11396
P84050,7809
P84051,5653
P84052,7783
P84053,7749
P84054,6269
P84056,4203
P84059,9079
P84061,6074
P84064,13022
P84065,4202
P84066,7558
P84067,9107
P84068,21962
P84070,8448
P84071,4534
P84072,33426
P84074,10655
P84605,1990
P84611,7498
P84626,5342
P84630,23951
P84635,5182
P84637,2928
P84639,2881
P84644,7175
P84645,6069
P84650,6190
P84651,6177
P84663,5672
P84665,5268
P84669,17449
P84672,3736
P84673,14307
P84678,15479
P84679,2271
P84683,14436
P84684,6576
P84689,14258
P84690,2722
P85002,6870
P85003,5960
P85004,6487
P85005,9403
P85007,3837
P85010,14026
P85011,12586
P85012,5941
P85013,20964
P85014,6578
P85015,7167
P85016,14025
P85017,9034
P85018,4271
P85019,7093
P85020,7138
P85021,9524
P85022,5186
P85026,15751
P85601,2961
P85605,7425
P85606,7212
P85608,2433
P85610,7572
P85612,3960
P85614,5279
P85615,11910
P85622,10829
P86001,8252
P86002,1889
P86003,10524
P86004,9047
P86005,6194
P86006,17091
P86007,13774
P86008,10366
P86009,10535
P86010,8554
P86011,8370
P86012,8911
P86013,5964
P86014,7667
P86015,6170
P86016,8543
P86017,4525
P86018,8586
P86019,9823
P86021,3768
P86022,8797
P86023,9842
P86026,7490
P86602,3418
P86606,4336
P86608,4242
P86609,2418
P86614,4588
P86619,6517
P86620,2933
P86624,4290
P87002,11442
P87004,15859
P87008,8849
P87015,9208
P87016,14129
P87017,4836
P87019,12427
P87020,15720
P87022,2239
P87024,11524
P87025,10058
P87026,17524
P87027,17931
P87028,9973
P87032,6523
P87035,11242
P87040,8291
P87610,12463
P87613,5169
P87620,9412
P87624,5138
P87625,2742
P87627,3457
P87630,3303
P87634,11303
P87639,4081
P87648,8499
P87649,6123
P87654,11070
P87657,4426
P87658,3606
P87661,2305
P88002,6321
P88003,9908
P88005,11481
P88006,11520
P88007,14804
P88008,8521
P88009,3035
P88011,10625
P88012,7875
P88013,12382
P88014,4826
P88015,12300
P88016,13444
P88017,6542
P88018,10228
P88019,5366
P88020,11886
P88021,6869
P88023,7531
P88024,10333
P88025,10370
P88026,54719
P88031,5857
P88041,8720
P88042,6922
P88043,9439
P88044,6190
P88606,5737
P88615,3444
P88623,7629
P88625,7682
P88632,17981
P89002,20290
P89003,9774
P89004,6195
P89005,8362
P89006,11255
P89007,8251
P89008,17009
P89010,7549
P89011,5081
P89012,6786
P89013,5003
P89014,12699
P89015,20934
P89016,7935
P89018,8543
P89020,7382
P89021,11230
P89022,3275
P89023,6021
P89025,2780
P89026,6244
P89029,7893
P89030,3891
P89602,3674
P89609,5039
P89612,2211
P89613,3825
P89618,3294
P91003,7857
P91004,8471
P91006,13149
P91007,6268
P91008,6148
P91009,10753
P91011,5403
P91012,7593
P91013,11187
P91014,15990
P91016,9323
P91017,8845
P91018,14646
P91019,3902
P91020,8786
P91021,15249
P91026,6736
P91029,11770
P91035,13763
P91603,7745
P91604,16293
P91617,2245
P91623,7822
P91627,8749
P91629,15169
P91631,3757
P92001,5645
P92002,5105
P92003,9627
P92004,7074
P92005,4338
P92006,6083
P92007,6043
P92008,8692
P92010,11403
P92011,7925
P92012,4484
P92014,13097
P92015,6200
P92016,19344
P92017,13621
P92019,10303
P92020,5028
P92021,6078
P92023,8638
P92024,5236
P92026,7251
P92028,4730
P92029,4405
P92030,4276
P92031,4881
P92033,4698
P92034,5472
P92038,3213
P92041,8328
P92042,8910
P92602,2329
P92605,8001
P92607,7660
P92615,4891
P92620,8227
P92621,4455
P92626,6705
P92630,2979
P92633,3758
P92634,4769
P92635,1845
P92637,4338
P92639,3069
P92642,5423
P92646,3583
P92647,6458
P92648,6005
P92651,5723
Y00020,8890
Y00026,2920
Y00033,6982
Y00050,6979
Y00054,90
Y00056,659
Y00057,15801
Y00060,528
Y00078,5636
Y00080,7563
Y00081,30
Y00090,8261
Y00137,32130
Y00140,2136
Y00155,10735
Y00159,31159
Y00182,986
Y00184,9305
Y00185,11555
Y00186,1587
Y00200,4437
Y00206,9440
Y00228,2519
Y00252,3024
Y00265,15964
Y00278,3843
Y00286,3416
Y00293,9393
Y00297,5082
Y00312,4612
Y00316,6027
Y00344,1302
Y00347,5502
Y00351,11932
Y00352,23321
Y00399,4046
Y00403,7690
Y00411,11601
Y00412,5295
Y00437,10725
Y00445,18892
Y00446,3170
Y00469,11967
Y00471,7989
Y00475,5338
Y00486,7306
Y00492,8681
Y00507,4142
Y00560,18962
Y00568,4716
Y00612,4500
Y00726,5668
Y00758,2498
Y00774,4997
Y00902,3357
Y00918,6591
Y00969,11677
Y00996,3735
Y00999,11421
Y01008,54078
Y01011,10351
Y01050,7677
Y01051,8283
Y01057,1048
Y01066,8031
Y01068,4934
Y01090,8870
Y01108,3966
Y01118,3467
Y01127,6700
Y01132,11992
Y01163,3866
Y01206,9468
Y01221,3262
Y01262,39
Y01280,2300
Y01281,4771
Y01291,10602
Y01652,6007
Y01655,9690
Y01690,7612
Y01695,4012
Y01719,8700
Y01756,6261
Y01794,14739
Y01795,9397
Y01812,11342
Y01839,7705
Y01922,11953
Y01924,68
Y01929,51598
Y01948,2478
Y01964,28834
Y02002,22103
Y02045,7
Y02117,13548
Y02177,6810
Y02212,2638
Y02274,3799
Y02319,7661
Y02321,5759
Y02322,9907
Y02325,5199
Y02332,17391
Y02342,9594
Y02354,8881
Y02378,6376
Y02423,44781
Y02463,12976
Y02466,12456
Y02469,9661
Y02476,15354
Y02494,8811
Y02510,6746
Y02517,17349
Y02519,10110
Y02520,5368
Y02521,9941
Y02526,58
Y02567,5984
Y02571,8588
Y02575,22413
Y02578,11927
Y02586,5133
Y02589,9958
Y02594,2982
Y02605,4183
Y02606,6218
Y02611,18995
Y02622,15924
Y02625,1200
Y02626,4608
Y02627,12083
Y02633,5966
Y02636,6826
Y02639,9583
Y02645,18
Y02646,10457
Y02653,4453
Y02657,8518
Y02663,4417
Y02669,5063
Y02671,17915
Y02672,13650
Y02674,472
Y02676,8920
Y02684,3637
Y02686,9099
Y02692,15126
Y02701,8055
Y02707,7257
Y02713,4455
Y02718,4783
Y02720,4799
Y02721,5261
Y02736,7119
Y02751,10992
Y02753,6535
Y02755,9480
Y02757,13512
Y02767,6779
Y02769,7998
Y02790,7748
Y02794,12349
Y02795,5401
Y02807,12898
Y02827,4917
Y02842,9255
Y02847,10789
Y02849,15909
Y02867,4751
Y02873,88
Y02875,4859
Y02885,4459
Y02886,4696
Y02890,6280
Y02893,22475
Y02900,22244
Y02906,9231
Y02928,24234
Y02933,8915
Y02936,3482
Y02946,7832
Y02960,6272
Y02973,8943
Y02974,12239
Y02986,5143
Y02987,32581
Y03023,32416
Y03035,21177
Y03049,17626
Y03052,14881
Y03063,7748
Y03079,16012
Y03103,299
Y03124,5486
Y03135,9079
Y03222,6925
Y03303,2
Y03366,5669
Y03402,18041
Y03441,9508
Y03584,92
Y03595,6902
Y03597,8093
Y03602,6249
Y03663,9199
Y03664,7774
Y03755,14101
Y04225,1190
Y04266,3913
Y04273,20293
Y04662,6509
Y04664,4309
Y04809,2723
Y04882,4171
Y04884,3252
Y04925,8328
Y04957,32855
Y04965,21493
Y04969,4848
Y04977,5572
Y04995,18750
Y05023,5106
Y05080,3044
Y05167,12902
Y05212,6077
Y05248,3384
Y05317,7263
Y05318,5562
Y05330,4931
Y05349,5785
Y05363,3228
Y05364,3728
Y05369,6999
Y05622,5678
Y05690,7198
Y05733,1
Y05750,121
Y05826,6507
Y05857,135
Y06007,8620
Y06095,20
Y06113,452
Y06218,9756
Y06275,6343
Y06345,1480
Y06356,9185
Y06378,6147
Y06389,1151
Y06443,12793
Y06499,290
Y06545,198
Y06592,208
Y06659,3271
Y06792,7798
Y06810,16336
Y07014,14327
Y07020,250
Y07025,8051
Y07040,116
Y07057,12045
Y07059,19251
Y07060,23707
Y07275,2842
Y07697,143
Y07819,42
Y08371,5031
Y08411,326
