gp_code,ptype
A81039,4
A81040,3
A81045,1
A81048,1
A81051,3
A81052,1
A81054,1
A81056,4
A81057,1
A81058,2
A81060,1
A82036,2
A82037,4
A82039,1
A82041,3
A82044,0
A82045,1
A82053,2
A82068,4
A82070,4
A83023,2
A83024,4
A83028,1
A83029,4
A83031,1
A83032,4
A83035,1
A83037,1
A83038,4
A83635,1
A83644,4
A84002,4
A84005,0
A84007,0
A84008,4
A84011,4
A84013,2
A84014,1
A85008,1
A85010,4
A85013,4
A85017,4
A85018,4
A85021,4
A86040,4
A86041,4
A87002,1
A87005,4
A87009,1
A87011,4
A87012,4
A87013,1
A87017,4
A89008,3
A89011,4
A89012,4
A89013,4
A89015,4
A89019,3
A89020,2
B81022,0
B81024,2
B81025,3
B81027,1
B81029,4
B81031,1
B81034,1
B81035,3
B81037,2
A82021,3
A82022,4
A82027,4
A82029,4
A82032,0
A82035,2
B82027,0
B82029,4
B82031,2
B82034,4
B82035,4
B82036,4
B82037,2
B82038,0
B82041,0
C81097,3
C81099,3
C81108,3
C81110,3
C81113,3
C81115,1
C86609,3
C86611,4
C86621,1
C86625,3
C87002,0
C87003,1
C87005,1
C87006,1
C87008,1
E81612,0
E81615,4
E81635,4
E82001,4
E82002,1
E82007,0
E82009,0
E86626,1
E86629,1
E86637,2
E87004,2
E87005,1
E87008,1
F84010,1
F84016,3
F84017,2
F84021,1
F84022,3
F84030,0
F84033,1
G82125,0
G82137,2
G82139,3
G82143,1
G82152,1
G82158,4
A81020,3
A81027,3
A81029,4
A81031,3
A81037,3
A81038,1
A82006,4
A82008,1
A82010,1
A82015,3
A83006,4
A83007,4
A83011,1
A83013,4
A83015,1
A83020,1
A83061,4
A83066,1
A83071,4
A83073,4
A83610,4
A83616,4
A83619,4
A83622,4
A84037,1
A84039,4
A84042,4
A84047,4
A84604,4
A84619,4
A85001,1
A85004,0
A86020,2
A86023,2
A86031,1
A86033,1
A88012,2
A88013,3
A88022,0
A88608,4
A88613,1
A89001,0
A89004,2
A89616,4
A89617,1
A89623,4
B81005,2
B81013,1
B81016,4
A81002,1
A81006,1
A81011,1
A81017,1
A81602,4
A81611,1
A81612,1
A81621,3
A82075,1
A82608,4
A82631,4
A82646,4
A82647,4
A83045,1
A83047,1
A83048,4
A83049,4
A83052,1
A83054,4
A83055,4
A84018,4
A84024,4
A84025,4
A84027,4
A84028,2
A84029,1
A84030,1
A84033,4
A84034,4
A85616,4
A85617,4
A86003,1
A86005,1
A86012,1
A87020,4
A87022,1
A87029,1
A87030,1
A87612,1
A87615,1
A88006,4
A88008,1
A89022,1
A89027,4
A89028,4
A89030,4
A89031,4
A89036,1
B81617,3
B81619,1
B81628,4
B81631,1
B81635,4
B81642,4
B82049,1
B82050,4
B82053,1
B82057,4
B82059,4
B82060,2
B82061,1
B82063,4
B83018,1
B83020,3
B83025,4
B83028,3
B83033,0
B84003,1
B84004,1
B84006,1
B84007,4
B84009,1
B84016,1
B84019,3
B85037,1
B85038,1
B85044,0
B85048,3
B85062,2
B85606,3
B86015,1
B86016,0
B86017,4
B86018,1
B86019,0
B86028,1
B86029,1
B86030,1
B86033,2
B86035,4
B86036,1
B86094,1
B86100,2
B86623,4
B86643,1
B86648,1
B86655,1
B86658,1
B87028,1
B87031,1
B87032,4
B87033,4
B87039,3
B87042,1
B87602,4
C81003,4
C81005,1
C81006,1
H82009,1
H82013,4
H82016,1
H82023,1
H82026,0
H82028,3
J82146,2
J82149,1
J82152,0
J82155,3
J82156,1
J82163,0
J82169,1
L81008,2
L81010,2
L81012,3
L81014,0
L81016,0
L81017,1
L81021,1
L81023,3
M81019,3
M81026,0
M81027,4
M81032,0
M81033,4
M81034,1
M81038,2
M85155,1
M85156,1
M85167,1
M85170,1
M85172,2
M85176,3
N81614,4
N81623,1
N81651,3
N82001,1
N82003,1
P82004,1
P82006,4
P82007,2
P82010,2
P82011,1
P82018,1
Y00312,3
Y00316,0
Y00351,0
Y00352,1
Y00399,2
Y00411,3
Y00412,3
Y00437,0
Y00446,3
Y00475,4
B81064,4
B81069,1
B81075,4
B81082,1
B81087,1
B81091,4
B81097,3
B81100,4
B82008,4
B82010,4
B82011,4
B82014,4
B82016,0
B82021,1
B82025,1
B82026,0
B82101,4
B82104,1
B82105,2
B82106,4
B82609,4
B83002,4
B83005,3
B83008,0
B83604,1
B83620,4
B83626,3
B83629,1
B83641,3
B83642,1
B83657,1
B83660,3
B85020,4
B85021,1
B85027,0
B85028,1
B85032,4
B85033,2
B86002,1
B86005,4
B86009,3
B86011,3
B86012,4
B86014,1
B86064,1
B86067,1
B86070,1
B86086,1
B86089,4
B86092,1
B87009,1
B87011,1
B87017,1
B87020,2
B87025,1
B87026,1
B87027,1
B81039,2
B81040,1
B81043,4
B81046,1
B81063,1
B81647,1
B81655,4
B81665,1
B82004,2
B82005,0
B82007,4
B82074,1
B82078,4
B82079,4
B82081,2
B82097,0
B83038,3
B83039,1
B83041,3
B83042,4
B83045,3
B83056,1
B83058,1
B83064,1
B84612,1
B84618,0
B84623,4
B85004,4
B85008,1
B85010,1
B85012,1
B85610,4
B85614,0
B85619,1
B85620,4
B85636,4
B85645,3
B85650,3
B86039,0
B86041,2
B86048,1
B86051,2
B86054,1
B86057,1
B86667,1
B86669,1
B86673,1
B87003,4
B87004,4
C81040,4
C81042,3
C81044,0
C81045,3
C81046,1
C81047,3
C81049,1
C81052,3
C81053,4
C81649,4
C81655,4
C81662,1
C82005,3
C82008,0
C82009,3
C82010,1
C82046,3
C82051,4
C82052,1
C82054,1
C82061,1
C82064,3
C82116,4
C82121,1
C82600,4
C82614,3
C82620,1
C82631,1
C83015,4
C83018,0
C83020,2
C83024,2
C83031,0
C83032,2
C83033,4
C83073,2
C83074,2
C83075,2
C83080,2
C83083,2
C83611,1
C83613,4
C83617,3
C84035,4
C84039,3
C84042,1
C84045,1
C84051,3
C84053,3
C84055,3
C84057,4
C84129,0
C84150,1
C84605,4
C82013,4
C82014,4
C82016,2
C82018,3
C82020,0
C82021,3
C82022,3
C82024,3
C82028,4
C87014,2
E81046,1
E81047,0
E81048,0
E81050,1
E81061,2
E81063,0
E81069,0
E81073,0
E85746,1
E85748,3
E86001,3
E86006,1
E86010,0
E86011,1
E86016,1
E86017,1
F83010,1
F83012,2
F83015,2
F83017,1
F83021,1
F83033,2
G82006,3
G82007,3
G82013,1
G82014,0
G82015,3
G82016,2
G82020,0
G82023,3
G82025,0
C81023,1
C81025,1
C81026,1
C81027,1
C81029,0
C81030,4
C81031,1
C81032,1
C81034,4
C81035,1
C81036,0
C81038,4
C81072,3
C81073,3
C81080,2
C81081,2
C81086,1
C81089,4
C82030,1
C82031,1
C82033,1
C82035,1
C82038,0
C82041,0
C82044,1
C82045,1
C82086,1
C82091,1
C82092,1
C82093,1
C82094,1
C82098,1
C82102,4
C82109,4
C82669,3
C82671,3
C82676,1
C82678,0
C82680,3
C83003,3
C83004,3
C83007,3
C83008,2
C83009,2
C83010,1
C83011,2
C83013,0
C83051,3
C83053,4
C83056,3
C83061,1
C83062,2
C84018,1
C84019,1
C84020,1
C84021,4
C84025,4
C84026,1
C84028,4
C84029,1
C84030,4
C84033,1
C84034,3
C84085,3
C84087,1
C84090,3
C84091,3
C84105,0
C84106,1
C84112,4
C81007,1
C81009,3
C81010,1
C81014,3
C81015,1
C81017,1
C81018,1
C81021,1
C81059,1
C81061,3
C81062,4
C81066,4
C81067,4
C81068,1
C81070,1
C81071,3
C82067,1
C82068,4
C82071,1
C82076,0
C82077,2
C82079,3
C82084,4
C82634,1
C82642,1
C82643,1
C82644,1
C82649,1
C82651,4
C82660,3
C82667,4
C83035,2
C83037,0
C83040,0
C83041,4
C83042,1
C83043,2
C83044,0
C83045,3
C83046,4
C83049,1
C83635,0
C83643,4
C84008,2
C84009,3
C84010,3
C84061,0
C84069,3
C84074,4
C84076,4
C84078,0
C84080,1
C84081,1
C85008,1
C85009,4
C85013,1
C85016,3
C85018,3
C85019,1
C85020,3
C85028,1
C85033,3
C87020,1
C87031,4
C88037,1
C88039,1
C88040,1
C88045,3
C88048,1
C88051,3
D81002,1
D81003,4
D81004,4
D81005,1
D81014,2
D81015,1
D81017,1
D81021,2
D81022,3
D81059,1
D81061,3
D81062,2
D81064,1
D81065,0
D81073,2
D81078,1
D81081,4
D81085,0
D82019,0
D82020,2
D82028,2
D82030,2
D82032,4
D82035,1
D82036,1
D82078,4
D82084,4
D82096,3
D82100,4
D82104,2
D82105,4
D83028,4
D83029,1
D83040,4
D83041,2
D83045,0
D83046,1
D83048,4
H81011,1
H81013,0
H81017,3
H81020,2
H81021,4
H81022,4
H81023,2
H81024,0
H81026,2
H81027,0
H81029,0
J81047,2
J81049,4
J81051,0
J81053,4
J81062,4
J81068,0
K82055,4
K82068,4
K82073,0
K82078,4
K82079,0
K82615,0
L83101,1
L83102,4
L83103,2
L83105,4
L83106,4
L83111,2
L83112,4
L83118,0
M83125,4
M83126,4
M83129,3
M83139,4
M83146,0
M83601,1
M88042,1
M88610,3
M88616,3
M88620,1
M88626,3
M88630,3
N84004,3
N84006,0
N84012,4
N84013,1
N84015,3
G82231,3
G82232,0
G82233,3
G82234,3
G82235,3
G82754,1
G82780,1
G82799,3
G82808,1
G82809,0
G83002,3
G83062,0
G83065,0
G83628,0
G83635,0
G83647,1
G83680,0
G84607,1
G84609,4
G84621,3
G84630,1
G85013,1
G85015,3
G85083,4
G85096,3
G85100,4
G85105,1
G85119,2
G85708,3
G85716,2
G85722,0
G85724,3
G85726,4
G85727,1
G85736,4
H81002,1
H81004,0
H81005,2
H81006,4
H81010,0
H81084,4
H81085,4
H81087,1
H81088,2
H81089,0
H81095,1
H81104,3
H81107,4
H82036,1
H82038,0
H82041,3
H82043,1
H82044,1
H82046,3
H82095,1
H82099,4
H83004,4
H83007,2
H83008,1
H83009,1
H83624,1
H83631,3
H84005,2
H84007,2
H84012,4
H84018,1
H84020,0
H84025,1
H85006,2
H85007,2
H85008,4
H85020,1
H85022,4
H85023,1
H85025,4
H85026,1
H85027,2
H85090,1
H85095,0
H85101,2
H85110,1
H85112,1
H85113,2
H85114,0
H85115,0
H85618,0
J81034,0
J81035,4
J81045,1
J81634,1
J81646,4
J82002,1
J82005,4
J82010,1
J82017,0
H81067,1
H81068,2
H81070,0
H81076,2
H81618,0
H81658,4
H81672,2
H82007,0
H82067,4
H82070,4
H82076,4
H82088,4
H82091,0
H82092,1
H83033,4
H83042,3
H83043,4
H83044,0
H83052,4
H83053,1
H83611,4
H84057,4
H84059,2
H84060,4
H84061,2
H84623,0
H84630,4
H84635,1
H85061,2
H85063,3
H85067,1
H85070,3
H85075,2
J81009,1
J81010,4
J81011,2
J81012,0
J81014,2
J81016,4
J81018,1
J81020,4
J81021,1
J81028,1
J81086,1
J81620,2
J81621,4
J81633,1
H81045,2
H81046,1
H81050,2
H81051,2
H81052,2
H81056,0
H81061,2
H81062,0
H81113,4
H81119,4
H81126,2
H81128,2
H81131,1
H81134,0
H82047,0
H82049,1
H82051,1
H82055,0
H82058,2
H82061,4
H83014,4
H83015,2
H83018,4
H83020,1
H83022,1
H83024,0
H84030,2
H84032,1
H84041,1
H84042,2
H84044,1
H84048,4
H84053,2
H85030,4
H85031,4
H85033,1
H85037,1
H85038,0
H85041,0
H85045,2
H85047,1
H85049,1
H85051,4
H85052,1
H85053,1
H85656,4
H85659,2
H85662,1
H85664,1
H85682,2
H85683,0
H85686,4
J81002,4
J81006,0
J81070,0
J81074,1
J82072,3
J82073,1
J82075,4
J82079,2
J82080,4
J82084,3
J82088,3
J82196,0
J82199,1
J82208,1
J82213,1
J82214,4
J82215,0
J83029,1
J83036,3
J83038,3
J83040,1
J83046,2
J83047,1
J84013,1
J84015,0
J84016,1
J84017,1
K81002,2
K81004,3
K81010,1
K81014,0
K81015,4
K81017,2
K81068,4
K81073,0
K81076,0
K81080,4
K81081,4
K81083,3
K81085,1
K82015,0
K82016,0
K82020,3
K82021,3
K82022,3
K82025,1
K82026,0
K82028,2
K82618,1
K82621,0
K82631,1
K82633,2
K83002,3
K83005,0
K83007,2
K83008,1
K83009,1
K83010,3
K83047,0
K83048,3
K83052,1
K83053,4
K83056,1
K83066,1
K83068,4
K83070,1
J82050,2
J82051,3
J82053,2
J82064,3
J82121,3
J82124,1
J82125,1
J82128,3
J82130,2
J82131,0
J82138,3
J82139,2
J82143,2
J83008,0
J83013,2
J83016,0
J83019,4
J83021,2
J83022,1
J83023,1
J83024,1
J83026,3
J83645,3
J84004,2
K81045,1
K81046,1
K81051,0
K81052,4
K81057,4
K81063,1
K81645,1
K81657,4
K82051,1
K82053,3
K83027,1
K83028,3
K83029,1
K83030,3
K83037,3
K83040,1
K83043,0
K83044,3
J82034,1
J82035,0
J82036,4
J82042,0
J82099,1
J82101,1
J82102,2
J82103,4
J82110,0
J82112,3
J82116,4
J82119,1
J82120,2
J82628,1
J82646,1
J83004,4
J83006,1
J83049,1
J83050,0
J83053,4
J83058,4
J83064,2
J83603,4
K81024,1
K81025,4
K81027,1
K81030,0
K81034,1
K81042,1
K81092,3
K81102,2
K81605,1
K81607,3
K81608,3
K81610,3
K81630,1
K81636,1
K82031,2
K82033,0
K82035,2
K82036,4
K82037,2
K82038,3
K82040,3
K82044,3
K82045,2
K82047,0
K82048,0
K83012,3
K83013,1
K83015,2
K83018,1
K83019,4
K83023,0
K83024,3
K84023,4
K84027,0
K84033,0
K84034,4
K84035,4
K84036,4
L81039,2
L81042,1
L81044,2
L81089,3
L81090,1
L81091,2
L81095,1
L81106,4
L81118,0
L81120,0
L81122,4
L81127,2
L82029,2
L82039,4
L82041,0
L82044,0
L82045,1
L82047,4
L82049,1
L82050,3
L83025,2
L83026,4
L83027,1
L83028,0
L83036,1
L83039,2
L83041,4
L83042,2
L83084,2
L83085,1
L83088,4
L83089,2
L83092,1
L83094,2
L83098,4
L83663,1
L83666,3
L84008,1
L84010,0
L84012,1
L84016,4
L84018,0
L84075,4
L84077,0
L84080,1
L84081,1
L84085,1
L84606,1
L84613,4
K84008,1
K84013,1
K84014,4
K84017,2
K84020,4
K84071,2
K84072,1
K84610,1
K84618,1
L81069,1
L81071,1
L81073,2
L81075,0
L81079,2
L81081,2
L81083,3
L81085,4
L81086,0
L82008,4
L82013,1
L82018,0
L82022,4
L82026,2
L83007,2
L83012,4
L83014,0
L83019,0
L83020,2
L83021,0
L83070,4
L83073,2
L83077,4
L83079,2
L83081,2
L83136,4
L83137,2
L83146,4
L83147,2
L83648,2
L83655,1
L84039,4
L84040,0
L84041,3
L84043,1
L84051,4
L84054,1
K83077,0
K83601,3
K83610,4
K83621,1
K84001,2
K84002,3
K84046,4
K84047,4
K84054,1
K84056,4
K84059,1
K84060,4
L81045,2
L81046,3
L81047,2
L81050,1
L81054,1
L81058,2
L81059,1
L81063,2
L81065,2
L81066,0
L81132,4
L81133,1
L81600,4
L81617,2
L81632,3
L81644,1
L81669,1
L82004,0
L82054,4
L82056,4
L82058,1
L82061,4
L82066,1
L82070,2
L82620,1
L82622,1
L83002,2
L83048,3
L83049,4
L83052,0
L83054,4
L83055,0
L84022,1
L84024,4
L84025,2
L84027,4
L84029,4
L84030,1
L84034,3
L84036,1
L85033,4
L85035,1
L85036,4
L85037,4
L85042,3
L85046,2
L85047,2
M81042,4
M81043,4
M81044,4
M81046,2
M81047,4
M81048,4
M81055,4
M81056,2
M81058,1
M82003,3
M82005,1
M82007,3
M82010,1
M82013,1
M82014,4
M82016,1
M82017,1
M82018,1
M82019,1
M82616,4
M82620,4
M83006,2
M83011,2
M83013,4
M83014,3
M83015,4
M83059,4
M83061,1
M83065,1
M83067,4
M83069,2
M83070,1
M83073,4
M83075,3
M83617,1
M83624,4
M83638,1
M84008,3
M84012,1
M84016,4
M84019,1
M84020,2
M84065,1
M84067,1
M84070,2
M84609,4
M84612,1
M84618,1
M84621,1
L85017,0
L85020,2
L85023,2
L85026,0
L85027,2
L85029,2
L85624,4
M81001,1
M81005,4
M81009,4
M81011,4
M81012,3
M81018,4
M81083,4
M81084,4
M81090,4
M81093,1
M81094,1
M81604,4
M81605,4
M81616,4
M81617,1
M81627,4
M82046,4
M82056,2
M82057,4
M82601,4
M83036,1
M83037,0
M83038,1
M83044,3
M83045,3
M83046,1
M83050,1
M83051,3
M83056,4
M83110,3
M83111,4
M83121,3
M83122,4
M83709,4
M83717,1
M83718,1
M83725,1
M83727,1
M83738,4
M84003,1
M84005,1
M84042,1
M84046,4
M84059,4
M84060,4
M84062,4
L84617,4
L85002,1
L85003,4
L85004,1
L85007,0
L85009,4
L85011,1
L85056,4
L85061,4
L85064,0
L85065,4
L85066,2
L85601,1
L85607,1
L85611,4
M81066,3
M81068,1
M81069,1
M81070,2
M81074,2
M81077,4
M81078,1
M81082,3
M82020,4
M82021,1
M82026,1
M82028,1
M82030,1
M82033,4
M82034,4
M83021,1
M83022,3
M83023,4
M83025,1
M83028,0
M83031,3
M83032,0
M83035,1
M83079,4
M83092,4
M83093,1
M83094,2
M83103,4
M83641,1
M83650,3
M83668,1
M83670,0
M83681,1
M83691,4
M83693,1
M83697,4
M83701,4
M83703,4
M84023,2
M84024,4
M84025,2
M84028,2
M84036,1
M84037,3
M84040,1
M85051,3
M85053,3
M85060,2
M85061,0
M85070,3
M85071,1
M85074,0
M85624,1
M85642,3
M85669,1
M85676,3
M85679,4
M85680,4
M85684,1
M85701,3
M86001,4
M86004,1
M86017,2
M87008,2
M87012,4
M88016,1
M88019,1
M88020,1
M88038,3
M89015,1
M89017,3
M89019,3
M89030,4
M89608,4
M91007,0
M91008,1
M91009,1
M91647,1
M91650,3
M91659,0
M92001,4
M92004,4
M92006,0
M92009,3
M92010,4
N81011,3
N81012,1
N81014,1
N81020,3
N81022,0
N81024,2
N81027,2
N81030,4
N81031,4
M85026,3
M85028,0
M85029,4
M85030,1
M85031,2
M85034,0
M85037,1
M85042,4
M85115,4
M85123,3
M85139,3
M85141,4
M85143,1
M85145,3
M85146,1
M85746,3
M85756,3
M85759,2
M85766,4
M85770,4
M85774,2
C84621,4
C84628,1
C84629,4
C84637,1
C84646,0
C84658,3
C84664,1
C86005,3
C86006,4
C86007,4
C87608,1
C87616,2
C87622,0
C88005,2
C88006,4
C88060,1
C88070,0
D82016,1
D82017,0
D82065,1
D82070,4
D83021,2
D83024,1
D83026,1
D83027,1
C85006,1
C86029,1
C86032,1
C86033,2
C88032,1
C88090,3
C88091,1
C88095,1
C88647,0
C88648,1
D81046,3
D81049,2
D81050,1
D81051,2
D81056,0
D81058,1
D81645,1
D82001,4
D82002,0
D82003,2
D82005,1
D82007,4
D82009,1
D82011,4
D82012,4
D82013,1
D82048,1
D82049,1
D82051,4
D82053,4
D82054,0
D82056,0
D82057,1
D82058,4
D82059,4
D82062,4
D82063,0
D83004,2
D83005,1
D83006,4
D83007,4
D83010,1
D83013,1
D83015,2
D83017,3
D83018,0
D83019,4
C84693,1
C84696,1
C84703,4
C85001,3
C85003,4
C86012,1
C86013,3
C86016,3
C86019,0
C86020,1
C86021,3
C86024,2
C88008,3
C88010,3
C88011,0
C88014,1
C88016,2
C88019,1
C88020,1
C88022,4
C88072,3
C88073,0
C88078,1
C88083,4
D81026,3
D81027,3
D81030,0
D81031,2
D81038,4
D81042,1
D81606,0
D81611,2
D81615,0
D81622,4
D81629,3
D81630,3
D81631,0
D81637,3
D82037,3
D82039,1
D82044,1
D82045,0
D82047,0
D82106,2
D82600,4
D82604,4
D82621,4
D82628,4
D83002,1
D83003,4
D83080,2
D83081,2
D83610,0
E81002,1
E81004,3
E81005,0
E81006,1
E81007,4
E81009,1
E81010,2
E82059,4
E82061,4
E82062,0
E82066,4
E82067,0
E82070,1
E82071,2
E82074,2
E82124,1
E82638,3
E82652,4
E82654,1
E82655,4
E83003,1
E83005,3
E83053,0
E83613,3
E83622,0
E83637,0
E84058,1
E84059,0
E84061,2
E84068,0
E84074,1
E84076,0
E84709,0
E85003,1
E85005,1
E85006,0
E85007,2
E85008,2
E85013,1
E85014,0
E85019,0
E85020,4
E85058,1
E85071,4
E85074,2
E85075,1
E85077,1
E85083,4
E85088,1
E85090,3
D83056,1
D83061,4
D83062,2
D83074,1
D83078,2
E81031,1
E81035,1
E81036,3
E81041,0
E81044,3
E81045,1
E82042,3
E82043,2
E82044,1
E82045,0
E82046,2
E82056,2
E82096,0
E82098,1
E82100,0
E82107,2
E82111,4
E82117,0
E83027,0
E83032,0
E83039,1
E83045,3
E84025,3
E84032,0
E84039,4
E84040,1
E84048,1
E84049,1
E84051,4
E84653,1
E84658,1
E84663,1
E84676,4
E84684,0
E84693,2
E84699,4
E84701,4
E85046,1
E85050,1
E85052,3
E85054,1
E85055,1
E85056,1
E85057,1
D83050,0
D83054,4
E81013,0
E81014,3
E81015,2
E81016,3
E81019,0
E81022,3
E81024,4
E81026,0
E82019,1
E82021,4
E82023,2
E82024,0
E82031,2
E82077,1
E82078,1
E82079,1
E82084,0
E82085,4
E82086,3
E82091,3
E82092,1
E82093,1
E83008,3
E83009,2
E83012,1
E83013,0
E83016,1
E83017,0
E83018,1
E83021,0
E83024,3
E84006,0
E84007,3
E84009,0
E84017,3
E84018,2
E84021,0
E84022,0
E84083,4
E84601,4
E84617,1
E84635,2
E84637,1
E84638,3
E84645,0
E84646,4
E85023,1
E85028,1
E85029,1
E85032,1
E85033,1
E85040,1
E85624,1
E85636,2
E85643,1
E85657,0
E85658,4
E85659,3
E85677,1
E85680,3
E86026,0
E86027,4
E86029,0
E86030,0
E86033,0
E86036,0
E87026,1
E87029,4
E87034,1
E87037,1
E87043,4
E87046,3
E87048,1
E87052,1
E87063,1
E87066,1
E87754,4
E87755,4
F81001,1
F81004,3
F81007,3
F81010,3
F81013,2
F81048,3
F81049,1
F81051,1
F81052,2
F81053,4
F81055,1
F81056,4
F81057,1
F81060,3
F81061,1
F81062,3
F81110,0
F81112,4
F81113,3
F81116,1
F81118,0
F81120,3
F81123,1
F81125,3
F81181,3
F81186,3
F81192,1
F81197,3
F81198,1
F81207,1
F81211,1
F81212,3
F81213,1
F81215,1
F81696,3
F81697,4
F81704,3
F81707,1
F81713,4
F81729,1
F81732,3
E85119,1
E85122,2
E85123,0
E85125,2
E85127,3
E85128,0
E85600,1
E85605,3
E85715,1
E85718,3
E85725,1
E85726,4
E85736,3
E87021,4
E87715,1
E87720,4
E87722,1
E87738,1
E87745,1
E87746,4
E87751,4
E87753,1
F81030,3
F81038,1
F81040,4
F81045,1
F81089,3
F81090,3
F81091,1
F81092,1
F81095,2
F81097,1
F81098,3
F81099,3
F81101,1
F81102,3
F81105,1
F81150,1
F81153,3
F81156,2
F81163,3
F81173,1
F81641,0
F81645,1
F81649,1
F81656,4
P81668,4
P81674,4
P81681,1
P81692,4
P81695,4
P82021,1
P82022,4
P82025,4
P84030,3
P84039,1
P84040,4
P84684,4
P84690,4
P85004,1
P85010,1
P85011,2
P85016,3
P86016,3
P86017,3
P86019,1
P86022,4
P86606,1
P86608,4
P86619,1
P87649,4
P88003,4
P88006,4
P88011,2
P89008,0
P89012,0
P89013,0
P89015,2
P89025,1
P89029,0
P91623,4
P91631,4
P92001,1
P92003,2
P92014,0
P92637,4
P92639,4
P92646,1
P92647,2
P92648,4
Y00026,1
Y00057,0
Y00078,4
Y00486,3
Y00568,0
Y00774,2
P84012,0
P84014,1
P84016,3
P84023,2
P84064,2
P84067,4
P84068,0
P84070,4
P84071,1
P84605,4
P84611,4
P84630,2
P86004,1
P86007,1
P86008,1
P86009,1
P86011,4
P86012,3
P86013,3
P87027,1
P87035,2
P87040,1
P87624,1
P87627,4
P87630,4
P87648,3
P88043,4
P88606,4
P88625,4
P89002,2
P89003,3
P89004,4
P89005,2
P91013,2
P91016,3
P91021,1
P91026,1
P92038,1
P92615,4
P92621,4
P92634,2
Y00278,0
Y00286,4
P83017,1
P83024,4
P83025,2
P83603,0
P83608,1
P83611,1
P83612,0
P84049,1
P84052,1
P85019,2
P85021,3
P85026,3
P85601,1
P85605,2
P85608,1
P85610,1
P85612,1
P87015,2
P87022,4
P87025,1
P87026,1
P88013,2
P88014,2
P88016,2
P88017,4
P88019,0
P88021,4
P88023,1
P88024,2
P88026,2
P89602,1
P89609,1
P89618,1
P91004,1
P91008,3
P91011,4
P92015,1
P92020,4
P92021,4
P92023,1
P92024,1
P92028,1
Y00140,4
Y00155,3
Y00184,3
Y00185,2
Y00200,1
Y00206,3
Y00228,0
Y01839,0
Y01929,0
Y01948,1
Y02212,3
Y02274,3
Y02684,1
Y02686,0
Y02692,3
Y02713,0
Y02718,1
Y02721,1
Y02736,2
Y02757,0
Y03035,2
Y03052,1
Y03063,1
Y03124,3
Y03222,4
Y03402,0
Y03595,1
Y03663,3
Y05364,1
Y05369,3
Y05622,3
Y05690,3
Y06356,3
Y06443,3
E87067,4
E87637,4
E87681,1
E87701,4
E87702,4
E87706,1
E87714,3
F81017,0
F81021,2
F81022,0
F81026,2
F81029,1
F81071,0
F81072,3
F81076,4
F81080,1
F81081,3
F81085,3
F81086,3
F81128,3
F81131,4
F81133,0
F81137,1
F81141,1
F81142,1
F81147,4
F81149,3
F81219,4
F81221,0
F81223,4
F81606,4
F81613,1
F81623,1
F81666,1
F81675,1
F81679,1
F81681,3
F81741,3
F81744,4
F81749,4
F81751,0
F82002,4
F82005,3
F82006,4
F82008,0
F82010,1
F82011,1
F82014,1
F82015,3
F82019,1
F82021,3
G82665,1
G82666,3
G82679,3
G82682,3
G82684,0
G82693,3
G82696,4
G82698,3
G82702,3
G82708,3
G82711,1
G82733,4
G83004,3
G83006,0
G83010,4
G83012,3
G83018,2
G83019,0
G83021,1
G83026,1
G83029,1
G83031,1
G83039,3
G83044,1
G83052,0
G83057,1
G84006,1
G84010,0
G84017,0
G84018,3
G84020,3
G84023,1
G84025,3
G84032,0
G84033,1
G84035,1
G84039,4
G84041,4
G85021,2
G85023,3
G85024,0
G85025,2
G85028,1
G85031,3
G85034,0
G85040,3
G85041,1
G85044,4
G85045,1
G85051,4
G85053,0
G85054,1
G85061,4
G85120,3
G85127,1
G85135,1
G85138,1
G85632,4
G85651,1
G85685,4
G85690,2
G85696,0
G85706,2
H81035,2
H81036,0
H81040,1
H81042,0
H81044,2
Y01652,4
Y01655,1
Y01756,4
Y02520,1
Y02575,0
Y02578,2
Y02586,3
Y02594,1
Y02611,2
Y02885,1
Y02890,1
Y02893,1
Y02900,3
Y02973,2
Y02974,1
Y02987,3
Y04995,3
Y05023,0
Y05212,2
Y05317,3
Y05318,0
Y05330,1
Y05349,0
E85103,3
E85108,1
E85111,1
E85113,4
E85114,1
E85118,4
E85681,1
E85693,0
E85712,3
E86042,4
E86605,4
E86610,3
E86612,0
F86028,3
F86034,3
F86040,3
F86044,2
F86057,1
F86060,0
F86062,3
F86064,1
F86085,4
F86086,3
F86607,2
F86616,4
F86621,1
F86626,1
F86637,3
F86638,4
F86644,0
F86652,3
F86698,1
F86700,1
F86705,1
F86707,3
F86708,1
F86731,4
G81001,1
G81002,1
G81004,3
G81014,1
G81016,1
G81018,1
G81022,3
G81028,3
G81030,3
G81031,3
G81034,2
G81036,4
G81037,3
G81038,1
G81039,1
G81044,4
G81046,1
G81051,4
G81054,4
G81055,3
G81073,1
G81074,3
G81075,3
G81077,3
G81083,1
G81085,1
G81086,1
G81089,4
G81099,1
G81100,3
G81102,0
G81613,3
G81646,4
G81663,1
G81669,1
G82031,0
G82032,1
G82037,4
G82039,0
G82046,0
G82048,3
G82053,4
G82056,3
G82058,3
G82059,1
G82066,0
G82067,1
G82069,0
G82071,4
G82076,3
G82087,3
G82092,1
G82097,0
G82099,0
G82105,1
G82115,3
G82119,1
G82120,1
G82165,1
G82184,4
G82211,0
G82215,4
G82217,3
G82226,1
G82228,3
G82631,1
G82647,0
G82650,4
G82652,4
Y00969,1
Y01050,4
Y01051,2
Y01090,4
Y01108,4
Y01132,4
Y02354,1
Y02423,4
Y02469,0
Y02510,3
Y02790,3
Y02842,1
Y02875,1
Y04266,1
Y04273,0
Y04662,3
Y04809,1
Y04884,0
Y04957,0
Y04965,3
Y06810,3
Y07014,0
Y07025,0
Y07059,0
Y07060,0
Y07275,1
F82025,1
F82027,3
F82028,3
F82038,3
F82045,1
F82051,3
F82055,4
F82607,4
F82609,4
F82610,1
F82612,3
F82619,1
F82624,1
F82625,1
F82627,3
F82642,3
F82648,1
F82661,1
F82670,4
F82678,1
F82679,1
F83003,4
F83005,2
F83034,1
F83039,1
F83042,4
F83044,2
F83048,3
F83050,4
F83052,4
F83053,1
F83055,2
F83058,4
F83059,2
F83063,0
F83615,4
F83635,3
F83652,0
F83658,1
F83664,2
F83665,2
F83666,3
F83671,1
F83673,4
F83674,1
F83680,4
F84003,2
F84004,0
F84008,0
F84009,0
F84038,0
F84050,0
F84052,1
F84055,1
F84060,4
F84069,2
F84077,2
F84083,3
F84087,0
F84088,1
F84092,0
F84093,0
F84096,2
F84097,1
F84105,1
F84115,4
F84118,0
F84119,0
F84122,0
F84123,3
F84124,2
F84601,2
F84621,1
F84656,0
F84666,0
F84668,3
F84669,3
F84672,2
F84677,1
F84686,1
F84694,4
F84710,0
F84724,0
F84730,3
F84733,4
F84741,0
F85002,3
F85004,3
F85008,3
F85014,1
F85017,4
F85019,3
F85032,1
F85034,1
F85039,3
F85046,1
F85058,1
F85063,4
F85064,1
F85067,2
F85072,1
F85615,1
F85623,1
F85634,0
F85640,4
F85642,3
F85663,0
F85669,1
F85675,1
F85676,0
F85682,2
F85688,2
F85697,4
F86001,2
F86004,3
F86005,3
F86006,1
F86007,1
F86012,1
F86018,3
F86022,0
F86023,1
M85721,1
M85730,1
M85735,3
M85736,0
M85739,1
M85783,2
M85794,3
M86027,1
M86034,3
M86039,1
M86040,4
M86044,4
M86046,4
M86612,4
M86627,1
M86633,1
M86638,4
M87001,3
M87003,2
M87024,1
M87025,3
M87026,4
M87027,0
M87030,1
M87601,3
M87602,1
M87617,1
M88004,3
M88009,3
M88639,1
M88646,1
M88647,1
M89002,3
M89003,3
M89005,1
M89007,1
M89009,1
M89010,2
M89012,3
M91018,1
M91026,3
M91028,2
M91032,0
M91033,4
M91609,1
M91611,1
M91616,0
M91619,1
M91623,0
M91624,2
M91626,1
M91628,1
M92026,1
M92039,0
M92040,0
M92041,4
M92612,0
M92627,4
M92629,1
M92630,4
M92654,0
N81002,2
N81006,1
N81007,2
N81010,1
N81032,1
N81033,4
N81034,4
P84637,4
P84639,1
P84645,3
P84665,4
P84673,2
P84683,2
N85037,4
N85038,3
N85044,1
N85046,4
N85047,2
N85048,1
N85054,2
N85059,1
N85620,4
N85633,4
N85643,4
N85648,4
P81008,4
P81013,1
P81014,3
P81015,1
P81017,1
P81018,2
P81022,4
P81025,3
P81027,2
P81035,1
P81039,1
P81043,4
P81046,4
P81055,4
P81057,3
P81063,0
P81066,1
P81072,0
P81074,4
P81076,1
P81077,0
P81082,1
P81084,4
P81086,1
P81088,3
P81092,4
P81095,3
P81099,1
P81107,1
P81115,1
P81119,1
P81123,3
P81127,1
P81128,1
P81129,1
P81133,1
P81138,4
P81140,1
P81149,1
P81150,4
P81166,3
P81171,4
P81179,1
P81184,4
P81201,1
P81212,1
P81646,1
P81714,4
P81721,4
P81726,1
P81732,4
P81742,4
P81770,1
P81780,1
P82001,1
P82002,0
P82030,1
P82033,4
P82036,4
P82616,3
P82625,1
P82627,4
P82629,4
P82633,1
P82634,1
P83004,3
P83006,3
P83007,1
N81036,4
N81038,4
N81039,2
N81043,1
N81044,3
N81045,3
N81046,1
N81047,3
N81050,3
N81053,0
N81054,1
N81056,3
N81057,1
N81059,1
N81063,1
N81064,3
N81066,0
N81067,0
N81071,1
N81072,3
N81074,4
N81077,2
N81079,1
N81084,0
N81085,2
N81087,0
N81089,1
N81090,2
N81092,1
N81097,1
N81101,1
N81107,4
N81108,0
N81109,2
N81111,1
N81113,1
N81120,1
N81121,1
N81125,4
N81607,1
N82014,1
N82022,3
N82024,3
N82034,1
N82039,1
N82067,3
N82079,4
N82081,4
N82082,4
N82083,0
N82084,1
N82087,4
N82089,3
N82094,3
N82097,3
N82101,3
N82104,4
N82106,4
N82108,4
N82109,3
N82113,3
N82115,1
N82116,4
N82117,0
N82617,1
N82645,1
N82651,3
N82662,3
N82663,4
N82668,1
N82671,3
N83001,1
N83006,4
N83008,1
N83010,4
N83018,3
N83019,4
N83020,3
N83021,3
N83024,3
N83027,4
N83030,4
N83031,3
N83035,1
N83043,1
N83047,4
N83049,2
N83050,1
N83053,1
N83601,4
N83605,1
N83608,3
N83619,4
N83620,4
N83621,1
N83622,4
N83633,4
N84018,1
N84020,3
N84021,3
N84025,1
N84029,3
N84035,3
N84041,1
N84617,1
N84625,1
N84626,3
N85007,0
N85008,2
N85015,2
N85016,4
N85021,1
N85023,4
N85025,1
N85027,3
N85028,4
Y02627,0
Y02639,3
Y02657,1
Y02663,3
Y02669,1
Y02672,1
C88038,1
Y01057,1
M85006,2
M85007,1
M85011,0
M85019,0
M85020,3
M85021,4
M85077,3
M85078,0
M85079,2
M85081,0
M85086,2
M85094,1
M85097,4
M85098,4
M85107,4
M85711,1
M85715,3
M85717,3
A81042,4
A81044,3
A81046,1
A81049,4
A81053,1
A82038,1
A82046,4
A82047,0
A82062,3
A82064,1
A83025,1
A83026,1
A83027,4
A83030,4
A83033,1
A83034,4
A83036,3
A83627,4
A83634,4
A83636,1
A83637,4
A83641,4
A84006,0
A85006,1
A85007,4
A85009,1
A85011,1
A85016,1
A85019,1
A85020,4
A85024,4
A85026,4
A86038,1
A86601,1
A87004,1
A87007,1
A87008,4
A89005,4
A89009,1
A89010,0
A89016,4
A89017,2
A89018,1
A89021,4
B81017,3
B81018,1
B81026,3
B81030,1
B81036,2
A82018,2
A82020,3
A82023,1
A82024,1
A82025,4
A82026,1
A82028,2
A82030,4
A82031,4
B82030,4
B82032,4
B82033,4
B82042,1
B82044,4
B82045,4
B82046,4
C81101,4
C81106,2
C81114,3
C81118,3
C81604,4
C81611,1
C81615,4
C81634,4
C81640,4
C86038,1
C86605,3
C86614,3
C86616,3
C86626,4
C87004,4
C87007,1
E81074,1
E81076,2
E81631,3
E81632,3
E82004,3
E82005,0
E82006,0
E86618,1
E86619,2
E86625,3
E86632,0
E86640,4
E87002,3
E87003,4
E87006,1
E87009,1
F84012,0
F84013,1
F84014,0
F84015,4
F84018,2
F84025,3
F84031,0
F84034,0
F84035,4
F84036,1
G82126,1
G82129,4
G82135,0
G82138,1
G82140,1
G82141,1
G82142,0
G82147,1
G82150,3
G82154,4
G82155,0
A81022,1
A81023,1
A81025,3
A81026,0
A81030,0
A81032,4
A81034,1
A81035,3
A81036,0
A81629,4
A81631,1
A82003,0
A82004,4
A82005,4
A82007,1
A82009,0
A82012,1
A82013,4
A82014,4
A82016,0
A83005,0
A83008,1
A83009,1
A83010,1
A83012,1
A83014,1
A83016,1
A83018,1
A83021,1
A83022,1
A83060,4
A83070,4
A83072,4
A83074,1
A83075,4
A83618,4
A83626,4
A84036,0
A84038,4
A84040,4
A84044,0
A84045,1
A85005,1
A86018,2
A86021,1
A86022,3
A86024,1
A86028,1
A86029,0
A86030,1
A88009,4
A88010,4
A88014,4
A88015,1
A88016,4
A88023,1
A88601,4
A89002,4
B81003,1
B81004,4
B81006,3
B81007,1
B81008,2
B81009,0
B81011,1
B81012,4
B81015,1
A81001,1
A81004,2
A81005,1
A81007,1
A81009,0
A81012,1
A81013,4
A81014,4
A81016,3
A81018,4
A81063,1
A81064,2
A81066,4
A81608,4
A81610,3
A81618,1
A82072,3
A82617,4
A82629,1
A82650,4
A82651,4
A82654,4
A83001,1
A83003,1
A83040,4
A83041,4
A83043,4
A83044,4
A83046,1
A83050,1
A83051,4
A83057,1
A84016,4
A84020,0
A84022,0
A84026,4
A84031,2
A84035,4
A85611,1
A86004,3
A86006,4
A86008,1
A86010,2
A86011,1
A86013,1
A86016,1
A88002,1
A88003,1
A88005,2
A89024,4
A89034,4
A89040,4
A89041,4
B81101,2
B81104,1
B81108,4
B81109,3
B81112,1
B81113,4
B81118,1
B81606,1
B82054,1
B82064,1
B82066,1
B82067,4
B82069,4
B82071,1
B83015,1
B83019,4
B83022,4
B83029,1
B83031,1
B83032,1
B83034,3
B83035,3
B83037,1
B83661,1
B84008,2
B84010,3
B84011,1
B84012,3
B84021,1
B85036,1
B85042,1
B85051,0
B85054,1
B85055,1
B85059,4
B85060,2
B85061,4
B86020,1
B86022,0
B86024,1
B86025,4
B86032,0
B86034,4
B86093,1
B86096,4
B86101,1
B86103,1
B86108,3
B86109,4
B86642,1
B87030,0
B87036,1
B87044,1
C81001,1
C81002,2
C81004,3
H82011,2
H82014,0
H82017,1
H82021,1
H82022,0
H82025,1
H82027,1
H82030,4
J82144,0
J82145,3
J82147,2
J82150,3
J82151,4
J82154,3
J82157,0
J82174,0
J82178,4
L81007,0
L81009,4
L81013,3
L81015,0
L81018,2
L81019,0
L81020,3
L81022,1
L81024,2
M81020,4
M81021,1
M81024,4
M81025,4
M81029,4
M81037,4
M81039,2
M85154,3
M85164,3
M85171,3
M85174,3
M85175,1
M85178,3
M85179,1
N81624,4
N81626,4
N81628,2
N81632,4
N81637,4
N81642,4
N81645,0
N82002,3
N82004,1
N82009,1
P82003,4
P82005,3
P82008,1
P82009,4
P82012,1
P82015,0
P82016,1
P82020,1
Y00297,0
Y00344,4
Y00347,4
Y00403,3
Y00445,1
Y00469,1
Y00471,1
B81068,4
B81074,3
B81088,1
B81092,1
B81099,4
B82012,1
B82013,1
B82017,1
B82018,4
B82019,4
B82022,4
B82024,3
B82100,4
B82619,4
B82622,4
B82628,4
B83009,1
B83010,0
B83012,1
B83014,1
B83614,1
B83622,1
B83624,2
B83653,3
B83659,1
B85016,1
B85018,4
B85019,4
B85022,4
B85025,1
B85026,2
B85030,4
B85031,4
B85655,4
B85660,4
B86003,3
B86004,4
B86006,2
B86008,0
B86010,1
B86013,0
B86059,1
B86060,2
B86066,1
B86071,0
B86075,0
B86081,3
B87008,1
B87012,1
B87015,1
B87016,1
B87018,1
B87019,1
B87022,1
B81038,1
B81041,4
B81042,4
B81045,2
B81047,4
B81048,3
B81051,4
B81054,1
B81061,2
B81653,0
B81656,1
B81663,3
B81697,4
B82002,4
B82072,4
B82073,1
B82075,4
B82077,4
B82080,0
B82083,0
B82086,4
B82088,0
B82098,1
B83051,1
B83052,3
B83055,3
B83062,3
B83063,1
B83067,1
B85001,1
B85002,4
B85005,4
B85006,4
B85009,1
B85015,1
B85612,4
B85623,0
B85640,1
B85641,0
B85652,3
B86038,3
B86042,0
B86044,1
B86049,4
B86050,3
B86052,4
B86055,0
B86672,4
B86675,4
B86678,4
B87001,1
B87002,0
B87005,1
B87006,3
B87007,4
C81041,2
C81048,1
C81050,1
C81051,3
C81054,3
C81055,1
C81056,1
C81057,4
C81647,1
C81652,1
C81658,4
C82002,2
C82003,1
C82007,1
C82047,4
C82048,4
C82050,3
C82053,3
C82055,1
C82056,1
C82059,3
C82062,1
C82063,3
C82114,4
C82120,4
C82124,0
C82611,4
C82624,3
C82628,1
C83019,3
C83022,4
C83023,0
C83025,1
C83026,3
C83027,0
C83028,4
C83029,3
C83030,2
C83072,2
C83078,2
C83079,2
C83082,4
C83085,3
C83614,1
C83634,2
C84036,1
C84037,0
C84043,3
C84044,1
C84046,3
C84047,1
C84049,1
C84059,1
C84120,1
C84123,1
C84131,4
C84136,3
C84142,4
C84144,4
C84151,1
C84613,3
C82011,1
C82012,1
C82017,1
C82019,1
C82025,1
C82026,1
C82027,3
C87010,4
C87012,1
C87013,1
C87016,3
C87017,3
C87018,1
E81049,1
E81052,1
E81057,3
E81060,1
E85750,4
E86004,3
E86005,1
E86007,0
E86009,1
E86012,0
E86014,4
E86015,1
F83006,1
F83007,1
F83008,1
F83011,4
F83018,1
F83020,2
F83022,1
F83023,0
F83032,0
G81694,4
G82002,1
G82018,3
G82019,2
G82022,2
G82024,0
C81037,1
C81075,1
C81082,4
C81084,0
C81091,3
C81092,4
C81094,4
C81095,1
C81096,3
C82032,3
C82034,4
C82037,1
C82039,3
C82040,4
C82042,1
C82043,1
C82095,1
C82096,0
C82097,4
C82099,3
C82100,1
C82103,3
C83001,1
C83002,1
C83005,1
C83052,2
C83054,2
C83055,4
C83058,4
C83059,1
C83060,0
C83063,1
C83065,2
C83067,2
C84016,3
C84017,1
C84023,2
C84024,0
C84032,3
C84084,1
C84086,4
C84094,0
C84101,1
C84107,3
C84113,1
C84115,4
C81008,3
C81012,1
C81013,4
C81016,4
C81020,1
C81022,4
C81058,1
C81060,3
C81063,2
C81064,1
C81065,1
C82066,1
C82070,3
C82072,4
C82075,1
C82078,0
C82080,1
C82082,1
C82650,4
C82653,3
C83036,1
C83038,0
C83039,4
C83048,2
C83641,1
C83649,4
C83650,1
C84001,0
C84004,3
C84005,2
C84012,1
C84013,1
C84014,1
C84060,3
C84065,4
C84066,3
C84072,0
C84077,4
C85007,0
C85010,0
C85014,1
C85017,3
C85022,3
C85023,1
C85024,3
C85030,3
C87024,1
C87029,1
C87030,1
C87603,1
C88036,2
C88041,2
C88043,1
C88044,2
C88052,2
C88053,4
C88054,3
D81001,2
D81011,1
D81012,1
D81013,2
D81016,1
D81018,3
D81060,2
D81066,1
D81070,2
D81082,4
D81084,1
D81086,1
D82018,1
D82022,1
D82023,3
D82024,3
D82025,4
D82027,1
D82029,1
D82031,2
D82034,0
D82071,3
D82072,4
D82073,0
D82076,4
D82079,2
D82080,4
D82085,4
D82088,4
D82099,0
D83033,4
D83034,4
D83035,4
D83037,4
D83038,1
D83043,4
D83047,2
H81016,4
H81019,0
H81025,2
H81028,2
J81046,1
J81056,0
J81057,4
J81058,4
J81059,3
J81061,1
J81064,4
J81066,4
J81067,4
K82057,1
K82059,2
K82064,1
K82065,0
K82066,2
K82070,1
K82610,0
L83100,0
L83113,0
L83115,2
L83116,2
L83120,4
L83127,1
L83128,1
L83129,4
M83123,4
M83130,4
M83132,1
M83138,4
M83140,4
M83141,1
M83143,4
M83148,1
M83608,4
M88041,3
M88043,1
M88600,1
M88618,1
M88619,3
M88625,1
M88628,3
M88633,3
N84005,1
N84007,1
N84008,4
N84010,1
N84011,3
N84014,4
N84016,3
G82229,0
G82600,4
G82604,4
G82737,0
G82741,3
G82744,0
G82753,1
G82763,1
G82768,0
G82790,1
G82796,1
G82802,1
G82888,3
G83001,1
G83066,0
G83067,1
G83630,0
G83633,1
G83641,4
G83642,0
G83654,3
G83673,4
G84001,0
G84604,4
G84624,3
G84625,2
G84627,1
G84629,1
G85001,0
G85002,3
G85004,0
G85011,1
G85014,0
G85073,1
G85076,0
G85084,3
G85085,0
G85086,4
G85087,0
G85091,4
G85102,2
G85114,0
G85711,1
G85715,3
G85721,4
H81003,2
H81009,0
H81082,0
H81086,1
H81090,2
H81091,4
H81094,0
H81099,2
H81103,0
H81109,2
H81110,4
H82031,2
H82032,4
H82034,3
H82035,0
H82037,1
H82039,1
H82040,0
H82042,1
H82045,3
H82096,3
H82100,3
H82615,1
H82640,2
H83001,0
H83005,4
H83011,3
H83012,0
H83627,4
H84006,2
H84010,2
H84014,4
H84015,2
H84016,0
H84017,1
H85003,1
H85009,0
H85012,2
H85018,1
H85021,1
H85024,1
H85100,0
H85105,4
H85111,2
H85116,3
H85634,3
H85637,4
J81029,4
J81030,4
J81033,0
J81036,1
J81041,4
J81042,3
J81647,4
J81648,4
J82001,1
J82007,4
J82009,1
J82012,2
J82016,4
J82018,0
J82020,1
H81066,2
H81069,1
H81071,2
H81073,0
H81074,4
H81075,0
H81077,2
H81078,0
H81080,1
H81081,0
H81632,2
H81638,1
H81642,0
H81643,2
H81644,2
H81656,1
H82003,2
H82004,1
H82005,2
H82064,0
H82065,1
H82066,0
H82072,0
H82077,0
H82078,3
H82084,1
H82087,4
H82089,1
H83037,1
H83039,4
H83049,1
H83051,3
H83609,4
H84054,4
H84055,1
H84062,2
H84618,4
H84619,2
H84625,1
H84639,1
H85001,2
H85002,0
H85055,1
H85066,2
H85069,2
H85076,4
H85078,1
H85082,0
H85088,4
J81013,4
J81017,4
J81019,0
J81022,1
J81027,2
J81077,4
J81078,2
J81081,0
J81082,4
J81087,4
J81609,4
J81612,4
J81616,4
J81631,1
H81047,1
H81048,2
H81053,4
H81055,1
H81057,0
H81058,4
H81064,0
H81065,0
H81111,4
H81116,4
H81122,3
H81123,0
H81129,2
H81130,4
H81133,3
H81615,0
H82048,1
H82050,2
H82052,1
H82053,1
H82056,4
H82057,2
H82060,4
H82063,1
H83013,4
H83017,1
H83021,3
H83023,3
H83028,4
H83029,4
H83030,1
H84027,2
H84031,1
H84033,4
H84039,4
H84040,2
H84050,2
H85028,1
H85029,1
H85048,0
H85649,3
H85653,2
H85680,0
H85693,0
J81072,0
J81073,4
J81076,2
J82071,4
J82074,1
J82081,3
J82082,1
J82083,0
J82085,0
J82087,4
J82181,3
J82184,2
J82194,0
J82198,2
J82201,4
J82207,4
J82210,2
J82216,1
J82218,0
J83027,3
J83030,1
J83033,3
J83034,4
J83037,1
J83039,3
J83041,1
J83042,4
J83043,1
J83045,4
J84012,1
J84019,1
K81001,0
K81012,2
K81018,1
K81069,1
K81070,2
K81075,3
K81077,1
K81082,1
K81084,2
K81086,3
K82013,4
K82017,4
K82019,3
K82023,2
K82024,1
K82027,3
K82030,3
K82617,4
K83003,3
K83006,3
K83055,1
K83059,1
K83064,4
K83065,0
K83069,1
K83076,0
J82054,4
J82055,3
J82056,3
J82058,3
J82059,4
J82060,0
J82061,2
J82062,4
J82066,1
J82067,1
J82069,3
J82122,3
J82126,1
J82129,1
J82132,1
J82134,0
J82136,2
J82142,1
J83007,0
J83009,3
J83010,2
J83011,2
J83625,4
J83633,1
J84003,1
J84005,2
J84007,4
J84008,1
K81043,1
K81047,0
K81048,1
K81050,1
K81055,1
K81651,2
K81655,2
K81656,1
K82001,2
K82003,3
K82004,0
K82006,0
K82007,0
K82009,2
K82010,3
K82011,2
K82012,1
K82054,3
K83031,4
K83032,0
K83036,0
K83041,3
K83042,1
J82021,0
J82024,0
J82025,4
J82026,1
J82028,0
J82033,3
J82039,2
J82094,0
J82098,1
J82104,0
J82106,1
J82115,1
J82625,4
J82640,1
J82669,3
J83001,3
J83002,1
J83003,2
J83005,0
J83052,1
J83055,3
J83056,1
J83057,1
J83059,1
J83601,4
J83609,4
K81019,1
K81020,1
K81021,1
K81022,3
K81028,0
K81036,1
K81041,4
K81097,1
K81103,4
K81616,1
K81633,3
K82032,0
K82039,3
K82046,4
K82049,1
K83014,1
K83017,4
K83021,2
K83022,2
K83025,0
K83026,0
K84024,3
K84028,0
K84030,1
K84031,0
K84032,1
K84037,4
K84038,0
K84041,1
K84042,1
K84043,0
L81025,2
L81026,0
L81027,4
L81029,4
L81031,3
L81033,0
L81034,4
L81038,3
L81040,2
L81087,1
L81098,4
L81103,1
L81123,1
L81125,2
L81130,1
L81131,1
L82030,0
L82035,4
L82036,1
L82038,4
L82042,2
L82043,4
L82046,0
L82048,1
L82051,4
L83023,4
L83024,4
L83029,1
L83030,1
L83031,2
L83034,0
L83035,1
L83038,4
L83040,4
L83086,4
L83087,2
L83096,1
L83097,3
L84003,4
L84004,2
L84005,4
L84006,4
L84007,4
L84009,1
L84011,1
L84014,1
L84015,1
L84058,2
L84059,1
L84060,1
L84063,4
L84065,0
L84067,1
L84068,4
L84072,4
L84084,0
K84006,2
K84007,1
K84009,2
K84011,0
K84012,4
K84015,4
K84019,0
K84021,4
K84065,4
K84075,3
K84078,4
K84079,2
K84080,1
K84082,1
K84605,4
K84613,3
K84624,0
L81004,2
L81068,1
L81070,2
L81078,1
L81082,2
L81084,1
L82007,3
L82010,0
L82011,4
L82012,1
L82015,4
L82016,2
L82023,0
L82028,2
L83005,1
L83008,0
L83010,4
L83011,4
L83013,1
L83015,0
L83016,0
L83064,2
L83066,0
L83067,1
L83069,3
L83072,0
L83076,2
L83082,4
L83083,0
L83143,1
L83148,4
L83607,1
L83624,0
L83628,4
L83639,4
L83646,2
L84037,1
L84038,4
L84045,1
L84046,3
L84047,3
L84048,3
L84049,1
L84050,0
L84052,1
L84053,1
K83080,3
K83081,3
K83616,1
K83618,2
K83620,2
K83622,3
K84003,4
K84004,1
K84044,2
K84050,4
K84051,2
K84052,2
K84055,2
K84058,4
K84062,1
L81051,0
L81053,3
L81062,1
L81642,4
L81643,2
L81670,0
L82001,1
L82003,2
L82006,2
L82052,2
L82057,4
L82059,4
L82068,2
L83043,1
L83044,4
L83045,2
L83046,1
L83050,4
L83056,1
L83057,2
L83058,1
L83059,2
L83134,4
L84021,1
L84023,2
L84026,1
L84028,1
L84031,4
L84033,3
L85032,2
L85034,1
L85038,2
L85039,1
L85044,2
M81040,2
M81041,4
M81045,4
M81049,1
M81054,1
M81057,2
M81061,4
M82002,1
M82004,3
M82006,0
M82008,4
M82011,3
M82012,3
M83004,2
M83005,4
M83007,1
M83009,3
M83012,1
M83016,4
M83017,4
M83018,1
M83062,3
M83063,4
M83066,2
M83068,1
M83071,2
M83072,3
M83074,4
M83616,4
M83625,1
M83627,3
M83632,4
M83637,1
M84006,1
M84007,3
M84009,4
M84010,0
M84011,0
M84013,1
M84014,4
M84017,1
M84018,1
M84021,4
M84066,2
M84069,4
M84615,1
M84616,4
M84620,4
M84627,1
M84629,4
L85015,0
L85016,0
L85018,4
L85019,3
L85021,4
L85022,3
L85024,2
L85025,4
L85030,3
L85031,2
M81002,0
M81004,1
M81007,4
M81008,1
M81010,2
M81015,1
M81016,1
M81017,1
M81091,3
M81092,3
M81600,4
M81608,4
M81629,1
M82040,4
M82041,4
M82042,3
M82043,4
M82047,3
M82048,1
M82051,1
M82058,4
M82059,4
M82060,4
M82606,1
M83042,1
M83048,1
M83049,0
M83052,1
M83054,2
M83109,1
M83113,1
M83117,3
M83711,1
M83719,1
M83723,1
M84001,1
M84002,4
M84004,2
M84041,1
M84043,2
M84044,4
M84047,4
M84049,4
M84050,2
M84051,1
M84055,1
M84061,4
M84063,1
M84064,1
L85001,4
L85008,0
L85012,0
L85013,4
L85014,2
L85051,3
L85052,4
L85053,2
L85054,4
L85055,1
L85062,4
L85609,4
M81064,4
M81067,4
M81072,1
M81075,2
M81076,2
M81081,4
M82022,1
M82023,4
M82024,4
M82025,0
M82035,2
M82038,0
M82039,0
M83020,1
M83026,3
M83027,3
M83033,1
M83084,4
M83088,1
M83089,1
M83090,4
M83096,1
M83102,4
M83107,1
M83108,1
M83640,4
M83661,3
M83680,4
M83682,1
M83698,1
M84022,1
M84026,4
M84029,4
M84030,2
M84031,4
M84032,4
M84035,2
M85055,0
M85056,1
M85058,3
M85062,1
M85063,3
M85066,1
M85076,3
M85600,2
M85634,0
M85670,1
M85686,4
M85693,1
M85694,1
M85697,1
M85699,3
M86002,3
M86006,1
M86007,1
M86008,3
M86009,1
M86010,3
M86012,2
M86014,4
M86015,1
M86018,1
M86019,1
M87005,2
M87006,4
M87009,2
M87010,2
M87011,3
M87014,3
M87015,1
M87016,3
M87017,3
M87018,4
M87019,3
M87020,1
M87021,4
M88013,3
M88014,3
M88015,3
M88021,3
M88022,3
M88026,1
M88030,1
M88035,3
M89016,1
M89021,4
M89024,1
M89026,1
M91003,1
M91004,3
M91006,4
M91010,1
M91637,3
M91640,3
M91641,4
M91654,1
M92008,1
N81013,1
N81016,0
N81018,4
N81019,2
N81025,2
N81028,0
N81029,4
M85027,0
M85033,3
M85035,2
M85041,2
M85043,4
M85047,1
M85048,1
M85110,3
M85113,1
M85116,3
M85117,4
M85118,1
M85124,3
M85136,1
M85757,3
M85778,1
M85779,1
C84624,1
C84654,1
C84656,4
C84660,4
C84667,4
C84676,3
C84679,1
C85614,4
C85619,1
C85622,4
C85623,4
C86001,0
C86002,3
C86003,1
C86009,1
C87604,4
C88007,1
C88059,4
C88062,4
D82066,1
D82067,4
D82068,1
D83020,1
D83023,3
C85005,3
C86037,3
C88025,2
C88026,0
C88027,0
C88028,4
C88030,1
C88031,2
C88034,4
C88035,2
C88092,4
C88622,4
C88627,2
C88652,4
D81043,1
D81044,0
D81045,2
D81052,1
D81054,2
D81055,1
D81057,3
D82004,1
D82006,4
D82008,1
D82010,4
D82015,3
D82050,1
D82064,0
D83009,0
D83011,0
D83016,4
C84691,0
C84692,4
C84694,4
C84695,2
C84704,4
C84705,1
C85004,1
C86011,1
C86015,3
C86018,3
C86023,1
C86025,4
C86026,1
C88009,0
C88015,2
C88018,1
C88021,1
C88023,0
C88074,1
C88076,1
C88077,1
C88079,1
C88084,1
C88087,1
D81029,1
D81033,4
D81034,2
D81035,1
D81036,1
D81041,4
D81607,4
D81612,4
D81618,1
D81625,2
D81633,1
D82038,4
D82041,2
D82042,3
D82043,1
D82046,4
D82624,1
D83001,1
D83079,2
D83084,0
D83608,4
E81003,0
E81008,1
E82013,2
E82060,0
E82068,1
E82069,1
E82073,2
E82075,1
E82129,2
E82133,1
E82626,3
E82643,4
E82657,4
E82661,3
E83006,0
E83007,0
E83050,1
E83600,4
E83621,0
E83638,1
E83639,0
E83649,4
E83653,1
E83668,1
E84003,1
E84004,3
E84005,1
E84053,1
E84057,0
E84062,1
E84063,1
E84067,3
E84069,2
E84070,1
E84075,1
E84704,4
E85001,1
E85004,1
E85012,3
E85015,1
E85016,1
E85060,4
E85061,1
E85064,4
E85066,4
E85069,4
D83057,4
D83059,1
D83060,1
D83067,2
D83069,4
D83073,4
D83075,1
D83076,4
E81030,3
E81032,0
E81033,0
E81034,0
E81037,0
E81038,3
E81040,1
E81043,0
E82037,0
E82038,1
E82040,0
E82041,1
E82050,1
E82051,0
E82053,3
E82055,1
E82058,1
E82094,4
E82099,0
E82102,0
E82106,1
E82113,1
E82115,3
E82121,4
E82123,0
E83026,3
E83028,1
E83030,0
E83031,1
E83034,0
E83035,0
E83041,0
E83044,2
E83046,3
E84024,0
E84028,2
E84030,1
E84033,0
E84036,1
E84042,1
E84044,2
E84656,1
E84665,3
E84680,1
E84685,3
E85042,4
E85045,1
E85048,1
E85049,3
E85051,4
E85053,1
D83049,4
D83053,4
D83055,2
E81018,3
E81025,3
E81028,0
E81029,4
E82014,0
E82015,3
E82017,1
E82018,3
E82020,1
E82022,1
E82027,1
E82032,0
E82035,0
E82081,1
E82082,3
E82083,1
E82088,2
E82090,0
E83010,0
E83011,0
E83020,0
E83025,1
E84011,3
E84012,4
E84013,2
E84014,2
E84015,0
E84020,1
E84078,4
E84080,4
E84086,1
E84620,0
E84626,4
E85024,1
E85025,1
E85026,1
E85030,1
E85034,0
E85035,4
E85038,4
E85623,1
E85628,3
E85633,0
E85640,1
E85649,1
E85656,3
E85663,1
E86018,0
E86019,3
E86022,1
E86024,4
E86028,1
E86038,4
E86041,3
E87038,4
E87045,1
E87047,3
E87061,4
E87065,4
E87762,4
F81003,3
F81009,3
F81011,1
F81012,1
F81047,2
F81066,1
F81068,0
F81106,0
F81108,0
F81114,1
F81117,0
F81119,0
F81121,0
F81122,0
F81183,4
F81184,3
F81193,1
F81205,4
F81206,1
F81711,3
F81716,1
F81725,1
F81730,4
F81737,4
F81739,1
F81740,1
E85120,0
E85124,0
E85130,1
E85713,2
E85716,1
E85719,2
E85735,4
E85743,1
E85744,0
E87011,2
E87013,4
E87016,4
E87733,1
E87737,1
E87739,2
E87741,4
F81031,3
F81032,1
F81034,4
F81036,3
F81042,1
F81043,3
F81044,1
F81046,1
F81096,1
F81100,0
F81155,1
F81158,1
F81159,1
F81169,2
F81170,1
F81176,4
F81177,1
F81652,4
P81160,1
P81165,1
P81664,1
P81685,1
P81686,4
P81687,4
P81694,3
P81701,4
P81704,3
P81707,1
P81709,4
P82023,1
P82029,4
P84024,1
P84025,4
P84026,3
P84027,1
P84029,0
P84033,1
P84034,2
P84035,2
P84038,2
P84689,0
P85002,1
P85003,3
P85007,1
P85013,0
P85014,0
P85017,1
P86015,1
P86018,4
P86021,4
P86602,4
P86609,3
P86614,1
P87654,2
P87657,4
P88002,4
P88007,2
P88008,4
P88009,4
P88012,2
P89010,3
P89011,3
P89016,0
P89018,0
P89020,3
P89021,2
P89022,1
P89023,4
P89026,4
P91627,3
P92002,1
P92004,0
P92006,4
P92007,2
P92008,2
P92010,0
P92011,2
P92012,4
P92651,1
Y00020,4
Y00033,0
Y00050,4
Y00507,2
Y00560,2
Y00612,3
Y00726,1
Y00902,1
Y00918,3
P83623,0
P84004,1
P84009,0
P84017,0
P84018,4
P84019,1
P84020,2
P84021,1
P84022,3
P84061,1
P84065,4
P84066,1
P84072,2
P84074,1
P84635,2
P85615,0
P86001,4
P86005,1
P86006,1
P86010,1
P87032,2
P87610,0
P87620,3
P87634,0
P87639,4
P88041,4
P88042,1
P88044,4
P88623,4
P88632,2
P89006,0
P89007,4
P91012,2
P91014,2
P91017,2
P91018,0
P91019,1
P91020,0
P91029,2
P91035,4
P91603,1
P91604,3
P92034,2
P92041,1
P92042,0
P92602,4
P92605,0
P92607,4
P92626,2
P92630,1
P92633,1
P92635,1
P83015,1
P83021,3
P83605,3
P83620,4
P83621,1
P84041,1
P84042,0
P84043,0
P84045,2
P84046,3
P84047,3
P84048,2
P84051,4
P84054,1
P84056,0
P85018,1
P85020,3
P85022,0
P85606,4
P86620,4
P87002,3
P87004,2
P87008,2
P87016,2
P87017,4
P87019,1
P87024,2
P88015,2
P88018,1
P88020,0
P88025,2
P88031,2
P89030,3
P89612,4
P89613,1
P91003,1
P91006,2
P91007,4
P91009,1
P92017,2
P92019,2
P92026,0
P92029,0
P92030,2
P92031,1
P92033,3
Y00080,1
Y00090,3
Y00159,3
Y00252,4
Y00265,3
Y01922,4
Y01964,3
Y02117,3
Y02177,3
Y02319,3
Y02322,1
Y02707,2
Y02753,1
Y03023,0
Y03049,2
Y03079,1
Y03135,1
Y03366,1
Y03441,3
Y03597,1
Y03602,4
Y06218,0
E87070,1
E87609,2
E87648,4
E87663,4
F81014,0
F81019,0
F81020,4
F81023,3
F81025,4
F81027,0
F81028,3
F81069,4
F81078,0
F81087,1
F81088,1
F81134,3
F81136,3
F81144,2
F81216,1
F81222,1
F81618,1
F81619,1
F81632,1
F81633,2
F81665,1
F81669,0
F81674,1
F81683,1
F81690,4
F81757,1
F82003,1
F82007,3
F82009,1
F82013,4
F82016,3
F82017,3
F82018,3
G82658,1
G82700,1
G82719,3
G82721,4
G82730,2
G83009,0
G83013,2
G83015,1
G83016,0
G83025,3
G83027,0
G83028,3
G83030,1
G83033,1
G83049,2
G83053,1
G83058,1
G83060,1
G84002,0
G84003,1
G84004,0
G84005,4
G84007,3
G84008,4
G84009,1
G84011,2
G84013,0
G84015,3
G84016,0
G84019,0
G84024,3
G84027,0
G84028,1
G84029,1
G84030,1
G84040,0
G85016,4
G85020,1
G85022,1
G85026,1
G85029,3
G85030,3
G85032,1
G85038,3
G85039,1
G85042,4
G85046,4
G85057,1
G85121,1
G85123,1
G85130,0
G85132,0
G85134,1
G85136,4
G85137,2
G85633,2
G85642,1
G85644,0
G85647,1
G85662,1
G85673,1
G85674,4
G85695,1
G85698,0
H81030,2
H81032,0
H81033,2
H81034,0
H81038,3
H81039,0
H81041,0
H81043,2
Y01206,1
Y01221,1
Y01280,1
Y01281,4
Y01291,1
Y01695,1
Y01719,1
Y01794,1
Y02519,3
Y02567,0
Y02571,2
Y02589,1
Y02605,3
Y02606,3
Y02622,0
Y02886,1
Y02906,3
Y02928,3
Y02933,1
Y02936,3
Y02946,4
Y02960,2
Y05080,1
Y05167,3
Y05248,1
Y05286,3
Y05363,4
E85098,3
E85099,1
E85109,1
E85116,1
E85682,3
E85683,1
E85685,2
E85694,1
E85696,1
E85699,1
E85708,1
E86609,1
F86025,0
F86026,0
F86030,1
F86032,1
F86036,3
F86038,0
F86045,4
F86058,0
F86066,1
F86074,3
F86078,3
F86081,4
F86082,3
F86083,3
F86087,3
F86088,1
F86612,1
F86627,1
F86641,1
F86657,1
F86658,1
F86666,0
F86689,1
F86701,1
F86702,3
F86712,1
G81006,4
G81008,3
G81011,3
G81012,3
G81019,1
G81023,4
G81024,1
G81029,0
G81032,3
G81040,4
G81042,1
G81043,3
G81047,1
G81048,4
G81049,3
G81050,1
G81052,1
G81057,1
G81059,3
G81065,1
G81070,1
G81071,2
G81076,3
G81082,4
G81087,4
G81088,1
G81095,3
G81096,4
G81098,1
G81104,1
G81614,4
G81634,4
G81638,0
G81641,4
G81658,3
G82026,3
G82027,1
G82028,0
G82035,3
G82036,3
G82038,0
G82041,0
G82042,4
G82044,0
G82050,3
G82051,0
G82052,0
G82055,4
G82057,3
G82063,1
G82073,2
G82074,2
G82077,3
G82079,4
G82080,0
G82082,1
G82083,0
G82085,3
G82086,3
G82089,3
G82090,1
G82091,0
G82093,3
G82094,1
G82095,3
G82098,1
G82100,3
G82106,1
G82107,1
G82108,1
G82110,4
G82111,1
G82113,3
G82114,3
G82117,1
G82118,1
G82121,3
G82122,3
G82160,2
G82161,0
G82162,1
G82164,1
G82180,4
G82185,0
G82186,4
G82200,0
G82203,3
G82205,1
G82212,1
G82218,0
G82219,1
G82224,4
G82227,2
G82635,4
G82648,1
Y00999,0
Y01008,0
Y01011,3
Y01066,0
Y01068,1
Y01118,1
Y01127,2
Y02325,3
Y02342,1
Y02463,3
Y02466,4
Y02476,3
Y02494,3
Y02517,2
Y02767,3
Y02769,3
Y02794,1
Y02807,2
Y02827,3
Y02847,3
Y02849,0
Y02867,1
Y03664,0
Y04664,1
Y04882,0
Y04925,0
Y04969,0
Y04977,1
Y07057,0
F82031,4
F82033,4
F82034,3
F82039,1
F82040,3
F82042,3
F82604,1
F82630,1
F82634,2
F82647,1
F82650,1
F82671,1
F82674,4
F82675,1
F82677,4
F82680,1
F83002,1
F83045,4
F83057,4
F83061,4
F83623,0
F83624,2
F83632,0
F83633,4
F83660,3
F83678,4
F83681,0
F83683,3
F84006,0
F84039,3
F84044,2
F84047,0
F84051,2
F84054,1
F84062,3
F84063,1
F84072,2
F84074,3
F84079,4
F84080,1
F84081,3
F84086,1
F84114,3
F84117,2
F84121,0
F84619,4
F84620,1
F84632,3
F84635,4
F84640,0
F84641,1
F84642,3
F84647,1
F84658,1
F84660,2
F84670,1
F84681,2
F84692,1
F84696,2
F84698,1
F84716,4
F84717,2
F84718,0
F84719,4
F84720,1
F84729,0
F84731,4
F84735,4
F84739,2
F84740,4
F84747,0
F84749,3
F85007,0
F85010,0
F85013,0
F85016,1
F85020,2
F85023,0
F85025,0
F85029,0
F85031,3
F85033,4
F85035,3
F85044,1
F85060,1
F85061,1
F85065,1
F85066,2
F85071,1
F85625,1
F85628,1
F85650,0
F85666,2
F85678,4
F85687,3
F85700,3
F85701,3
F85705,3
F86008,3
F86009,3
F86010,2
F86011,3
F86013,3
M85733,1
M85781,1
M85792,4
M85797,3
M85803,1
M86020,1
M86021,1
M86028,1
M86029,1
M86030,3
M86032,3
M86033,1
M86035,1
M86037,1
M86038,1
M86041,4
M86048,0
M86605,4
M86624,1
M87023,1
M87034,0
M87037,4
M87041,4
M87618,4
M87620,1
M87623,4
M87628,4
M88001,3
M88002,3
M88006,3
M88007,3
M88010,3
M88635,4
M88640,1
M88645,3
M89001,4
M89008,1
M89013,3
M91013,1
M91014,3
M91015,1
M91016,0
M91017,4
M91019,0
M91021,1
M91024,4
M91029,1
M91034,4
M91036,1
M91602,4
M91612,4
M91613,2
M91614,4
M91621,0
M91629,0
M92011,0
M92012,1
M92015,1
M92016,3
M92019,3
M92022,3
M92028,0
M92029,4
M92043,4
M92609,1
M92649,1
N81001,4
N81005,4
N81008,1
N81009,1
N81035,3
P84644,0
P84650,2
P84651,1
P84663,1
P84672,1
P84678,2
N85032,0
N85051,0
N85052,4
N85057,4
N85616,1
N85617,4
N85625,1
N85629,1
N85634,4
N85640,1
P81002,0
P81003,1
P81006,1
P81010,4
P81016,1
P81020,3
P81029,3
P81031,3
P81032,0
P81033,0
P81036,3
P81037,1
P81038,0
P81040,2
P81041,2
P81044,1
P81045,4
P81047,0
P81054,1
P81058,1
P81059,3
P81061,4
P81062,4
P81065,0
P81067,4
P81069,1
P81070,2
P81073,4
P81078,1
P81081,4
P81083,1
P81087,1
P81089,2
P81096,4
P81100,1
P81103,3
P81113,4
P81117,4
P81125,1
P81130,3
P81132,1
P81136,4
P81137,4
P81143,0
P81147,3
P81154,1
P81157,3
P81159,1
P81172,0
P81181,4
P81182,3
P81185,1
P81191,1
P81196,4
P81197,1
P81213,1
P81214,1
P81218,0
P81633,4
P81647,4
P81655,4
P81710,4
P81730,0
P81734,1
P81735,1
P81748,1
P81755,1
P81757,1
P81771,1
P82031,0
P82607,4
P82613,3
P82624,1
P82626,1
P82640,1
P82643,4
P82660,1
P83005,2
P83010,1
P83011,1
N81041,1
N81048,0
N81049,2
N81051,1
N81052,1
N81055,3
N81060,1
N81061,4
N81062,2
N81065,2
N81068,0
N81069,2
N81070,2
N81075,0
N81080,4
N81082,0
N81088,2
N81096,1
N81100,1
N81102,1
N81114,3
N81115,1
N81118,1
N81122,1
N81123,4
N81127,4
N82011,0
N82019,1
N82026,1
N82033,3
N82035,1
N82036,3
N82037,3
N82041,0
N82046,1
N82048,0
N82049,3
N82054,3
N82058,4
N82059,4
N82062,1
N82066,0
N82073,4
N82074,1
N82076,3
N82078,3
N82090,1
N82091,3
N82093,1
N82095,2
N82099,3
N82107,1
N82110,3
N82633,4
N82641,3
N82646,3
N82648,4
N82650,1
N82655,4
N82676,3
N83002,1
N83003,1
N83005,1
N83009,1
N83012,1
N83013,1
N83014,3
N83017,4
N83023,1
N83025,3
N83026,4
N83032,1
N83033,3
N83041,4
N83045,1
N83603,1
N83610,1
N83614,4
N83637,4
N84001,1
N84002,1
N84003,3
N84017,1
N84019,3
N84023,3
N84024,4
N84027,1
N84028,1
N84613,1
N84614,4
N85002,2
N85005,2
N85006,4
N85012,1
N85013,2
N85018,2
N85019,1
N85024,1
Y02626,2
Y02633,4
Y02636,1
Y02646,1
Y02653,1
Y02671,1
Y02676,1
D82618,0
Y06659,0
M85005,3
M85009,3
M85013,1
M85018,2
M85023,3
M85024,3
M85025,3
M85082,4
M85105,3
M85108,1
M85716,1
G85705,2
C83064,3
C88631,1
D83012,0
E87768,2
Y02002,0
A86027,3
Y08371,2
L83131,0
E84066,0
F83056,1
