gp_code,type
A81040,4
A81041,0
A81045,4
A81048,1
A81051,1
A81054,1
A81058,3
A81060,3
A82045,2
A82053,3
A82055,3
A83023,3
A83024,1
A83029,1
A83031,1
A83037,3
A83038,3
A84005,3
A84013,1
A84014,1
A85010,1
A85018,2
A86040,0
A86041,1
A87005,1
A87009,1
A87011,3
A87012,2
A87013,3
A87017,1
A89007,3
A89008,3
A89011,0
A89012,1
A89015,3
A89019,3
A89020,4
B81022,3
B81025,1
B81027,0
B81029,4
B81032,2
B81034,2
B81037,1
A82021,3
A82022,4
A82027,1
A82035,3
B82031,4
B82034,1
B82035,1
B82036,3
B82037,1
B82041,1
C81097,1
C81099,1
C81108,2
C81110,1
C81113,4
C86609,1
C86621,1
E81612,2
E81615,4
E81617,4
E82001,4
E82002,2
E82007,2
E82009,4
E86626,4
E86629,4
E86637,4
E87004,4
E87005,4
E87008,4
F84010,3
F84016,0
F84017,3
F84021,2
F84022,2
F84030,4
F84033,4
G82125,0
G82137,0
G82143,1
G82152,0
G82158,1
A81020,4
A81027,1
A81037,1
A81038,0
A82008,4
A82010,1
A82015,2
A83007,1
A83020,2
A83616,1
A84039,1
A85001,2
A85004,3
A86020,3
A86031,0
A86033,0
A86037,1
A88012,4
A88013,0
A88022,0
A88608,3
A88613,4
A89001,1
A89004,4
B81005,0
B81016,3
A81002,1
A81006,1
A81611,3
A82631,3
A83045,4
A83047,1
A83048,4
A83049,3
A83052,1
A83054,1
A84027,1
A84028,3
A86005,2
A86012,1
A87020,4
A87029,2
A87030,4
A87612,0
A87615,2
A88001,3
A88004,4
A88006,3
A88008,1
A89022,1
A89027,2
A89028,1
A89035,1
B81617,2
B81619,4
B81642,1
B82049,3
B82050,1
B82053,3
B82057,1
B82059,3
B82060,0
B82063,1
B83016,2
B83018,2
B83026,3
B84001,3
B84003,2
B84004,1
B84006,1
B84007,1
B84009,1
B84013,2
B84016,1
B84019,3
B85048,2
B85062,3
B86015,4
B86016,3
B86018,0
B86030,1
B86035,0
B86658,1
B87028,2
B87031,2
B87032,1
B87039,3
B87042,3
B87604,2
C81003,1
C81005,2
C81006,2
H82013,1
H82016,0
H82023,1
H82026,3
H82028,1
J82146,3
J82149,3
J82152,3
J82155,3
J82163,3
L81008,3
L81010,3
L81012,3
L81014,3
L81017,3
L81021,4
M81019,1
M81026,1
M81027,3
M81032,3
M81033,4
M81034,2
M81035,1
M81038,3
M85170,2
M85172,1
N81623,0
N82001,4
P82004,1
P82006,2
P82010,3
P82011,4
P82014,4
Y00316,4
Y00351,3
Y00352,2
Y00411,1
B81064,1
B81082,1
B82008,4
B82010,4
B82011,1
B82014,1
B82016,3
B82025,1
B82101,4
B82104,1
B82105,0
B82106,1
B83002,1
B83005,2
B83008,0
B83626,3
B83641,2
B85021,1
B85023,0
B85027,3
B85032,1
B85033,3
B86005,1
B86009,0
B86011,1
B86012,4
B86014,0
B86089,0
B86092,1
B87009,3
B87011,3
B87013,1
B87017,3
B87021,3
B87025,2
B87026,1
B87027,2
B81039,3
B81040,1
B81043,2
B81046,3
B81063,1
B81665,3
B82004,3
B82005,0
B82007,1
B82074,1
B82078,1
B82081,3
B82097,1
B83038,3
B83039,1
B83041,0
B83042,2
B83045,3
B83056,2
B83058,3
B84612,4
B84618,3
B84623,4
B85010,1
B85012,2
B85014,2
B85614,3
B85636,3
B85646,2
B86041,3
B86048,2
B86667,1
B87004,3
C81040,1
C81042,2
C81046,1
C81047,2
C81049,4
C81053,4
C82046,0
C82051,1
C82054,0
C82061,1
C82064,1
C82121,2
C82610,2
C82631,1
C83015,0
C83020,3
C83024,0
C83031,1
C83032,3
C83033,1
C83073,0
C83074,3
C83075,3
C83080,0
C83611,0
C83617,3
C84035,1
C84039,3
C84042,2
C84045,1
C84051,3
C84053,1
C84055,3
C84117,0
C84129,0
C82013,2
C82014,1
C82016,0
C82018,1
C82021,0
C82022,2
C82024,2
C87014,3
E81046,1
E81047,1
E81048,0
E81050,1
E81063,0
E81069,0
E81073,0
E86001,4
E86006,4
E86010,3
E86016,1
E86017,2
F83012,4
F83015,4
F83017,4
F83019,3
F83021,4
F83033,4
G82006,1
G82007,3
G82013,4
G82014,3
G82015,2
G82016,1
G82020,3
G82025,1
C81023,1
C81026,3
C81029,0
C81030,1
C81031,1
C81034,1
C81035,2
C81036,4
C81038,1
C81073,2
C81080,1
C81081,3
C81083,1
C82030,1
C82031,3
C82035,2
C82038,1
C82041,1
C82044,1
C82045,2
C82086,1
C82094,1
C82098,2
C82102,4
C82669,0
C82676,1
C83003,3
C83007,3
C83009,0
C83010,0
C83011,3
C83013,3
C83051,2
C83056,3
C83061,1
C83062,1
C84018,2
C84019,1
C84020,2
C84021,3
C84025,1
C84026,2
C84028,0
C84029,1
C84030,1
C84033,2
C84034,1
C84085,1
C84087,1
C84090,4
C84091,2
C84105,0
C81007,2
C81009,2
C81010,2
C81014,1
C81017,1
C81018,1
C81021,1
C81059,1
C81061,1
C81068,1
C81071,2
C82068,3
C82071,2
C82073,2
C82077,3
C82079,3
C82634,3
C82644,2
C82660,4
C82667,3
C83035,3
C83040,0
C83042,3
C83043,3
C83044,3
C83635,0
C84009,1
C84010,1
C84011,1
C84061,2
C84063,4
C84069,1
C84078,0
C84080,2
C84081,2
C85009,3
C85018,2
C85019,1
C85020,0
C85033,1
C88037,1
D81004,1
D81021,3
D81081,1
D82026,2
D82028,1
D82030,3
D82078,1
D82084,4
D82087,2
D82096,0
D82100,1
D82104,3
D83029,4
D83040,1
D83041,3
D83045,0
D83046,3
D83048,0
H81011,0
H81013,4
H81015,0
H81017,1
H81021,2
H81022,4
H81023,2
H81024,4
H81026,4
H81027,3
H81029,4
J81047,3
J81051,1
J81062,3
J81068,1
K82055,0
K82068,1
K82073,3
K82078,1
K82079,1
K82603,2
K82615,1
L83101,4
L83102,4
L83103,4
L83105,1
L83106,3
L83111,0
L83112,4
L83118,4
M83126,2
M83129,1
N84004,0
N84006,0
N84012,2
N84015,0
G82232,4
G82234,0
G82235,1
G83002,4
G83062,4
G83065,3
G83628,4
G83631,4
G83635,4
G83647,2
G83680,3
G84607,1
G84609,4
G84621,4
G85013,2
G85083,3
G85096,4
G85100,1
G85105,1
G85109,0
G85119,4
G85708,4
G85716,4
G85722,4
G85726,4
G85736,4
H81004,1
H81005,1
H81006,1
H81010,4
H81084,2
H81085,4
H81087,2
H81088,4
H81089,4
H81095,4
H81104,1
H81107,1
H82033,2
H82036,1
H82038,0
H82041,0
H82043,1
H82046,0
H82095,1
H82099,0
H83004,2
H83009,2
H83624,4
H83631,4
H84005,4
H84007,4
H84012,1
H84018,4
H84020,4
H84025,4
H85006,4
H85007,4
H85008,4
H85011,4
H85020,4
H85022,4
H85023,0
H85025,4
H85026,4
H85027,4
H85090,2
H85095,3
H85101,4
H85110,2
H85112,4
H85113,4
H85114,0
H85115,4
H85618,0
J81034,1
J81035,1
J81045,1
J82002,4
J82010,3
J82017,4
H81067,2
H81068,1
H81070,0
H81072,1
H81076,1
H81618,4
H81641,1
H81658,2
H81672,4
H82007,1
H82067,3
H82070,1
H82076,4
H82091,1
H82092,1
H83033,4
H83042,2
H83044,1
H83608,4
H83611,4
H84061,4
H84635,2
H85061,1
H85063,2
H85070,2
H85075,3
H85077,4
J81009,3
J81012,3
J81014,3
J81018,1
J81021,1
J81028,2
J81620,3
J81621,1
H81045,0
H81046,4
H81050,0
H81051,4
H81052,4
H81056,1
H81062,2
H81113,1
H81126,4
H81131,2
H81134,4
H82047,0
H82049,1
H82051,1
H82055,1
H82059,3
H82061,4
H83015,4
H83020,4
H83022,2
H83024,0
H84030,4
H84032,4
H84041,4
H84042,4
H84044,4
H84048,4
H85030,4
H85031,4
H85033,0
H85037,4
H85038,0
H85041,4
H85045,4
H85047,3
H85049,4
H85051,4
H85052,4
H85053,4
H85656,4
H85659,4
H85662,4
H85682,4
H85683,4
H85686,4
J81002,2
J81006,1
J81070,3
J81074,1
J82073,1
J82075,1
J82079,3
J82080,4
J82088,4
J82092,3
J82196,3
J82199,1
J82208,1
J82214,1
J82215,3
J83038,2
J83040,2
J83046,0
J84013,1
J84016,1
J84017,1
K81002,3
K81004,0
K81010,3
K81014,4
K81017,4
K81068,4
K81073,3
K81080,1
K81083,4
K81085,2
K82015,1
K82016,1
K82020,0
K82021,4
K82022,0
K82025,2
K82026,1
K82028,4
K82621,3
K82631,1
K83005,0
K83007,4
K83008,3
K83009,3
K83010,3
K83047,0
K83048,0
K83049,3
K83051,0
K83052,1
K83053,2
K83066,1
K83070,4
J82051,3
J82053,3
J82064,0
J82121,1
J82124,1
J82125,3
J82128,1
J82130,3
J82131,4
J82139,4
J83008,1
J83013,1
J83016,3
J83018,0
J83019,1
J83023,1
J83026,0
J84004,3
K81051,4
K81052,1
K81057,1
K81060,4
K81062,3
K81063,1
K81645,2
K82051,4
K82053,4
K83027,3
K83028,2
K83029,4
K83030,0
K83037,1
K83040,0
K83043,0
K83044,3
J82034,3
J82035,4
J82036,4
J82040,2
J82042,1
J82049,4
J82099,4
J82101,3
J82102,4
J82103,1
J82110,3
J82112,2
J82116,1
J82119,1
J82120,4
J82628,4
J82630,1
J82646,1
J83049,4
J83050,3
K81025,3
K81030,2
K81034,2
K81042,4
K81092,0
K81102,3
K81605,2
K81610,3
K81630,0
K81636,1
K81644,4
K82031,3
K82033,0
K82035,0
K82036,3
K82037,3
K82038,3
K82040,3
K82044,1
K82045,3
K82047,1
K82048,0
K83011,3
K83012,0
K83013,0
K83015,0
K83018,1
K83023,0
K83024,1
K84026,4
K84027,4
K84034,2
K84035,4
K84036,2
L81030,1
L81037,4
L81042,2
L81044,1
L81089,1
L81090,4
L81091,4
L81095,1
L81106,4
L81118,4
L82029,4
L82041,3
L82044,0
L82045,1
L82047,4
L82049,1
L83025,1
L83026,1
L83028,0
L83036,2
L83039,0
L83041,1
L83042,0
L83084,1
L83085,4
L83088,4
L83094,3
L83098,0
L83666,1
L84018,1
L84075,1
L84077,3
L84080,1
L84081,1
L84085,1
L84606,2
L84613,3
K84008,1
K84013,4
K84014,1
K84017,1
K84020,1
K84071,0
K84072,0
K84618,1
L81071,1
L81073,1
L81075,4
L81081,4
L81083,3
L81085,4
L82008,1
L82013,4
L82022,2
L82026,3
L83007,4
L83014,1
L83020,0
L83021,0
L83070,1
L83071,4
L83073,1
L83081,0
L83136,3
L83137,1
L83147,3
L83648,3
L83655,2
L84040,2
L84041,1
L84043,1
L84051,1
L84054,3
K83077,0
K83601,2
K83610,3
K83621,2
K84001,4
K84047,1
K84054,0
K84059,1
K84060,3
L81045,0
L81047,1
L81050,2
L81054,1
L81058,0
L81059,1
L81063,0
L81065,4
L81066,0
L81132,1
L81133,4
L81600,4
L81617,1
L81644,1
L82004,1
L82054,2
L82056,1
L82058,1
L82061,1
L82066,1
L82622,1
L83002,0
L83048,0
L83049,1
L83051,1
L83052,3
L83054,1
L83055,2
L84022,3
L84025,4
L84027,1
L84029,1
L84034,1
L84036,1
L85033,1
L85036,1
L85037,1
L85040,3
L85042,1
L85046,3
L85047,3
M81042,4
M81043,1
M81044,2
M81046,0
M81047,1
M81048,3
M81055,3
M81056,4
M81058,2
M82003,3
M82005,2
M82007,2
M82009,3
M82013,4
M82014,4
M82016,3
M82018,2
M82019,3
M82616,1
M83011,0
M83014,0
M83057,3
M83061,3
M83065,3
M83067,2
M83070,4
M83073,2
M83075,2
M83076,1
M83617,1
M83624,3
M83638,1
M84008,2
M84015,2
M84016,4
M84019,3
M84020,0
M84065,2
M84067,0
M84070,0
M84609,3
M84612,2
M85001,1
L85017,0
L85020,1
L85023,1
L85026,3
L85027,3
M81001,1
M81005,3
M81011,4
M81012,1
M81083,4
M81084,4
M81093,3
M81094,2
M81604,4
M81617,4
M81627,4
M83036,2
M83037,0
M83038,3
M83046,2
M83056,3
M83110,2
M83709,1
M83738,2
M84003,2
M84005,3
M84042,2
M84046,1
M84060,4
M84062,4
L85002,1
L85003,4
L85004,1
L85007,4
L85009,1
L85011,1
L85056,4
L85061,1
L85065,1
L85066,3
M81066,4
M81068,2
M81069,4
M81074,3
M81077,2
M81078,3
M82020,1
M82021,4
M82026,1
M82030,1
M82032,3
M82034,1
M83021,3
M83022,2
M83023,0
M83028,0
M83031,1
M83032,3
M83034,2
M83035,2
M83079,3
M83093,4
M83094,3
M83650,3
M83668,4
M83681,4
M83693,0
M83703,2
M84023,4
M84025,4
M84028,0
M84036,0
M84037,2
M84040,2
M85053,2
M85060,0
M85070,4
M85071,4
M85074,4
M86001,2
M86017,3
M87007,2
M87008,4
M89015,2
M91008,0
M91647,1
M91650,4
M92009,0
M92010,1
N81012,2
N81020,0
N81022,1
N81024,0
N81027,3
N81030,1
M85026,1
M85028,1
M85029,1
M85030,4
M85031,4
M85042,1
C84621,3
C84628,1
C84637,1
C84646,1
C84658,1
C84664,1
C86005,3
C86006,3
C86007,1
C87616,3
C87622,0
D81025,0
D82017,1
D83021,0
D83024,1
D83026,1
D83027,4
C86029,3
C86032,3
C86033,3
C86034,3
C88091,0
C88095,1
C88648,1
D81046,0
D81050,1
D81051,3
D82007,1
D82009,3
D82011,1
D82012,1
D82048,1
D82049,4
D82056,0
D82059,1
D82062,1
D83004,4
D83005,2
D83006,1
D83007,3
D83010,1
D83013,1
D83015,3
D83017,0
D83018,3
D83019,1
C84703,1
C85001,1
C85003,2
C86013,1
C86016,0
C86017,3
C86020,1
C86021,2
C86024,3
C88010,0
C88016,1
C88019,1
C88020,0
C88072,2
C88078,0
C88085,2
D81026,2
D81027,2
D81031,3
D81037,1
D81038,1
D81606,1
D81611,3
D81622,3
D81629,2
D81630,3
D81637,2
D82037,2
D82039,1
D82044,1
D82047,1
D82106,1
D82604,2
D82621,2
D82628,1
D83002,1
D83080,3
D83081,3
E81002,2
E81004,2
E81005,0
E81006,3
E81009,3
E81010,0
E82059,1
E82061,1
E82066,1
E82067,4
E82071,3
E82074,3
E82124,1
E82638,2
E82652,4
E82654,1
E82655,4
E83003,4
E83005,4
E83053,4
E83613,4
E83622,1
E83637,4
E84058,4
E84059,4
E84061,3
E84068,0
E84074,3
E84076,3
E84709,2
E85006,4
E85007,3
E85008,4
E85013,2
E85014,0
E85019,0
E85062,2
E85074,4
E85075,4
E85088,1
D83056,0
D83061,1
D83062,3
D83078,0
E81031,2
E81035,0
E81036,0
E81041,3
E81044,1
E82042,3
E82043,0
E82044,1
E82046,4
E82056,1
E82096,4
E82098,4
E82100,4
E82107,4
E82111,2
E82117,4
E83027,4
E83032,2
E83039,4
E83045,2
E84025,2
E84031,4
E84032,3
E84039,3
E84040,4
E84048,2
E84049,3
E84051,4
E84676,4
E84684,3
E84693,4
E84702,4
E85041,1
E85046,4
E85050,4
E85052,4
E85054,3
E85056,2
E85057,2
D83050,3
D83054,2
E81013,1
E81014,3
E81015,0
E81016,0
E81019,3
E81021,0
E81022,1
E81024,1
E81026,3
E81027,3
E82019,1
E82023,0
E82024,3
E82077,3
E82078,0
E82079,1
E82084,4
E82085,4
E82086,1
E82091,0
E82092,2
E82093,1
E83008,4
E83009,3
E83012,4
E83013,3
E83016,4
E83017,4
E83018,4
E83021,4
E83024,4
E84006,2
E84009,0
E84017,4
E84018,4
E84021,4
E84022,4
E84617,4
E84635,4
E84638,3
E84645,0
E84647,1
E85023,1
E85028,4
E85029,4
E85032,4
E85033,1
E85643,2
E85657,1
E86026,4
E86027,4
E86029,0
E86030,4
E86033,4
E86036,4
E87029,3
E87034,4
E87043,4
E87066,4
E87755,3
F81004,1
F81007,3
F81013,1
F81048,2
F81049,0
F81051,2
F81052,3
F81053,3
F81056,2
F81057,0
F81060,0
F81113,0
F81115,2
F81118,3
F81120,1
F81123,1
F81125,1
F81181,3
F81186,0
F81192,1
F81197,4
F81198,0
F81207,1
F81211,0
F81212,1
F81213,3
F81215,1
F81696,1
F81697,4
F81700,0
F81704,2
F81707,0
F81729,0
F81732,4
E85119,2
E85122,3
E85123,0
E85128,3
E85605,3
E85715,2
E85726,1
E87720,4
E87738,3
E87742,4
E87745,3
F81030,1
F81045,2
F81089,1
F81090,1
F81092,0
F81097,1
F81098,1
F81099,2
F81102,0
F81150,2
F81152,4
F81153,1
F81156,1
F81163,3
F81164,4
F81640,4
F81645,0
F81649,0
F81656,4
P81674,3
P81681,3
P81695,1
P82021,1
P84030,4
P84032,3
P84039,2
P84684,3
P84690,4
P85004,1
P85005,0
P85010,4
P85015,4
P85016,0
P86016,4
P86019,2
P86619,2
P88003,4
P88006,4
P88011,1
P89008,1
P89012,0
P89013,1
P89015,3
P89029,2
P91629,4
P92001,1
P92003,3
P92014,0
P92639,1
P92642,4
P92646,1
P92647,4
Y00057,4
Y00078,4
Y00486,2
Y00568,0
Y00774,3
P84010,0
P84012,0
P84014,2
P84016,1
P84064,4
P84067,2
P84068,3
P84071,2
P84630,2
P85622,2
P86003,0
P86004,4
P86007,3
P86008,1
P86009,1
P86011,4
P86012,3
P86013,4
P87027,1
P87035,4
P87624,1
P87627,1
P87648,2
P88043,1
P88606,4
P88615,4
P88625,4
P89002,3
P89003,1
P89004,3
P89005,3
P91013,3
P91016,1
P91021,4
P91026,1
P92615,3
P92621,1
P92634,1
Y00278,0
P83025,3
P83603,3
P83608,2
P83612,3
P85021,2
P85026,0
P85601,3
P85610,3
P87015,2
P87022,4
P87025,3
P87026,1
P88013,4
P88014,3
P88016,0
P88019,4
P88021,2
P88023,4
P88024,0
P88026,4
P89602,1
P89618,4
P91004,4
P91008,2
P92015,4
P92016,1
P92020,4
P92021,0
P92023,1
P92024,0
P92028,0
Y00155,4
Y00184,1
Y00228,4
Y01812,1
Y01839,0
Y02212,4
Y02274,4
Y02713,1
Y02718,1
Y02720,1
Y02721,2
Y02736,0
Y02757,4
Y03035,4
Y03052,0
Y03124,1
Y03663,4
Y05364,1
Y06356,1
Y06443,1
E87637,2
E87681,2
E87706,4
F81021,3
F81022,0
F81026,0
F81029,3
F81071,0
F81072,0
F81080,0
F81081,3
F81085,2
F81086,4
F81128,1
F81137,0
F81147,4
F81149,1
F81219,0
F81221,3
F81223,4
F81606,1
F81623,4
F81666,1
F81681,0
F81741,3
F81744,1
F81751,1
F82001,4
F82002,1
F82005,2
F82008,3
F82010,1
F82011,1
F82014,1
F82019,1
F82021,3
F82022,3
G82665,4
G82666,1
G82679,1
G82684,0
G82693,4
G82696,1
G82702,1
G82729,0
G82733,1
G83004,4
G83006,4
G83010,4
G83012,0
G83018,0
G83019,4
G83021,4
G83026,4
G83029,3
G83031,4
G83039,4
G83044,3
G83052,1
G83057,0
G84006,4
G84010,4
G84017,4
G84018,3
G84020,1
G84025,4
G84032,3
G84033,1
G84035,4
G84039,1
G85019,4
G85021,4
G85024,4
G85025,4
G85028,4
G85034,4
G85041,1
G85044,4
G85051,4
G85053,4
G85054,4
G85061,0
G85120,0
G85127,3
G85135,3
G85138,4
G85623,3
G85632,2
G85685,4
G85690,4
G85696,1
G85706,4
H81035,4
H81036,4
H81040,1
H81042,0
H81044,1
Y01756,4
Y02520,0
Y02575,3
Y02578,4
Y02586,1
Y02611,3
Y02885,4
Y02890,3
Y02973,4
Y05317,4
Y05318,4
E85114,3
E85693,4
E85712,2
E86042,4
E86610,0
E86612,4
F86028,2
F86034,2
F86042,2
F86044,4
F86057,2
F86060,3
F86062,4
F86086,4
F86607,4
F86616,1
F86621,4
F86625,2
F86626,4
F86644,4
F86652,3
F86691,3
F86692,4
F86698,4
F86700,4
F86731,4
G81001,4
G81002,2
G81014,2
G81016,2
G81017,2
G81018,2
G81028,2
G81030,1
G81034,1
G81038,2
G81039,1
G81044,2
G81046,1
G81051,1
G81054,1
G81073,4
G81077,2
G81083,2
G81099,1
G81100,1
G81102,0
G82031,4
G82032,1
G82037,1
G82048,4
G82056,4
G82059,1
G82066,0
G82067,2
G82069,3
G82076,1
G82092,1
G82105,3
G82115,0
G82119,2
G82120,1
G82165,3
G82215,3
G82217,1
G82226,1
G82228,4
G82631,4
G82647,4
G82650,3
G82652,1
Y00969,3
Y01108,0
Y01132,4
Y02378,3
Y02423,4
Y02790,2
Y02875,1
Y03755,3
Y04266,1
Y04273,4
Y04662,1
Y04965,2
Y07014,4
Y07059,3
Y07060,1
F82028,1
F82051,2
F82055,4
F82612,0
F82619,4
F82624,2
F82625,2
F82627,4
F82638,2
F82642,3
F82670,1
F82686,4
F83003,3
F83042,3
F83044,4
F83053,4
F83055,2
F83058,4
F83059,3
F83063,4
F83064,4
F83652,4
F83664,3
F83665,4
F83666,4
F83671,3
F83673,4
F83674,4
F83680,4
F83686,4
F84003,0
F84004,3
F84008,4
F84009,4
F84038,4
F84050,4
F84052,1
F84055,4
F84060,4
F84069,4
F84070,3
F84077,3
F84083,4
F84087,0
F84088,4
F84092,4
F84093,4
F84096,4
F84097,4
F84105,3
F84115,4
F84118,4
F84119,4
F84122,4
F84123,4
F84124,0
F84601,0
F84636,3
F84656,4
F84666,4
F84668,1
F84669,4
F84672,4
F84677,3
F84694,4
F84710,0
F84724,4
F84730,0
F84741,3
F85002,0
F85008,4
F85014,4
F85017,4
F85019,0
F85034,2
F85039,1
F85063,4
F85067,3
F85072,4
F85634,3
F85640,1
F85642,4
F85663,4
F85676,4
F85688,4
F86004,4
F86005,3
F86006,2
F86007,4
F86012,4
F86018,3
F86022,4
F86023,4
M85736,0
M85783,4
M86027,4
M86034,4
M86040,4
M86044,4
M86045,2
M86046,4
M86633,2
M86638,2
M87001,1
M87003,2
M87024,2
M87025,2
M87027,1
M87030,2
M87601,2
M87602,1
M87617,2
M88647,3
M89003,3
M89009,3
M89012,2
M91026,2
M91033,4
M91611,0
M91623,4
M92612,0
M92629,3
M92630,4
M92654,3
N81002,0
N81006,1
N81007,4
N81032,1
N81033,1
N81034,2
P84637,4
P84639,0
P84665,4
P84669,4
P84673,4
P84683,4
N85038,1
N85044,0
N85047,0
N85048,4
N85054,4
N85620,4
N85648,0
P81005,1
P81013,1
P81014,0
P81015,2
P81017,1
P81018,4
P81022,4
P81025,3
P81027,3
P81035,1
P81042,1
P81043,1
P81046,4
P81057,1
P81066,3
P81072,1
P81074,3
P81077,1
P81082,1
P81084,3
P81086,0
P81095,3
P81099,1
P81112,3
P81115,2
P81119,4
P81129,4
P81133,3
P81140,1
P81149,3
P81150,2
P81179,1
P81184,1
P81208,2
P81212,4
P81714,1
P81721,2
P81780,4
P82002,3
P82627,3
P82633,0
P82634,3
P83001,2
P83004,4
P83006,4
N81036,2
N81039,0
N81040,4
N81044,0
N81046,0
N81047,1
N81050,0
N81053,0
N81056,2
N81059,2
N81067,0
N81077,0
N81079,2
N81081,1
N81083,3
N81084,1
N81085,4
N81087,3
N81089,0
N81090,3
N81092,1
N81093,4
N81101,2
N81107,2
N81109,0
N81111,1
N81121,4
N81607,4
N82014,0
N82024,1
N82034,0
N82039,3
N82053,0
N82067,3
N82081,4
N82082,2
N82083,3
N82084,2
N82089,2
N82092,0
N82094,0
N82097,0
N82103,4
N82106,4
N82108,4
N82115,4
N82116,4
N82651,2
N82662,3
N83008,3
N84018,0
N84020,0
N84025,4
N84029,0
N84625,0
N85007,1
N85008,4
N85015,0
N85017,4
N85020,0
N85023,4
N85025,0
N85027,0
N85028,3
Y02639,2
Y02657,3
Y02663,1
M85006,4
M85011,0
M85019,4
M85081,3
M85086,4
M85717,0
A81042,2
A81046,2
A82038,3
A82062,1
A83025,2
A83026,2
A83030,2
A83033,3
A83034,1
A83036,0
A83627,3
A83636,3
A84006,1
A84009,2
A85006,4
A85007,1
A85009,2
A85011,0
A85016,1
A85019,3
A85020,1
A85026,0
A86601,1
A87004,1
A87008,4
A89009,4
A89010,1
A89016,4
A89017,1
A89021,2
B81020,1
B81026,2
B81030,2
B81036,4
A82018,4
A82023,3
A82025,2
A82026,1
A82028,4
B82032,1
B82033,1
B82042,1
B82044,1
B82046,1
C81106,4
C81114,1
C81118,1
C81604,1
C81611,1
C81634,1
C86038,2
C86605,1
C87004,1
C87007,1
E81074,3
E81076,3
E81631,0
E81632,0
E81633,4
E82004,4
E82005,1
E82006,3
E86618,3
E86619,4
E86625,3
E86632,4
E87003,3
E87006,4
F84012,1
F84013,2
F84014,4
F84018,0
F84025,4
F84031,4
F84034,3
F84035,2
F84036,4
G82126,1
G82135,0
G82140,0
G82142,4
G82147,3
G82150,3
G82154,1
G82155,4
A81021,2
A81022,2
A81026,1
A81030,1
A81032,1
A81034,2
A81035,2
A81036,0
A81629,1
A82005,1
A82007,1
A82009,4
A82012,1
A82013,1
A82014,4
A83009,2
A83010,1
A83016,2
A83018,0
A83021,1
A83022,1
A83070,1
A83075,1
A83618,4
A84038,0
A84044,0
A85005,1
A86018,3
A86021,1
A86022,2
A86024,4
A86026,4
A86028,1
A86029,3
A86030,0
A88010,4
A88016,1
A88023,1
A88601,3
A89002,1
B81003,3
B81008,0
B81015,3
A81004,1
A81005,2
A81009,3
A81012,2
A81014,1
A81018,2
A81019,0
A81063,1
A81064,3
A81066,1
A81608,4
A81610,1
A81618,3
A82072,1
A82617,3
A82629,4
A82650,1
A83001,3
A83040,1
A83041,3
A83044,1
A83057,3
A84016,1
A84020,1
A84026,0
A84031,0
A85611,3
A86004,1
A86008,0
A86010,3
A86011,1
A86013,1
A86016,2
A86017,2
A88002,3
A89023,2
A89025,1
A89026,1
A89041,3
B81104,1
B81109,1
B81112,3
B81113,2
B81118,1
B81606,3
B82054,1
B82064,1
B82067,1
B82069,4
B83015,2
B83019,1
B83029,2
B83032,3
B83034,3
B83035,1
B83037,2
B84008,3
B84011,1
B84012,2
B84021,2
B85036,2
B85042,3
B85054,3
B85055,3
B85059,3
B85061,1
B86020,1
B86022,0
B86025,4
B86109,4
B87044,4
C81004,0
H82011,3
H82012,3
H82014,3
H82017,3
H82020,3
H82021,1
H82022,3
H82025,4
H82027,1
H82030,1
J82144,0
J82145,4
J82147,0
J82150,1
J82151,2
J82154,4
J82157,0
J82178,4
L81009,1
L81013,2
L81015,3
L81018,3
L81019,1
L81020,1
L81022,1
L81024,1
M81020,4
M81021,3
M81022,0
M81024,1
M81029,1
M81037,1
M81039,0
M85153,2
M85177,2
N81632,3
N81645,0
N82002,0
N82009,3
P82005,1
P82009,2
P82015,0
P82016,1
Y00445,2
Y00469,1
B81068,2
B81088,2
B81092,0
B81099,1
B82012,0
B82013,1
B82017,1
B82019,1
B82022,2
B82023,1
B82024,1
B82100,1
B83010,1
B83012,0
B83014,1
B83614,3
B83624,1
B83628,2
B83653,2
B85016,1
B85022,1
B85030,2
B85031,1
B86004,1
B86006,0
B86013,1
B86059,2
B86060,4
B86066,4
B86068,4
B86071,0
B87008,2
B87012,3
B87015,1
B87018,3
B87022,2
B81038,2
B81041,3
B81042,1
B81045,0
B81047,1
B81048,4
B81656,3
B82002,1
B82075,1
B82077,1
B82080,3
B82083,3
B82086,1
B82088,1
B82098,0
B83051,3
B83055,0
B83062,2
B84613,3
B85005,1
B85006,1
B85612,3
B85623,3
B85634,3
B85640,1
B86038,1
B86042,1
B86043,1
B86044,1
B86052,1
B86055,4
B87001,4
B87002,3
B87006,2
C81041,0
C81048,0
C81051,2
C81056,1
C81647,3
C81653,2
C81658,0
C82002,4
C82007,1
C82047,2
C82050,1
C82053,1
C82055,1
C82056,1
C82062,2
C82063,3
C82111,1
C82112,1
C82120,2
C82124,1
C83014,1
C83022,1
C83023,3
C83026,1
C83027,1
C83028,3
C83029,1
C83072,0
C83078,3
C83079,0
C83082,2
C84036,1
C84037,0
C84043,2
C84046,4
C84047,1
C84049,0
C84059,1
C84116,2
C84120,2
C84122,3
C84123,1
C84131,3
C84613,1
C84619,3
C82011,2
C82012,1
C82017,3
C82019,2
C82025,1
C82027,3
C87009,4
E81049,1
E81052,1
E81057,3
E85750,2
E86004,3
E86005,4
E86007,4
E86009,1
E86012,0
E86014,3
E86015,1
F83006,4
F83008,3
F83011,4
F83018,4
F83020,2
F83022,4
F83032,4
G82002,1
G82018,2
G82019,3
G82022,0
G82024,1
C81094,1
C82032,1
C82037,1
C82039,2
C82040,1
C82043,2
C82100,4
C83001,1
C83002,2
C83052,1
C83054,3
C83055,1
C83057,2
C83058,1
C83060,0
C83065,1
C83067,0
C84016,1
C84017,1
C84023,1
C84032,0
C84084,4
C84086,1
C84094,0
C84095,3
C84107,1
C84113,2
C84115,1
C81012,2
C81016,4
C81020,1
C81063,4
C81064,2
C81065,2
C81069,1
C82066,1
C82070,2
C82072,2
C82075,3
C82078,1
C82650,2
C83036,3
C83038,1
C83039,3
C83048,0
C83641,1
C83649,3
C84001,3
C84005,3
C84012,1
C84013,2
C84014,2
C84060,2
C84064,2
C84065,1
C84066,1
C84072,3
C84077,1
C85007,1
C85010,4
C85017,2
C85022,2
C85023,0
C85030,3
C88036,0
C88044,0
C88046,3
C88053,3
D81001,3
D81010,3
D81011,3
D81012,4
D81013,1
D81016,2
D81018,0
D81060,3
D81066,1
D81070,3
D81084,1
D81086,4
D81603,2
D82023,2
D82024,1
D82029,1
D82034,1
D82071,2
D82073,2
D82079,1
D82080,1
D83033,4
D83034,1
D83035,3
D83037,4
D83038,3
D83044,3
H81016,4
H81028,3
J81046,1
J81057,1
J81059,1
J81061,1
J81064,1
J81067,1
K82057,1
K82064,0
K82065,0
K82066,4
K82070,4
K82610,0
L83100,3
L83115,0
L83116,4
L83120,2
L83127,1
L83128,0
L83129,1
M83123,2
M83127,2
M83130,2
M83132,1
M83138,3
M83141,4
M83148,3
M83608,0
M88619,2
N84005,4
N84008,2
N84014,0
N84016,0
G82229,0
G82604,3
G82763,1
G82768,4
G82796,1
G82888,1
G83001,3
G83066,4
G83067,4
G83630,3
G83641,3
G83642,4
G83654,3
G83673,4
G84001,4
G84604,1
G84625,3
G84627,1
G84629,0
G85001,0
G85004,4
G85006,3
G85011,2
G85014,4
G85073,4
G85076,4
G85085,3
G85086,3
G85102,4
G85114,4
G85721,3
H81003,0
H81082,4
H81086,4
H81090,4
H81091,2
H81094,4
H81099,4
H81103,1
H81109,0
H81110,4
H82031,1
H82034,3
H82035,0
H82037,1
H82039,1
H82042,1
H82045,2
H82096,2
H82098,0
H82100,2
H82615,2
H82640,3
H83001,3
H83005,2
H83010,3
H83011,3
H83012,4
H83627,4
H84006,4
H84015,4
H84016,1
H84017,4
H85003,4
H85009,4
H85012,4
H85018,2
H85021,3
H85024,4
H85100,3
H85103,3
H85105,4
H85111,3
H85116,4
H85634,4
H85637,4
J81029,1
J81030,3
J81033,1
J81039,4
J81042,1
J81647,1
J81648,1
J82001,1
J82007,3
J82009,4
J82012,4
J82016,1
J82018,1
J82019,1
H81069,4
H81071,0
H81073,4
H81074,1
H81075,3
H81077,3
H81078,3
H81080,4
H81081,4
H81632,4
H81638,3
H81642,4
H81643,4
H81644,4
H81656,4
H82003,4
H82004,1
H82005,3
H82064,2
H82065,0
H82072,3
H82077,1
H82078,0
H82084,4
H82089,1
H83037,4
H83609,3
H84055,4
H84062,4
H84618,4
H84619,4
H84625,2
H84639,4
H85001,4
H85002,4
H85055,4
H85057,3
H85066,4
H85069,4
H85076,4
H85082,3
H85087,3
H85088,4
J81019,3
J81022,1
J81077,1
J81081,1
J81082,1
J81609,1
H81047,1
H81048,4
H81053,4
H81055,2
H81057,3
H81058,4
H81064,4
H81065,0
H81111,2
H81116,1
H81122,4
H81123,4
H81130,2
H81133,4
H81615,4
H82050,0
H82052,1
H82056,3
H82057,3
H82060,4
H82063,1
H83013,4
H83017,4
H83021,4
H83023,2
H83028,1
H83029,1
H83030,1
H84027,4
H84031,1
H84033,4
H84039,1
H84040,4
H84050,0
H84051,4
H85028,2
H85029,4
H85048,3
H85649,4
H85653,3
H85680,4
H85693,0
J81072,4
J81073,1
J81076,3
J82071,4
J82074,1
J82076,1
J82081,4
J82082,4
J82083,3
J82085,4
J82087,1
J82181,4
J82184,4
J82194,1
J82198,3
J82201,1
J82207,1
J82210,4
J82216,1
J82218,3
J83030,1
J83033,1
J83034,1
J83039,1
J83041,1
J83042,1
J83043,2
J84012,1
J84019,3
K81001,4
K81012,1
K81018,4
K81069,2
K81070,4
K81074,1
K81075,2
K81077,1
K81082,4
K81084,4
K82013,1
K82014,4
K82017,2
K82019,0
K82023,3
K82024,2
K82027,1
K82030,4
K82617,1
K83003,0
K83006,4
K83055,1
K83064,1
K83065,0
K83076,3
J82054,2
J82055,0
J82058,2
J82059,1
J82060,3
J82061,3
J82062,4
J82066,3
J82067,4
J82069,2
J82122,4
J82132,2
J82134,3
J82136,3
J82142,1
J83007,3
J83009,1
J83010,3
J83011,3
J84003,1
J84007,1
J84008,1
K81043,2
K81047,1
K81048,3
K81050,1
K81055,4
K81651,4
K82001,4
K82003,0
K82004,4
K82006,4
K82007,1
K82009,3
K82010,3
K82011,4
K82012,1
K82054,2
K83032,1
K83036,1
K83041,2
K83042,0
J82021,3
J82024,2
J82025,1
J82026,3
J82028,2
J82033,1
J82039,3
J82094,4
J82098,2
J82104,3
J82106,3
J82115,1
J82605,3
J82622,3
J82625,4
J82640,1
J82669,0
J83002,1
J83003,0
J83005,2
J83052,3
J83056,1
J83057,3
K81020,4
K81022,0
K81028,3
K81036,1
K81040,2
K81041,1
K81097,4
K81103,1
K81633,2
K82032,0
K82039,2
K82046,1
K82049,0
K83014,4
K83017,1
K83021,1
K83022,4
K83025,3
K84024,0
K84028,4
K84030,1
K84031,4
K84032,4
K84037,2
K84038,4
K84041,2
K84042,1
K84043,0
L81025,3
L81026,3
L81029,4
L81031,3
L81033,0
L81034,4
L81038,4
L81040,1
L81041,2
L81087,2
L81098,4
L81103,2
L81125,1
L81130,2
L81131,1
L82030,0
L82035,1
L82036,4
L82042,2
L82043,2
L82046,3
L82048,1
L82051,1
L83023,1
L83024,1
L83029,0
L83030,4
L83031,0
L83034,0
L83035,1
L83038,4
L83040,1
L83086,4
L83087,3
L83096,2
L83097,4
L83099,4
L84003,1
L84004,4
L84006,1
L84011,1
L84014,1
L84015,1
L84058,1
L84060,1
L84063,1
L84065,4
L84067,1
L84084,1
K84006,3
K84007,0
K84009,3
K84011,3
K84012,1
K84015,4
K84016,4
K84019,0
K84021,4
K84063,1
K84075,1
K84078,4
K84079,0
K84080,3
K84082,2
K84605,4
K84613,1
K84624,0
L81004,4
L81068,1
L81070,1
L81078,4
L81082,3
L81084,0
L82007,0
L82010,3
L82011,1
L82012,1
L82015,1
L82016,4
L82023,0
L83005,1
L83008,3
L83010,1
L83011,1
L83013,0
L83016,2
L83064,3
L83066,3
L83067,1
L83069,1
L83075,1
L83076,1
L83083,3
L83607,0
L83624,0
L83628,4
L83639,0
L84038,1
L84045,1
L84046,3
L84047,1
L84048,3
L84050,3
L84053,1
K83080,0
K83616,1
K83618,3
K83620,0
K83622,3
K84003,4
K84004,4
K84045,3
K84050,1
K84051,2
K84055,1
K84062,2
L81051,3
L81053,4
L81061,4
L81062,1
L81642,3
L81643,3
L82003,3
L82006,1
L82052,4
L82057,1
L82059,1
L82068,4
L83043,1
L83044,1
L83045,0
L83046,1
L83050,1
L83056,1
L83057,3
L83058,0
L83059,3
L84026,1
L84028,1
L84031,1
L85032,3
L85034,1
L85038,3
L85039,1
L85044,4
M81040,3
M81041,1
M81045,1
M81049,3
M81054,1
M81057,3
M81061,1
M82002,1
M82004,2
M82006,3
M82008,1
M82011,2
M82012,0
M83004,0
M83005,2
M83007,4
M83009,3
M83012,1
M83016,1
M83018,3
M83062,1
M83063,2
M83066,0
M83068,2
M83071,3
M83072,1
M83074,3
M83616,4
M83625,2
M84006,4
M84007,4
M84010,0
M84011,2
M84013,4
M84014,4
M84017,4
M84018,3
M84021,4
M84066,0
M84069,4
M84615,2
M84616,4
M84627,2
M84629,4
L85015,1
L85016,0
L85021,2
L85022,2
L85024,3
L85025,4
L85030,1
L85031,4
M81002,1
M81004,2
M81006,2
M81007,4
M81008,2
M81010,3
M81015,4
M81016,1
M81017,4
M81091,2
M81092,4
M81600,4
M81629,0
M82040,1
M82041,4
M82042,2
M82043,4
M82047,3
M82048,1
M82060,3
M82606,4
M83042,4
M83048,3
M83052,1
M83054,4
M83109,4
M83117,3
M83711,4
M84001,2
M84002,4
M84004,3
M84041,4
M84043,3
M84044,2
M84047,2
M84049,3
M84050,4
M84051,1
M84061,2
M84063,0
L85001,3
L85008,3
L85012,1
L85014,4
L85052,3
L85053,0
L85054,0
L85055,3
L85062,1
L85609,3
M81063,4
M81064,1
M81072,2
M81075,0
M81076,4
M81081,1
M82023,1
M82025,3
M82035,3
M83020,1
M83026,2
M83027,1
M83084,0
M83088,1
M83089,2
M83090,4
M83096,3
M83097,1
M83100,1
M83102,3
M83108,1
M83640,4
M83680,1
M83698,4
M84022,3
M84026,4
M84029,2
M84030,3
M84031,4
M84032,2
M84035,0
M85058,4
M85066,0
M85076,2
M86006,2
M86009,2
M86010,1
M86012,4
M86014,2
M86015,3
M86016,2
M87005,0
M87010,1
M87014,1
M87015,2
M87016,2
M87017,2
M87018,2
M87019,1
M87020,3
M87021,4
M91003,2
M91004,0
M91010,0
M91637,0
M91640,3
M91641,0
M91654,3
M92008,2
N81013,4
N81016,0
N81018,1
N81025,0
N81028,1
N81029,4
M85033,1
M85041,4
M85046,3
M85047,4
M85048,2
M85116,4
M85779,4
C84624,3
C84654,1
C84656,1
C84667,1
C85619,2
C86001,0
C86002,4
C86003,2
C88007,1
D82067,1
D82068,2
D83020,0
C88030,0
C88031,1
C88092,1
C88652,3
C88655,4
D81045,1
D81047,0
D81054,3
D81055,3
D81057,3
D82008,1
D82015,3
D82050,1
D83008,3
D83009,1
C84683,0
C84691,0
C84695,0
C84704,2
C86011,3
C86015,3
C86023,4
C86025,1
C86026,2
C88015,3
C88023,0
C88087,2
D81028,3
D81029,4
D81035,1
D81633,3
D82040,1
D82042,2
D82043,0
D83001,4
D83079,3
D83084,0
D83608,1
E81003,1
E81008,1
E81012,1
E82012,0
E82013,4
E82060,4
E82063,0
E82068,1
E82069,4
E82073,0
E82075,3
E82129,4
E82133,4
E82626,1
E82661,1
E83006,4
E83007,0
E83050,4
E83600,3
E83621,4
E83638,4
E83639,4
E83649,4
E83653,2
E83668,4
E84003,4
E84005,1
E84062,4
E84067,2
E84069,3
E84070,1
E84704,4
E85001,2
E85004,3
E85015,2
E85061,4
D83057,2
D83059,2
D83060,2
D83067,3
D83075,1
E81030,1
E81032,1
E81033,1
E81034,0
E81037,3
E81038,4
E81040,0
E81043,0
E82037,1
E82038,1
E82040,3
E82041,0
E82050,2
E82051,4
E82053,1
E82055,4
E82058,4
E82094,1
E82099,1
E82102,1
E82106,4
E82115,3
E82123,3
E83026,4
E83030,2
E83031,4
E83034,0
E83035,3
E83041,0
E83044,3
E83046,2
E84024,0
E84028,4
E84030,1
E84033,4
E84036,4
E84680,4
E84685,3
E85048,4
E85049,2
E85051,2
E85053,4
D83049,2
D83051,3
D83055,4
E81018,0
E81025,4
E81028,0
E82014,1
E82015,4
E82018,1
E82020,2
E82022,3
E82027,2
E82032,4
E82035,1
E82081,1
E82082,1
E82083,4
E82088,3
E83010,0
E83011,0
E83020,4
E83025,0
E84008,4
E84012,4
E84013,0
E84014,4
E84015,4
E84020,4
E84078,3
E84080,4
E84086,4
E84620,3
E84626,1
E85021,4
E85034,1
E85633,4
E85663,3
E86018,3
E86019,1
E86022,4
E86024,4
E86028,3
E86038,2
E87024,4
E87045,1
E87047,4
E87061,4
E87762,2
F81003,1
F81011,0
F81047,3
F81065,0
F81066,1
F81068,0
F81106,4
F81108,1
F81114,1
F81117,0
F81119,0
F81121,1
F81122,0
F81183,1
F81711,0
F81725,1
F81730,0
F81739,3
F81740,3
E85121,1
E85129,4
E85130,2
E85713,3
E85719,4
E85735,1
E85744,3
E85745,4
E87011,3
E87016,3
E87737,1
E87739,4
F81031,0
F81036,0
F81041,0
F81042,1
F81043,2
F81046,1
F81096,1
F81100,1
F81155,4
F81158,1
F81159,1
F81169,1
F81170,2
F81176,0
F81177,1
F81652,3
P81160,2
P81165,4
P81664,1
P81683,2
P81704,2
P81707,3
P81709,4
P82023,1
P84024,0
P84026,0
P84027,2
P84029,0
P84034,0
P84035,0
P84038,3
P84689,4
P85002,2
P85003,3
P85007,4
P85013,0
P85014,3
P85017,1
P86018,1
P86023,4
P86602,2
P86614,1
P87654,3
P87658,4
P88005,1
P88007,0
P88008,1
P88012,3
P89011,4
P89014,0
P89016,0
P89018,0
P89023,1
P89026,1
P91627,3
P92004,3
P92006,1
P92007,0
P92008,0
P92010,0
P92011,4
P92012,3
Y00020,1
Y00050,1
Y00507,4
Y00560,3
Y00758,0
Y00918,0
P83623,0
P84009,1
P84017,0
P84018,1
P84020,0
P84021,0
P84022,2
P84059,0
P84061,1
P84065,0
P84072,2
P84074,2
P84635,4
P85615,3
P86005,1
P86006,1
P86010,4
P87032,1
P87610,1
P87620,1
P87634,3
P88041,0
P88042,2
P88623,4
P88632,0
P89006,0
P91012,0
P91014,3
P91017,3
P91018,1
P91020,4
P91029,4
P91035,4
P91603,1
P91604,3
P92034,0
P92041,3
P92042,4
P92602,4
P92605,3
P92620,4
P92626,0
P92633,4
P92635,1
Y00293,1
P83012,1
P83015,4
P83021,4
P83605,3
P83620,3
P83621,0
P84042,4
P84043,0
P84045,4
P84046,2
P84048,4
P84051,4
P84054,1
P84056,0
P85020,1
P85022,3
P85606,3
P85614,1
P87002,1
P87004,4
P87008,0
P87016,0
P87019,0
P87024,4
P88015,0
P88018,1
P88020,4
P88025,0
P88031,4
P89612,1
P89613,1
P91003,0
P91006,2
P91009,1
P92017,3
P92019,4
P92026,3
P92029,3
P92030,1
P92031,1
Y00159,2
Y01922,1
Y01964,0
Y02321,1
Y02322,4
Y02707,0
Y02753,2
Y03049,4
Y03079,1
Y03135,4
Y03597,0
Y03602,1
E87609,3
E87677,1
F81020,1
F81023,3
F81025,1
F81027,0
F81069,2
F81075,1
F81083,3
F81087,3
F81088,4
F81126,1
F81132,3
F81134,0
F81144,3
F81216,4
F81222,2
F81632,0
F81633,0
F81636,1
F81669,3
F81674,1
F81690,3
F82007,1
F82009,2
F82013,1
F82016,4
F82017,2
F82018,0
G82658,0
G82697,1
G82721,4
G82730,0
G83009,1
G83013,4
G83015,1
G83016,4
G83025,4
G83027,4
G83028,4
G83030,4
G83033,4
G83049,3
G83053,1
G83058,2
G83060,4
G84002,1
G84003,4
G84004,1
G84005,4
G84007,4
G84008,1
G84009,4
G84011,1
G84013,4
G84015,1
G84016,3
G84019,4
G84027,0
G84028,4
G84030,0
G84040,4
G85016,4
G85022,2
G85030,3
G85032,2
G85038,0
G85039,2
G85042,4
G85046,1
G85052,2
G85057,3
G85121,4
G85123,4
G85125,4
G85129,4
G85130,4
G85132,3
G85134,4
G85136,4
G85137,3
G85633,4
G85642,4
G85644,4
G85647,2
G85662,4
G85673,4
G85674,4
G85695,4
G85698,4
H81030,4
H81032,0
H81033,0
H81034,4
H81038,4
H81039,4
H81043,4
Y01206,4
Y01291,0
Y01695,2
Y01719,3
Y01794,0
Y02519,1
Y02571,4
Y02622,3
Y02886,4
Y02933,1
Y02936,1
Y02946,4
Y02960,4
Y05248,1
E85099,1
E85107,1
E85112,4
E85116,3
E85685,4
E86609,1
F86025,2
F86032,2
F86036,4
F86038,4
F86058,4
F86066,4
F86074,4
F86078,4
F86081,4
F86082,2
F86087,4
F86088,4
F86612,4
F86627,4
F86641,4
F86650,4
F86658,4
F86666,3
F86689,3
F86702,4
G81006,2
G81008,2
G81011,2
G81012,0
G81019,2
G81021,1
G81023,1
G81029,0
G81042,1
G81047,2
G81048,2
G81049,3
G81050,2
G81061,1
G81065,1
G81070,2
G81071,3
G81076,1
G81082,1
G81088,1
G81095,2
G81096,3
G82027,1
G82028,3
G82036,1
G82038,1
G82041,1
G82042,2
G82044,0
G82051,0
G82052,0
G82055,2
G82060,1
G82063,1
G82073,3
G82074,0
G82077,1
G82079,1
G82080,3
G82082,1
G82083,1
G82085,1
G82086,4
G82089,1
G82090,1
G82095,0
G82100,0
G82106,2
G82107,0
G82108,2
G82110,4
G82111,1
G82114,2
G82117,2
G82118,1
G82121,3
G82160,3
G82161,0
G82162,0
G82164,1
G82200,1
G82203,0
G82219,0
G82224,1
Y01008,3
Y01118,4
Y01127,0
Y02325,1
Y02463,4
Y02476,3
Y02517,0
Y02767,2
Y02795,2
Y02827,1
Y02847,3
Y02849,3
Y03664,0
Y04882,3
Y04925,1
Y04969,2
Y07057,0
F82030,3
F82034,0
F82042,3
F82604,3
F82634,4
F82647,4
F82650,2
F82660,2
F82674,4
F82677,3
F83002,4
F83043,3
F83045,4
F83057,4
F83061,4
F83623,3
F83624,4
F83660,4
F83681,4
F84006,4
F84044,3
F84047,3
F84051,4
F84053,4
F84054,1
F84062,3
F84072,4
F84074,3
F84079,1
F84080,4
F84081,2
F84086,2
F84111,3
F84114,3
F84117,4
F84121,4
F84619,2
F84620,4
F84640,4
F84641,4
F84647,4
F84658,4
F84660,4
F84670,4
F84681,3
F84692,1
F84696,4
F84698,4
F84716,4
F84717,4
F84718,3
F84719,4
F84720,4
F84729,1
F84735,4
F84739,4
F84747,0
F85010,4
F85013,4
F85016,2
F85020,3
F85025,0
F85029,4
F85031,1
F85033,3
F85035,2
F85069,3
F85071,3
F85625,4
F85650,4
F85666,4
F85687,1
F85700,4
F85701,3
F85705,2
F86008,4
F86009,4
F86010,3
F86011,4
F86013,2
M85781,1
M85792,3
M86020,2
M86029,2
M86032,2
M86033,4
M86035,2
M86041,2
M86048,4
M86605,4
M86624,4
M87023,2
M87028,2
M87034,4
M87037,4
M87041,1
M87620,4
M88006,2
M88645,2
M91013,3
M91017,1
M91019,1
M91021,1
M91024,1
M91614,4
M91621,4
M91629,4
M92012,2
M92013,0
M92016,2
M92022,2
M92607,3
M92609,0
N81005,4
N81008,0
N81009,2
P84644,0
P84650,4
P84651,4
P84663,2
P84672,4
P84678,0
N85032,1
N85051,4
N85052,4
N85616,0
N85617,4
P81002,4
P81006,1
P81016,2
P81020,4
P81029,3
P81031,2
P81032,0
P81033,0
P81036,3
P81037,3
P81038,0
P81040,0
P81041,1
P81045,4
P81047,3
P81054,1
P81058,1
P81059,0
P81065,0
P81067,1
P81070,0
P81078,2
P81081,4
P81083,2
P81089,0
P81096,1
P81100,1
P81103,3
P81113,1
P81117,1
P81118,1
P81130,1
P81132,1
P81137,0
P81143,0
P81154,4
P81157,1
P81159,3
P81169,4
P81172,4
P81181,3
P81182,2
P81191,3
P81197,1
P81213,1
P81218,0
P81622,3
P81655,1
P81710,1
P81730,0
P81734,1
P81748,3
P81755,1
P81757,1
P81771,3
P82031,3
P82643,1
P83005,4
P83010,4
P83011,3
N81049,4
N81051,4
N81052,1
N81055,0
N81060,2
N81061,0
N81062,0
N81065,0
N81068,1
N81069,0
N81070,4
N81075,0
N81080,2
N81082,1
N81088,0
N81100,2
N81114,0
N81115,1
N81118,2
N81122,0
N81127,2
N82018,0
N82019,3
N82026,4
N82033,2
N82035,4
N82037,0
N82041,4
N82046,4
N82048,4
N82054,4
N82066,3
N82073,0
N82074,4
N82076,2
N82086,4
N82093,2
N82095,4
N82099,2
N82110,3
N82633,4
N82641,2
N82676,4
N84001,4
N84003,1
N84023,4
N84024,2
N84028,0
N84038,3
N85002,3
N85005,0
N85006,0
N85012,1
N85013,3
N85018,3
N85019,2
N85024,0
Y02633,4
Y02636,4
Y02646,2
Y02676,4
M85025,4
M85088,1
M85108,3
Y02751,3
D83012,3
E87768,4
Y08371,4
