model,outcome,predictor,coef,se,p
A_together,satisfaction_2026,queue_answer,2.2296026360199845,0.16835343266364117,4.914712563552321e-40
A_together,satisfaction_2026,ivr_share,-1.1486631417835413,0.15994124182068836,6.880854691734485e-13
A_together,satisfaction_2026,monwed_gap,0.028775795385217656,0.14985212310767004,0.847720315126891
A_together,satisfaction_2026,contacts_per_appt,-0.9365021016506517,0.32239501279089666,0.0036745481665868907
A_together,satisfaction_2026,calls_per1k,1.7401198423100395,0.3435374217792268,4.077593034452502e-07
A_together,satisfaction_2026,oc_rate_febapr,-1.0873823402752076,0.21001228334144575,2.2462809437807113e-07
A_together,satisfaction_2026,same_day_pct_12m,-0.160292806050768,0.15310694033696123,0.2951301862524648
A_together,satisfaction_2026,log_list,-1.4718546067041107,0.19945320276399955,1.5894673478168822e-13
A_together,satisfaction_2026,imd_score,-1.5433352372173408,0.18811361106695879,2.319922824444646e-16
A_together,satisfaction_2026,partner_per10k,1.4531807407647064,0.17337478235624115,5.215504328053833e-17
A_together,satisfaction_2026,salaried_per10k,1.2989233655302848,0.16923355501039195,1.649934603326136e-14
A_together,satisfaction_2026,locum_per10k,0.2369511800199532,0.13865137368304517,0.0874563170278696
A_together,satisfaction_2026,trainee_per10k,0.16208042983181614,0.16947397442128487,0.33888353310752706
A_together,satisfaction_2026,training_flag,2.6848259150451,0.4271760929110794,3.2773430124568803e-10
A_together,satisfaction_2026,nurse10k_c,0.18931856373353267,0.15958657815184324,0.2355013579156371
A_together,satisfaction_2026,dpc10k_c,0.18166996080253184,0.14421893419996654,0.20778418803827559
A_together,satisfaction_2026,admin10k_c,-1.2167361099534864,0.18164689520051694,2.107729967854067e-11
A_together,satisfaction_2026,appts_percap,-0.046461918589440154,0.3017655169087815,0.8776357887830615
A_together,satisfaction_2026,pct65plus,0.44003444998865193,0.24978164675705497,0.07812397541985765
A_together,satisfaction_2026,nonwhite_pct,-1.3085063832357915,0.2191871207788102,2.375239419483146e-09
A_together,satisfaction_2026,adm_x_size,-0.22651761972768167,0.11426724274052846,0.04744012942567152
A_together,satisfaction_2026,adm_x_oc,-0.042905435238414474,0.15612493255240725,0.7834585608218696
A_together,satisfaction_2026,_R2,0.2697105120363459,,
A_together,satisfaction_2026,_n,4732.0,,
A_plusreport,satisfaction_2026,queue_answer,1.1042237846102616,0.13097025835354711,3.4242114976965845e-17
A_plusreport,satisfaction_2026,ivr_share,-0.480676862539154,0.1265372864774087,0.0001454585467992411
A_plusreport,satisfaction_2026,monwed_gap,-0.008139662071843884,0.11900527734219891,0.9454692211480238
A_plusreport,satisfaction_2026,contacts_per_appt,-0.4698595391150753,0.2499730291700049,0.06015702992217091
A_plusreport,satisfaction_2026,calls_per1k,1.6727390685447345,0.27730997053118867,1.6192352691721464e-09
A_plusreport,satisfaction_2026,oc_rate_febapr,-0.6915310961246531,0.16487366894826097,2.737047922850051e-05
A_plusreport,satisfaction_2026,same_day_pct_12m,0.45453099746166226,0.12385187432765511,0.00024259169982213206
A_plusreport,satisfaction_2026,log_list,-0.35233126582629337,0.15971781398790824,0.02738673175351011
A_plusreport,satisfaction_2026,imd_score,-0.53481413711929,0.15189693161547413,0.00043008231544590256
A_plusreport,satisfaction_2026,partner_per10k,0.44698434089567063,0.1334303516123866,0.0008082760425202693
A_plusreport,satisfaction_2026,salaried_per10k,0.8770372632192052,0.1253842086890923,2.6564061101458175e-12
A_plusreport,satisfaction_2026,locum_per10k,0.12121383770043115,0.12208395533716249,0.32077195011057735
A_plusreport,satisfaction_2026,trainee_per10k,0.6792640503432709,0.14429095353779603,2.5065069182164283e-06
A_plusreport,satisfaction_2026,training_flag,1.7670661785472843,0.3426151361642027,2.501572818165219e-07
A_plusreport,satisfaction_2026,nurse10k_c,0.16032362343513878,0.13145121342801486,0.22260003294791042
A_plusreport,satisfaction_2026,dpc10k_c,-0.005553881656394588,0.11368612663726285,0.9610366317548932
A_plusreport,satisfaction_2026,admin10k_c,-0.4879200065467679,0.15237019797831627,0.0013638178067355666
A_plusreport,satisfaction_2026,appts_percap,-0.21495310483260033,0.23170248076301383,0.35355713212960105
A_plusreport,satisfaction_2026,pct65plus,0.2033447440938133,0.20022953275529418,0.3098398179765106
A_plusreport,satisfaction_2026,nonwhite_pct,-1.0548323468974936,0.18174599513440065,6.4796807210691305e-09
A_plusreport,satisfaction_2026,adm_x_size,0.05046933853416008,0.09654954615933063,0.6011621995854852
A_plusreport,satisfaction_2026,adm_x_oc,-0.0768654412123948,0.1250643366338648,0.5388141612404338
A_plusreport,satisfaction_2026,deflection_2026,-4.084910791624206,0.13635553661304808,3.4831020661843215e-197
A_plusreport,satisfaction_2026,continuity_2026,2.9790294192474547,0.13532682375926514,2.1339928875560635e-107
A_plusreport,satisfaction_2026,has_pref_hcp_2026,1.2534005920316138,0.13394506059440292,8.15897583769595e-21
A_plusreport,satisfaction_2026,_R2,0.5368470891146739,,
A_plusreport,satisfaction_2026,_n,4732.0,,
A_alone,satisfaction_2026,deflection_2026,-5.988264591673384,0.1324245537231105,0.0
A_alone,satisfaction_2026,_R2,0.3200787253878773,,
A_alone,satisfaction_2026,_n,4732.0,,
A_alone,satisfaction_2026,continuity_2026,5.7622625578168,0.12556533833416084,0.0
A_alone,satisfaction_2026,_R2,0.29637456680870156,,
A_alone,satisfaction_2026,_n,4732.0,,
A_alone,satisfaction_2026,has_pref_hcp_2026,2.2895772039710787,0.1587070692696176,3.5285435938590457e-47
A_alone,satisfaction_2026,_R2,0.04679133443370942,,
A_alone,satisfaction_2026,_n,4732.0,,
A_alone,satisfaction_2026,queue_answer,2.644078620617302,0.15719908307309374,1.7434501136640441e-63
A_alone,satisfaction_2026,_R2,0.06240272793331392,,
A_alone,satisfaction_2026,_n,4732.0,,
A_alone,satisfaction_2026,ivr_share,-2.2382247326539257,0.1692039036940886,6.049667337657904e-40
A_alone,satisfaction_2026,_R2,0.044715925816146584,,
A_alone,satisfaction_2026,_n,4732.0,,
A_alone,satisfaction_2026,monwed_gap,-0.6412119086346094,0.1606736814489473,6.585877830592731e-05
A_alone,satisfaction_2026,_R2,0.0036699318970684347,,
A_alone,satisfaction_2026,_n,4732.0,,
A_alone,satisfaction_2026,contacts_per_appt,-0.9323163625660369,0.16498371464006634,1.5955427411092787e-08
A_alone,satisfaction_2026,_R2,0.0077585659982286614,,
A_alone,satisfaction_2026,_n,4732.0,,
A_alone,satisfaction_2026,calls_per1k,1.104586581702279,0.17749776475726076,4.874222464609357e-10
A_alone,satisfaction_2026,_R2,0.010890664329973876,,
A_alone,satisfaction_2026,_n,4732.0,,
A_alone,satisfaction_2026,oc_rate_febapr,-1.889129682688027,0.15614901042786344,1.078872651433964e-33
A_alone,satisfaction_2026,_R2,0.03185505724352611,,
A_alone,satisfaction_2026,_n,4732.0,,
A_alone,satisfaction_2026,same_day_pct_12m,-0.6909980798101287,0.15336198929055062,6.616472686785966e-06
A_alone,satisfaction_2026,_R2,0.004261951734883085,,
A_alone,satisfaction_2026,_n,4732.0,,
A_alone,satisfaction_2026,log_list,-2.151784751349502,0.1541965914939813,2.9406795891917474e-44
A_alone,satisfaction_2026,_R2,0.04132877161192172,,
A_alone,satisfaction_2026,_n,4732.0,,
A_alone,satisfaction_2026,imd_score,-2.2200256381817196,0.14813909616192564,9.052982551515642e-51
A_alone,satisfaction_2026,_R2,0.04399170820772724,,
A_alone,satisfaction_2026,_n,4732.0,,
A_alone,satisfaction_2026,partner_per10k,2.2653953786899885,0.16018091504873777,2.0709292235920382e-45
A_alone,satisfaction_2026,_R2,0.045808162002183406,,
A_alone,satisfaction_2026,_n,4732.0,,
A_alone,satisfaction_2026,salaried_per10k,0.8746549874393587,0.15441032476095512,1.4746665521038957e-08
A_alone,satisfaction_2026,_R2,0.006828548524870026,,
A_alone,satisfaction_2026,_n,4732.0,,
A_alone,satisfaction_2026,locum_per10k,-0.2704974920035754,0.16829055184696273,0.1079832482783448
A_alone,satisfaction_2026,_R2,0.0006531024781430972,,
A_alone,satisfaction_2026,_n,4732.0,,
A_alone,satisfaction_2026,trainee_per10k,1.3902321824186064,0.147072158248383,3.3013276960291067e-21
A_alone,satisfaction_2026,_R2,0.017251605628316513,,
A_alone,satisfaction_2026,_n,4732.0,,
A_alone,satisfaction_2026,training_flag,1.9045499694277772,0.3149193759534751,1.4689330938065534e-09
A_alone,satisfaction_2026,_R2,0.007866925515292333,,
A_alone,satisfaction_2026,_n,4732.0,,
A_alone,satisfaction_2026,nurse10k_c,0.8358776424138465,0.15009733868428957,2.563469349651687e-08
A_alone,satisfaction_2026,_R2,0.006236490488963575,,
A_alone,satisfaction_2026,_n,4732.0,,
A_alone,satisfaction_2026,dpc10k_c,0.8636415434670517,0.15629550923730262,3.281810902191095e-08
A_alone,satisfaction_2026,_R2,0.00665766434581605,,
A_alone,satisfaction_2026,_n,4732.0,,
A_alone,satisfaction_2026,admin10k_c,0.8224085654577665,0.1583877579395578,2.076287552460806e-07
A_alone,satisfaction_2026,_R2,0.006037123996104454,,
A_alone,satisfaction_2026,_n,4732.0,,
A_alone,satisfaction_2026,appts_percap,1.1643658807522876,0.16242409903903068,7.572605885883834e-13
A_alone,satisfaction_2026,_R2,0.012101349050452681,,
A_alone,satisfaction_2026,_n,4732.0,,
A_alone,satisfaction_2026,pct65plus,2.8766814900287736,0.1580282014134839,4.832880115360717e-74
A_alone,satisfaction_2026,_R2,0.07386494927122877,,
A_alone,satisfaction_2026,_n,4732.0,,
A_alone,satisfaction_2026,nonwhite_pct,-2.7207193966654577,0.1491141325605781,2.2309212085513537e-74
A_alone,satisfaction_2026,_R2,0.06607274526618478,,
A_alone,satisfaction_2026,_n,4732.0,,
A_together,access_satisfaction_2026,queue_answer,3.1015264841650136,0.1900637023954556,7.308146941214261e-60
A_together,access_satisfaction_2026,ivr_share,-1.6796224147484609,0.1819464075570761,2.6708523018445976e-20
A_together,access_satisfaction_2026,monwed_gap,0.03248785451945696,0.16029119439095793,0.8393849845646999
A_together,access_satisfaction_2026,contacts_per_appt,-1.0375271728333157,0.36113999061742413,0.0040669398357626564
A_together,access_satisfaction_2026,calls_per1k,1.813703002975322,0.38423285839289245,2.354710207391962e-06
A_together,access_satisfaction_2026,oc_rate_febapr,-1.5886833585014717,0.23727167205307712,2.1474423816516253e-11
A_together,access_satisfaction_2026,same_day_pct_12m,-0.1746718207282807,0.17313681706197542,0.3130389788468503
A_together,access_satisfaction_2026,log_list,-2.0623253950112295,0.2243707546133795,3.870542734025268e-20
A_together,access_satisfaction_2026,imd_score,-2.1160095567136854,0.2142290069344407,5.220788120014597e-23
A_together,access_satisfaction_2026,partner_per10k,1.2761950045257535,0.19143050157807442,2.6175614248785877e-11
A_together,access_satisfaction_2026,salaried_per10k,1.14847271660522,0.18281416695763447,3.338437161368161e-10
A_together,access_satisfaction_2026,locum_per10k,0.17406900809224968,0.15121843563848808,0.2496871078985894
A_together,access_satisfaction_2026,trainee_per10k,0.16614524945445264,0.18792894425217258,0.37665007486689006
A_together,access_satisfaction_2026,training_flag,2.8608036498157716,0.4808632647536043,2.6927856896083203e-09
A_together,access_satisfaction_2026,nurse10k_c,0.2975692012474714,0.17969189462037213,0.09772246824518936
A_together,access_satisfaction_2026,dpc10k_c,0.5110912868387982,0.1651438842863174,0.001969295939404816
A_together,access_satisfaction_2026,admin10k_c,-1.2956055814242236,0.19975401837833637,8.814218521705564e-11
A_together,access_satisfaction_2026,appts_percap,-0.09421590041833827,0.33108047712806987,0.7759728363505922
A_together,access_satisfaction_2026,pct65plus,-0.21230842043046572,0.2766860609139559,0.44288768773359743
A_together,access_satisfaction_2026,nonwhite_pct,-1.3071805107735255,0.2468218201637458,1.1833494727616566e-07
A_together,access_satisfaction_2026,adm_x_size,-0.45029899458135714,0.12739520894222953,0.0004082971828442372
A_together,access_satisfaction_2026,adm_x_oc,0.15497259245170966,0.17391093699784,0.37287380843592477
A_together,access_satisfaction_2026,_R2,0.2965773506436049,,
A_together,access_satisfaction_2026,_n,4732.0,,
A_plusreport,access_satisfaction_2026,queue_answer,1.6680941710769566,0.13676577840537907,3.235904925521579e-34
A_plusreport,access_satisfaction_2026,ivr_share,-0.7916398223898676,0.13287314993768404,2.555599761850078e-09
A_plusreport,access_satisfaction_2026,monwed_gap,0.012036028928093023,0.12046124914692127,0.9204108637629149
A_plusreport,access_satisfaction_2026,contacts_per_appt,-0.47016204109841464,0.24911985972808062,0.05912099561093315
A_plusreport,access_satisfaction_2026,calls_per1k,1.8303017858275477,0.2934788747515252,4.4726688495056425e-10
A_plusreport,access_satisfaction_2026,oc_rate_febapr,-1.3076947058781219,0.17452362648095568,6.734874036929332e-14
A_plusreport,access_satisfaction_2026,same_day_pct_12m,0.5251654754281474,0.1306100017570322,5.798428164119979e-05
A_plusreport,access_satisfaction_2026,log_list,-0.8198432882327611,0.16646683026128883,8.437551857663356e-07
A_plusreport,access_satisfaction_2026,imd_score,-0.7305519723455249,0.16198536210243195,6.483141920262674e-06
A_plusreport,access_satisfaction_2026,partner_per10k,0.18726355535591144,0.14082986170658426,0.18361224738237603
A_plusreport,access_satisfaction_2026,salaried_per10k,0.6278016302835039,0.12784145563140342,9.071349262254327e-07
A_plusreport,access_satisfaction_2026,locum_per10k,0.03664397728937374,0.12754149000236936,0.7738747755386959
A_plusreport,access_satisfaction_2026,trainee_per10k,0.6973080565103651,0.1443334493489192,1.3569230128432824e-06
A_plusreport,access_satisfaction_2026,training_flag,1.6766992810079895,0.3557101087614777,2.432972098789501e-06
A_plusreport,access_satisfaction_2026,nurse10k_c,0.23702762275877948,0.13722635488487428,0.08411832524855879
A_plusreport,access_satisfaction_2026,dpc10k_c,0.24659898672666059,0.12249569559966773,0.044101618583154104
A_plusreport,access_satisfaction_2026,admin10k_c,-0.43791695730394187,0.1564665341671422,0.005129449941760332
A_plusreport,access_satisfaction_2026,appts_percap,-0.3779745028550765,0.23078430011792922,0.1014670600012584
A_plusreport,access_satisfaction_2026,pct65plus,-0.38199762676342464,0.20242387619220842,0.05914453166024864
A_plusreport,access_satisfaction_2026,nonwhite_pct,-0.6730572324023223,0.1876156045364669,0.0003339575487600597
A_plusreport,access_satisfaction_2026,adm_x_size,-0.10497309100842583,0.10100044797565974,0.2986499272743215
A_plusreport,access_satisfaction_2026,adm_x_oc,0.11337671351008713,0.1327330123646332,0.3930101503978547
A_plusreport,access_satisfaction_2026,deflection_2026,-5.747889926362698,0.13488044236935456,0.0
A_plusreport,access_satisfaction_2026,continuity_2026,3.3594113067784077,0.13692149133726245,6.206066015748876e-133
A_plusreport,access_satisfaction_2026,has_pref_hcp_2026,0.7266580735422289,0.13732919859569337,1.2141085933011232e-07
A_plusreport,access_satisfaction_2026,_R2,0.6171277165568121,,
A_plusreport,access_satisfaction_2026,_n,4732.0,,
A_alone,access_satisfaction_2026,deflection_2026,-7.701361717302149,0.13607658631686456,0.0
A_alone,access_satisfaction_2026,_R2,0.40353445556582523,,
A_alone,access_satisfaction_2026,_n,4732.0,,
A_alone,access_satisfaction_2026,continuity_2026,6.99980280693139,0.1380148049768817,0.0
A_alone,access_satisfaction_2026,_R2,0.33336284219721657,,
A_alone,access_satisfaction_2026,_n,4732.0,,
A_alone,access_satisfaction_2026,has_pref_hcp_2026,2.4142460252841085,0.18218474768187654,4.414712101030848e-40
A_alone,access_satisfaction_2026,_R2,0.03965597473291671,,
A_alone,access_satisfaction_2026,_n,4732.0,,
A_alone,access_satisfaction_2026,queue_answer,3.8595624184137036,0.17659967311287494,6.987410506169057e-106
A_alone,access_satisfaction_2026,_R2,0.10134952482568538,,
A_alone,access_satisfaction_2026,_n,4732.0,,
A_alone,access_satisfaction_2026,ivr_share,-3.0785015929003485,0.18848754929183265,5.781534776822612e-60
A_alone,access_satisfaction_2026,_R2,0.0644798983758349,,
A_alone,access_satisfaction_2026,_n,4732.0,,
A_alone,access_satisfaction_2026,monwed_gap,-1.0397348974504261,0.1796094694005249,7.08637943407007e-09
A_alone,access_satisfaction_2026,_R2,0.00735513791649145,,
A_alone,access_satisfaction_2026,_n,4732.0,,
A_alone,access_satisfaction_2026,contacts_per_appt,-1.1225446001202917,0.19445645617343432,7.799741337463495e-09
A_alone,access_satisfaction_2026,_R2,0.008573394129018141,,
A_alone,access_satisfaction_2026,_n,4732.0,,
A_alone,access_satisfaction_2026,calls_per1k,1.0404019875556385,0.20995007509030258,7.215443777720011e-07
A_alone,access_satisfaction_2026,_R2,0.007364579003345195,,
A_alone,access_satisfaction_2026,_n,4732.0,,
A_alone,access_satisfaction_2026,oc_rate_febapr,-2.566965292091408,0.17785878002028227,3.226663167552884e-47
A_alone,access_satisfaction_2026,_R2,0.04483173766076265,,
A_alone,access_satisfaction_2026,_n,4732.0,,
A_alone,access_satisfaction_2026,same_day_pct_12m,-0.8516550600591044,0.17595407973739394,1.2970064866342941e-06
A_alone,access_satisfaction_2026,_R2,0.00493483960143537,,
A_alone,access_satisfaction_2026,_n,4732.0,,
A_alone,access_satisfaction_2026,log_list,-3.1187373448958913,0.17159811417087795,8.193517220270189e-74
A_alone,access_satisfaction_2026,_R2,0.06617640649543688,,
A_alone,access_satisfaction_2026,_n,4732.0,,
A_alone,access_satisfaction_2026,imd_score,-2.3801394299826057,0.17270470532856946,3.291051605780971e-43
A_alone,access_satisfaction_2026,_R2,0.03854343150571016,,
A_alone,access_satisfaction_2026,_n,4732.0,,
A_alone,access_satisfaction_2026,partner_per10k,2.294214155335262,0.1812007378102168,9.703666070600466e-37
A_alone,access_satisfaction_2026,_R2,0.035810755969057695,,
A_alone,access_satisfaction_2026,_n,4732.0,,
A_alone,access_satisfaction_2026,salaried_per10k,0.7201576425472218,0.1746779444168369,3.7433734686274815e-05
A_alone,access_satisfaction_2026,_R2,0.0035285861641196625,,
A_alone,access_satisfaction_2026,_n,4732.0,,
A_alone,access_satisfaction_2026,locum_per10k,-0.18871088925586255,0.18494770325160598,0.3075637790862501
A_alone,access_satisfaction_2026,_R2,0.00024229223794147714,,
A_alone,access_satisfaction_2026,_n,4732.0,,
A_alone,access_satisfaction_2026,trainee_per10k,1.2388872601469423,0.16783653695739162,1.565029671636469e-13
A_alone,access_satisfaction_2026,_R2,0.010442612267260953,,
A_alone,access_satisfaction_2026,_n,4732.0,,
A_alone,access_satisfaction_2026,training_flag,1.0045573060404616,0.3617920713681457,0.0054928193327461305
A_alone,access_satisfaction_2026,_R2,0.001668247416623303,,
A_alone,access_satisfaction_2026,_n,4732.0,,
A_alone,access_satisfaction_2026,nurse10k_c,0.6172725742933336,0.17207446654562045,0.00033419546872924766
A_alone,access_satisfaction_2026,_R2,0.0025923852515096213,,
A_alone,access_satisfaction_2026,_n,4732.0,,
A_alone,access_satisfaction_2026,dpc10k_c,0.9248406036104075,0.18241999919678326,3.981457447270677e-07
A_alone,access_satisfaction_2026,_R2,0.005819415359873625,,
A_alone,access_satisfaction_2026,_n,4732.0,,
A_alone,access_satisfaction_2026,admin10k_c,0.6878230007982677,0.17959721711622798,0.0001282428678882786
A_alone,access_satisfaction_2026,_R2,0.0032188368760687203,,
A_alone,access_satisfaction_2026,_n,4732.0,,
A_alone,access_satisfaction_2026,appts_percap,0.972290072929137,0.1776478828403506,4.421538758467269e-08
A_alone,access_satisfaction_2026,_R2,0.006431870360897873,,
A_alone,access_satisfaction_2026,_n,4732.0,,
A_alone,access_satisfaction_2026,pct65plus,2.5960738231295,0.17747368961781237,1.8635439651180732e-48
A_alone,access_satisfaction_2026,_R2,0.04585425641828622,,
A_alone,access_satisfaction_2026,_n,4732.0,,
A_alone,access_satisfaction_2026,nonwhite_pct,-2.4971838595138225,0.17272171566038755,2.236911530153684e-47
A_alone,access_satisfaction_2026,_R2,0.042427419436446456,,
A_alone,access_satisfaction_2026,_n,4732.0,,
A_together,phone_easy_2026,queue_answer,6.212612629293981,0.24558437022054133,3.4235324976610176e-141
A_together,phone_easy_2026,ivr_share,-3.3607594095459703,0.23639888353806687,7.240692601826941e-46
A_together,phone_easy_2026,monwed_gap,-0.1657761368571451,0.2149085018837338,0.4404816802153413
A_together,phone_easy_2026,contacts_per_appt,-1.757897017578919,0.43830049850919134,6.053594650132171e-05
A_together,phone_easy_2026,calls_per1k,3.9939603832591972,0.47311976859593025,3.12612520262552e-17
A_together,phone_easy_2026,oc_rate_febapr,-3.5925356262990467,0.3042472705588141,3.5512708016669875e-32
A_together,phone_easy_2026,same_day_pct_12m,-0.6120187038970317,0.22311716687697364,0.006087377627123938
A_together,phone_easy_2026,log_list,-4.5281205433119585,0.2821846537673382,6.032644322978879e-58
A_together,phone_easy_2026,imd_score,-3.0676059537000953,0.26703840826403,1.5244556004174742e-30
A_together,phone_easy_2026,partner_per10k,1.4065207783348321,0.23995943804921244,4.5872137778118325e-09
A_together,phone_easy_2026,salaried_per10k,1.0096541339303984,0.25432697786889386,7.190106518714744e-05
A_together,phone_easy_2026,locum_per10k,0.14585785615787417,0.18859751066383681,0.4392965397359718
A_together,phone_easy_2026,trainee_per10k,0.08663551897110283,0.2447847444442628,0.72339485113132
A_together,phone_easy_2026,training_flag,3.123399848372732,0.6195874062970673,4.6287219012742045e-07
A_together,phone_easy_2026,nurse10k_c,0.3590144077586069,0.22600103450743572,0.11216155993841437
A_together,phone_easy_2026,dpc10k_c,1.0518265098632065,0.21245475072552672,7.389914320322869e-07
A_together,phone_easy_2026,admin10k_c,-1.6715558486788487,0.2623365887791022,1.868244025580644e-10
A_together,phone_easy_2026,appts_percap,-0.3104982015687272,0.4204912144323251,0.4602605953150245
A_together,phone_easy_2026,pct65plus,-1.3033202818561667,0.35934040721197685,0.00028675607737661926
A_together,phone_easy_2026,nonwhite_pct,-1.1330170782195643,0.3043873800577429,0.0001974267159737212
A_together,phone_easy_2026,adm_x_size,-0.6621015631813425,0.19564370830743655,0.0007138050041481072
A_together,phone_easy_2026,adm_x_oc,0.46153736575045484,0.2293722000464885,0.044201327867243546
A_together,phone_easy_2026,_R2,0.467777719348499,,
A_together,phone_easy_2026,_n,4732.0,,
A_plusreport,phone_easy_2026,queue_answer,4.56570352235813,0.199136396465621,2.4701612030429792e-116
A_plusreport,phone_easy_2026,ivr_share,-2.3686577831725226,0.18745194078210312,1.3354721052778682e-36
A_plusreport,phone_easy_2026,monwed_gap,-0.16522631953577585,0.1732399333161581,0.3402139067168102
A_plusreport,phone_easy_2026,contacts_per_appt,-1.1237323450760632,0.338429745829805,0.0008987883446821434
A_plusreport,phone_easy_2026,calls_per1k,3.9607812322215383,0.38523929073271335,8.551832302496585e-25
A_plusreport,phone_easy_2026,oc_rate_febapr,-3.083386019661557,0.24318440105394343,7.710534670463699e-37
A_plusreport,phone_easy_2026,same_day_pct_12m,0.2143492858095719,0.17973459889856733,0.23303085505001142
A_plusreport,phone_easy_2026,log_list,-2.9343216787383586,0.23039790943953145,3.7357739498758685e-37
A_plusreport,phone_easy_2026,imd_score,-1.488923716199001,0.2206200055316886,1.4905696897394605e-11
A_plusreport,phone_easy_2026,partner_per10k,0.16541311175067674,0.18942019744937857,0.38252129103268284
A_plusreport,phone_easy_2026,salaried_per10k,0.4027387996568703,0.1903659528731309,0.034378578148124415
A_plusreport,phone_easy_2026,locum_per10k,-0.014042188414844836,0.16176826558348378,0.9308270334642064
A_plusreport,phone_easy_2026,trainee_per10k,0.7719064216304333,0.19873133433110698,0.00010267976167287397
A_plusreport,phone_easy_2026,training_flag,1.7414587668810313,0.4998570775596226,0.0004941393597581403
A_plusreport,phone_easy_2026,nurse10k_c,0.30224055097400576,0.18422953750261004,0.10088772302229909
A_plusreport,phone_easy_2026,dpc10k_c,0.7160999379929833,0.16416998425384413,1.2891308962925762e-05
A_plusreport,phone_easy_2026,admin10k_c,-0.6676368833020698,0.21634146135326324,0.0020284632615733787
A_plusreport,phone_easy_2026,appts_percap,-0.5881844206729345,0.3235132724450252,0.06904651658011367
A_plusreport,phone_easy_2026,pct65plus,-1.3967976066008367,0.28466757516573227,9.258967974718143e-07
A_plusreport,phone_easy_2026,nonwhite_pct,-0.22369425383015162,0.25364569059813136,0.3778221040121277
A_plusreport,phone_easy_2026,adm_x_size,-0.22370880344687968,0.17058540516156853,0.18971651631022357
A_plusreport,phone_easy_2026,adm_x_oc,0.3811969285543162,0.18993602958869896,0.04475228824154461
A_plusreport,phone_easy_2026,deflection_2026,-5.881533907895078,0.18474239811402596,2.0302228832082307e-222
A_plusreport,phone_easy_2026,continuity_2026,4.946369661282548,0.19196223612808216,2.0571256392024716e-146
A_plusreport,phone_easy_2026,has_pref_hcp_2026,0.4930283281309633,0.18715541491419962,0.008430456424459467
A_plusreport,phone_easy_2026,_R2,0.6622598977242302,,
A_plusreport,phone_easy_2026,_n,4732.0,,
A_alone,phone_easy_2026,deflection_2026,-9.021638806726127,0.21328758455268448,0.0
A_alone,phone_easy_2026,_R2,0.24959895001264287,,
A_alone,phone_easy_2026,_n,4732.0,,
A_alone,phone_easy_2026,continuity_2026,10.851931576342954,0.19460852485895497,0.0
A_alone,phone_easy_2026,_R2,0.3611486339920543,,
A_alone,phone_easy_2026,_n,4732.0,,
A_alone,phone_easy_2026,has_pref_hcp_2026,4.620218613114554,0.25750158788706157,5.494134612610263e-72
A_alone,phone_easy_2026,_R2,0.0654631552133822,,
A_alone,phone_easy_2026,_n,4732.0,,
A_alone,phone_easy_2026,queue_answer,8.024559132683603,0.23827034115317877,1.198331829999595e-248
A_alone,phone_easy_2026,_R2,0.197475965728652,,
A_alone,phone_easy_2026,_n,4732.0,,
A_alone,phone_easy_2026,ivr_share,-5.999623774070235,0.2745780443225477,7.715547247836465e-106
A_alone,phone_easy_2026,_R2,0.11038750507443817,,
A_alone,phone_easy_2026,_n,4732.0,,
A_alone,phone_easy_2026,monwed_gap,-2.5212020413657736,0.27677937232821287,8.309291339256848e-20
A_alone,phone_easy_2026,_R2,0.01949338153618363,,
A_alone,phone_easy_2026,_n,4732.0,,
A_alone,phone_easy_2026,contacts_per_appt,-0.7079076583687736,0.2705973406822471,0.008894247354146305
A_alone,phone_easy_2026,_R2,0.0015368274332870913,,
A_alone,phone_easy_2026,_n,4732.0,,
A_alone,phone_easy_2026,calls_per1k,3.2347390134845733,0.3081550858975666,8.906161215911405e-26
A_alone,phone_easy_2026,_R2,0.03208857091559114,,
A_alone,phone_easy_2026,_n,4732.0,,
A_alone,phone_easy_2026,oc_rate_febapr,-6.405511908856812,0.25944434388555504,1.3918481186381666e-134
A_alone,phone_easy_2026,_R2,0.12582865919123543,,
A_alone,phone_easy_2026,_n,4732.0,,
A_alone,phone_easy_2026,same_day_pct_12m,-1.7850833899621488,0.2570474468561114,3.796210668928416e-12
A_alone,phone_easy_2026,_R2,0.009772122462493371,,
A_alone,phone_easy_2026,_n,4732.0,,
A_alone,phone_easy_2026,log_list,-7.976889187920796,0.22838496715889783,2.855658586024087e-267
A_alone,phone_easy_2026,_R2,0.1951367201091676,,
A_alone,phone_easy_2026,_n,4732.0,,
A_alone,phone_easy_2026,imd_score,-1.7728792243677196,0.24917022265827365,1.1180512910333319e-12
A_alone,phone_easy_2026,_R2,0.009638960141827968,,
A_alone,phone_easy_2026,_n,4732.0,,
A_alone,phone_easy_2026,partner_per10k,3.4100160603682026,0.25666367113738586,2.7935859527841273e-40
A_alone,phone_easy_2026,_R2,0.03566027859797105,,
A_alone,phone_easy_2026,_n,4732.0,,
A_alone,phone_easy_2026,salaried_per10k,-0.23182465504316568,0.27075632770493896,0.3918808567004528
A_alone,phone_easy_2026,_R2,0.0001648128720064257,,
A_alone,phone_easy_2026,_n,4732.0,,
A_alone,phone_easy_2026,locum_per10k,0.4078409251026027,0.2538675695589118,0.10816178199521234
A_alone,phone_easy_2026,_R2,0.0005100978457597272,,
A_alone,phone_easy_2026,_n,4732.0,,
A_alone,phone_easy_2026,trainee_per10k,0.6451959373814431,0.26286968307976005,0.014110708760647368
A_alone,phone_easy_2026,_R2,0.0012766008555518127,,
A_alone,phone_easy_2026,_n,4732.0,,
A_alone,phone_easy_2026,training_flag,-3.528361889613471,0.5306010398059721,2.936001972051051e-11
A_alone,phone_easy_2026,_R2,0.009276487780806808,,
A_alone,phone_easy_2026,_n,4732.0,,
A_alone,phone_easy_2026,nurse10k_c,-0.015321395757137424,0.27967625202369384,0.9563116527646462
A_alone,phone_easy_2026,_R2,7.1989398431338e-07,,
A_alone,phone_easy_2026,_n,4732.0,,
A_alone,phone_easy_2026,dpc10k_c,0.9025275001611539,0.28833320724004613,0.0017471435765283028
A_alone,phone_easy_2026,_R2,0.0024980019356678484,,
A_alone,phone_easy_2026,_n,4732.0,,
A_alone,phone_easy_2026,admin10k_c,0.6709064386636086,0.27253034203632875,0.0138254115901069
A_alone,phone_easy_2026,_R2,0.0013803709233275452,,
A_alone,phone_easy_2026,_n,4732.0,,
A_alone,phone_easy_2026,appts_percap,0.748190436410455,0.25905795616220967,0.0038755212178956506
A_alone,phone_easy_2026,_R2,0.0017167070402516194,,
A_alone,phone_easy_2026,_n,4732.0,,
A_alone,phone_easy_2026,pct65plus,2.4464529937697574,0.26032835896225165,5.583970710281075e-21
A_alone,phone_easy_2026,_R2,0.01835462999869164,,
A_alone,phone_easy_2026,_n,4732.0,,
A_alone,phone_easy_2026,nonwhite_pct,-1.8012997798735424,0.24325863497475786,1.3127408161044253e-13
A_alone,phone_easy_2026,_R2,0.009950476419387178,,
A_alone,phone_easy_2026,_n,4732.0,,
B_allpractices,satisfaction_2026,deflection_2026,-4.347211887416603,0.12658983808044538,1.9241437172045848e-258
B_allpractices,satisfaction_2026,continuity_2026,3.2127253673336726,0.12382091864902386,1.9889684410433464e-148
B_allpractices,satisfaction_2026,has_pref_hcp_2026,1.248863790916553,0.1212042445693425,6.773462333098463e-25
B_allpractices,satisfaction_2026,oc_rate_febapr,-1.2858993730561457,0.10876880877827606,2.9931249226036373e-32
B_allpractices,satisfaction_2026,same_day_pct_12m,0.5716728029240823,0.11335754733980864,4.5806331988041116e-07
B_allpractices,satisfaction_2026,log_list,-0.9511121151048356,0.1355755084685621,2.2934412193722737e-12
B_allpractices,satisfaction_2026,imd_score,-0.1977306631726219,0.1320442718475734,0.13427429965703172
B_allpractices,satisfaction_2026,partner_per10k,0.5683919396333632,0.12294022715406426,3.776475097485661e-06
B_allpractices,satisfaction_2026,salaried_per10k,1.0030382688256436,0.11549015407093556,3.7856122570178205e-18
B_allpractices,satisfaction_2026,locum_per10k,0.12445283848664984,0.10857279963278202,0.2516868980888223
B_allpractices,satisfaction_2026,trainee_per10k,0.7167602893855586,0.13178131164003623,5.357649550532938e-08
B_allpractices,satisfaction_2026,training_flag,1.669655384288584,0.3132914729085509,9.853808939732308e-08
B_allpractices,satisfaction_2026,nurse10k_c,0.2550647370045551,0.12173205915711316,0.036144658365465675
B_allpractices,satisfaction_2026,dpc10k_c,-0.02830029045747251,0.10958913403115772,0.7962217419406228
B_allpractices,satisfaction_2026,admin10k_c,-0.4537472411440475,0.13847233473341616,0.00104987770752304
B_allpractices,satisfaction_2026,appts_percap,-0.053126683925679874,0.18034835139756886,0.7683161547366014
B_allpractices,satisfaction_2026,pct65plus,0.519000405862561,0.18582689004469335,0.005223394101850715
B_allpractices,satisfaction_2026,nonwhite_pct,-1.0398819493173517,0.1687822641451763,7.224799695959023e-10
B_allpractices,satisfaction_2026,adm_x_size,0.04274477518998929,0.08721373091291129,0.6240523825962752
B_allpractices,satisfaction_2026,adm_x_oc,-0.18783717210628312,0.10493639820354081,0.073452349832577
B_allpractices,satisfaction_2026,_R2,0.5306454589444303,,
B_allpractices,satisfaction_2026,_n,5912.0,,
B_allpractices,access_satisfaction_2026,deflection_2026,-6.2282378902119,0.12462014851251701,0.0
B_allpractices,access_satisfaction_2026,continuity_2026,3.6278253107232548,0.1276643484967149,1.2503018371609476e-177
B_allpractices,access_satisfaction_2026,has_pref_hcp_2026,0.7100484217302538,0.12778863468804721,2.7535031181632e-08
B_allpractices,access_satisfaction_2026,oc_rate_febapr,-1.961910321765655,0.11471767893738107,1.4321388570304267e-65
B_allpractices,access_satisfaction_2026,same_day_pct_12m,0.596605150547544,0.11937482897346785,5.800412501865712e-07
B_allpractices,access_satisfaction_2026,log_list,-1.6108027741384028,0.14010764982286286,1.3674849145533439e-30
B_allpractices,access_satisfaction_2026,imd_score,-0.3735562957897183,0.13901097318013106,0.007204447092893475
B_allpractices,access_satisfaction_2026,partner_per10k,0.33263964020255243,0.13020002494812757,0.010623800551282415
B_allpractices,access_satisfaction_2026,salaried_per10k,0.7459340784104397,0.11826770418688648,2.841904288577946e-10
B_allpractices,access_satisfaction_2026,locum_per10k,0.02096955319838667,0.11435842057048515,0.8545101171495211
B_allpractices,access_satisfaction_2026,trainee_per10k,0.7433076372810672,0.136766477905286,5.483727512483957e-08
B_allpractices,access_satisfaction_2026,training_flag,1.4144263436170985,0.3302053055232769,1.8399634894662374e-05
B_allpractices,access_satisfaction_2026,nurse10k_c,0.3312147889064174,0.12838974403872933,0.009886886085560015
B_allpractices,access_satisfaction_2026,dpc10k_c,0.21937181683459683,0.11569197685053198,0.05793738469383406
B_allpractices,access_satisfaction_2026,admin10k_c,-0.4468378889606343,0.14432120797714085,0.0019606132496325867
B_allpractices,access_satisfaction_2026,appts_percap,-0.12885285953475378,0.16329628309633828,0.4300687275878633
B_allpractices,access_satisfaction_2026,pct65plus,-0.0476707852175533,0.18981881328773154,0.8017071400575753
B_allpractices,access_satisfaction_2026,nonwhite_pct,-0.6747960948827771,0.1757145016312645,0.00012288492084771167
B_allpractices,access_satisfaction_2026,adm_x_size,-0.1075814189962414,0.0936714872697986,0.25076346450316045
B_allpractices,access_satisfaction_2026,adm_x_oc,-0.12448407004137885,0.11333396003176768,0.2720373786802147
B_allpractices,access_satisfaction_2026,_R2,0.6043392642321735,,
B_allpractices,access_satisfaction_2026,_n,5912.0,,
B_allpractices,phone_easy_2026,deflection_2026,-6.952215325765339,0.17792606731660576,0.0
B_allpractices,phone_easy_2026,continuity_2026,5.550062362470017,0.19163162705593118,1.9735971078826148e-184
B_allpractices,phone_easy_2026,has_pref_hcp_2026,0.5586573795803398,0.18845930594869692,0.0030333335300397938
B_allpractices,phone_easy_2026,oc_rate_febapr,-4.350163263302517,0.18034192136928298,1.4781538549879343e-128
B_allpractices,phone_easy_2026,same_day_pct_12m,0.1835960446920617,0.1736820879871954,0.29047459692677347
B_allpractices,phone_easy_2026,log_list,-5.275616806058972,0.21156760142778286,3.041309885697189e-137
B_allpractices,phone_easy_2026,imd_score,-0.9228245079477527,0.20278455070569243,5.3451631335518835e-06
B_allpractices,phone_easy_2026,partner_per10k,0.2776222208905259,0.1910311745833617,0.14614539526930312
B_allpractices,phone_easy_2026,salaried_per10k,0.505455047007332,0.1936942404810349,0.009066106520138168
B_allpractices,phone_easy_2026,locum_per10k,0.029125771110987686,0.162443291315064,0.8577036501613362
B_allpractices,phone_easy_2026,trainee_per10k,0.983580233706522,0.20530892807465342,1.6617322452159588e-06
B_allpractices,phone_easy_2026,training_flag,1.6425746807746617,0.5011304457335607,0.0010464219523457533
B_allpractices,phone_easy_2026,nurse10k_c,0.25784754348820593,0.19236646415142372,0.18011612129189591
B_allpractices,phone_easy_2026,dpc10k_c,0.5808428833013957,0.17362948250262042,0.0008219331438605664
B_allpractices,phone_easy_2026,admin10k_c,-0.7513353013528161,0.20990733865322894,0.00034442811153273165
B_allpractices,phone_easy_2026,appts_percap,0.31437513026569164,0.22430600859588812,0.16105094038599743
B_allpractices,phone_easy_2026,pct65plus,-1.1943646637388514,0.2832706627031549,2.48302273433021e-05
B_allpractices,phone_easy_2026,nonwhite_pct,-0.5643461158986657,0.2557025408805773,0.027311161101895347
B_allpractices,phone_easy_2026,adm_x_size,-0.2578707769857339,0.16705082366276897,0.12266912164267982
B_allpractices,phone_easy_2026,adm_x_oc,0.02219930056710706,0.18831035912758623,0.9061573737506307
B_allpractices,phone_easy_2026,_R2,0.5939341952380948,,
B_allpractices,phone_easy_2026,_n,5912.0,,
C_continuity,continuity_2026,queue_answer,2.182465169574589,0.2573659959350059,2.2518247976884997e-17
C_continuity,continuity_2026,ivr_share,-1.0180685579630284,0.24662111995281835,3.6582520312852384e-05
C_continuity,continuity_2026,monwed_gap,-0.1413711799860777,0.23214458141702693,0.5425383443816861
C_continuity,continuity_2026,contacts_per_appt,-0.7718869970551041,0.4966044598363053,0.12010582331545291
C_continuity,continuity_2026,calls_per1k,0.7798408158445966,0.49337589063208287,0.11396447910999301
C_continuity,continuity_2026,oc_rate_febapr,-2.9236393718322784,0.32901057901758346,6.325944806183638e-19
C_continuity,continuity_2026,same_day_pct_12m,-1.52176132614223,0.2559781014409012,2.7664473823215784e-09
C_continuity,continuity_2026,log_list,-4.096485757945051,0.32861264676285373,1.1442508753295925e-35
C_continuity,continuity_2026,imd_score,-1.7769212940550925,0.30151278473578197,3.784366158033927e-09
C_continuity,continuity_2026,partner_per10k,2.0732707748970927,0.2854890670469693,3.8092272973238375e-13
C_continuity,continuity_2026,salaried_per10k,0.9004689705880559,0.2788282422247214,0.0012401751679661113
C_continuity,continuity_2026,locum_per10k,0.25009034277472925,0.22066567946092575,0.25706940449072824
C_continuity,continuity_2026,trainee_per10k,-1.9762159053518455,0.3173712778479942,4.75977502453483e-10
C_continuity,continuity_2026,training_flag,2.0668309542196743,0.7208541756419145,0.004141250982964086
C_continuity,continuity_2026,nurse10k_c,-0.11508611770985476,0.2752699263585054,0.675885262319921
C_continuity,continuity_2026,dpc10k_c,0.658463562350537,0.25247003610782875,0.009105008036977624
C_continuity,continuity_2026,admin10k_c,-1.6855752840427325,0.3037428019506635,2.8673274420964637e-08
C_continuity,continuity_2026,appts_percap,-0.246463121141285,0.4706047613058694,0.6004762658135466
C_continuity,continuity_2026,pct65plus,-0.4740349142711279,0.41933381152937954,0.25828765298232137
C_continuity,continuity_2026,nonwhite_pct,-1.980720670971042,0.3393694547630541,5.33173871317689e-09
C_continuity,continuity_2026,adm_x_size,-0.997150003675376,0.186313072033025,8.698109643318665e-08
C_continuity,continuity_2026,adm_x_oc,0.3776125001383526,0.24034442410127213,0.11615229594998254
C_continuity,continuity_2026,_R2,0.22887667751879692,,
C_continuity,continuity_2026,_n,4786.0,,
D_phoneonly,phone_easy_2026,queue_answer,6.625834348418844,0.26781334468078105,3.924014367918313e-135
D_phoneonly,phone_easy_2026,ivr_share,-4.171782195529856,0.2643876258422641,4.33753615817744e-56
D_phoneonly,phone_easy_2026,ivr_morning_excess,-0.21104097241999523,0.21910813012370178,0.33545627572902226
D_phoneonly,phone_easy_2026,calls_per1k,3.417401425676819,0.4295724567519004,1.7861848789410233e-15
D_phoneonly,phone_easy_2026,log_list,-3.7949540010955514,0.30181315048702134,2.9403913185722033e-36
D_phoneonly,phone_easy_2026,_R2,0.36358086582254934,,
D_phoneonly,phone_easy_2026,_n,4551.0,,
D_phoneonly,deflection_2026,queue_answer,-0.9757295814111667,0.09454968288748629,5.736924159407747e-25
D_phoneonly,deflection_2026,ivr_share,0.9686186165425197,0.08858062912039423,7.850912804283012e-28
D_phoneonly,deflection_2026,ivr_morning_excess,-0.3899212941975983,0.08680727189826369,7.0622238623236406e-06
D_phoneonly,deflection_2026,calls_per1k,0.6679868250865565,0.10349250127137335,1.0861505254239155e-10
D_phoneonly,deflection_2026,log_list,-0.12202384958322118,0.09399486971093846,0.19421967905980153
D_phoneonly,deflection_2026,_R2,0.10354508177331034,,
D_phoneonly,deflection_2026,_n,4551.0,,
D_phoneonly,couldnt_contact_2026,queue_answer,-0.1731480271253834,0.02938914603416595,3.825580421558359e-09
D_phoneonly,couldnt_contact_2026,ivr_share,0.23170143532088536,0.029475588915276338,3.817161350447099e-15
D_phoneonly,couldnt_contact_2026,ivr_morning_excess,-0.0144860739474036,0.02573637383297403,0.5735276115405039
D_phoneonly,couldnt_contact_2026,calls_per1k,-0.3018964853965057,0.036427238299096845,1.1550031721197389e-16
D_phoneonly,couldnt_contact_2026,log_list,-0.03599920891145237,0.031167688843677786,0.24808348534756874
D_phoneonly,couldnt_contact_2026,_R2,0.05027678209376152,,
D_phoneonly,couldnt_contact_2026,_n,4551.0,,
E_ext_deflection,deflection_2026,imd_score,1.0793183862754159,0.09911389739981638,1.290964967211111e-27
E_ext_deflection,deflection_2026,queue_answer,-0.9072198309254828,0.08734761354300535,2.8619770492876723e-25
E_ext_deflection,deflection_2026,ivr_share,0.6935891381505682,0.08396878558537046,1.4557121131743533e-16
E_ext_deflection,deflection_2026,fq_per10k,-0.44918668222856245,0.07214332237808542,4.775490335916773e-10
E_ext_deflection,deflection_2026,nonwhite_pct,0.46219273437930414,0.11695243742219101,7.750987706857233e-05
E_ext_deflection,deflection_2026,appts_percap,-0.30984779168007964,0.152021607893335,0.041531677821322104
E_ext_deflection,deflection_2026,calls_per1k,0.22850993937214123,0.15990406355299538,0.1529915931623633
E_ext_deflection,deflection_2026,oc_rate_febapr,-0.3142739665001161,0.09579805159121847,0.001035908359150674
E_ext_deflection,deflection_2026,contacts_per_appt,0.3948928111797395,0.17912294159414024,0.027482813276779792
E_ext_deflection,deflection_2026,same_day_pct_12m,0.2955188168242356,0.07865645142726815,0.00017190548962257353
E_ext_deflection,deflection_2026,ivr_morning_excess,-0.22552875799949526,0.0786331618681007,0.004129286178566376
E_ext_deflection,deflection_2026,log_list,0.19937315224205254,0.08931837227974013,0.02560420189684445
E_ext_deflection,deflection_2026,pct65plus,-0.06360380461858399,0.11925407449688027,0.5937933882916728
E_ext_deflection,deflection_2026,_R2,0.20546002762313786,,
E_ext_deflection,deflection_2026,_n,4741.0,,
