gp_code,gp_name,pcn_name,region,satisfaction_2026,access_satisfaction_2026,phone_easy_2026,has_pref_hcp_2026,continuity_2026,gpps_n_2026,satisfaction,access_satisfaction,phone_easy,has_pref_hcp,continuity,gpps_n,imd_score,list_size,appts_percap,sd_share,gp_per10k
A81622,GLADSTONE HOUSE SURGERY,HARTLEPOOL PCN,NORTH EAST AND YORKSHIRE COMMISSIONING REGION,57.486279807093396,54.774454629374304,41.5075636222405,10.3601328853711,24.02275436522488,56.1879363871817,71.2191945,52.888997399999994,28.5018384,31.4905979,8.3425082,62.10879608,45.48,5632.166666666667,481.445861568964,34.091398014690064,2.6703755213801674
A82071,BURNETT EDGAR MEDICAL CTR,BARROW TOGETHER PCN,NORTH WEST COMMISSIONING REGION,84.2605980678147,80.03072762321291,75.8261085295526,35.8758401381716,37.692737657732216,44.1279593520949,91.1239341,89.2770568,89.7176631,51.950703600000004,76.1776497,48.70004189,23.75,4137.583333333333,525.9712795311273,34.799923415661496,6.203299027290488
A82613,WRAYSDALE HOUSE SURGERY,GRANGE AND LAKES PCN,NORTH WEST COMMISSIONING REGION,95.19249197076219,94.71676954528606,93.7778999207634,15.5262867353326,60.25314902323471,10.9303521876742,100.0,100.0,99.2464273,29.9689231,86.9811097,12.93875649,16.77,1027.3333333333333,434.78260869565224,35.85820895522388,13.757300454899418
A84614,THE ADDERLANE SURGERY, ,NORTH EAST AND YORKSHIRE COMMISSIONING REGION,93.73151776410126,98.3738766483499,96.71417223150156,56.0626843818879,91.1303581168593,23.0159804335264,99.324529,99.69673139999999,98.80217019999999,51.9836352,97.7104326,23.97212718,18.58,2201.5833333333335,482.1151444036489,55.69600376854832,6.041712403800295
A85014,CRAWCROOK MEDICAL CENTRE,GATESHEAD OUTER WEST PCN,NORTH EAST AND YORKSHIRE COMMISSIONING REGION,62.178081659092896,62.1203505428463,32.85526923289273,18.2013954261762,47.294918286615,211.417126069729,67.48022209999999,63.8426049,23.6041508,11.2058079,24.4023078,230.4723716,19.62,20223.083333333332,451.6909307433338,29.264243032431693,3.9492823795250476
A89032,NEW SILKSWORTH MEDICAL PRACTICE,SUNDERLAND CENTRAL PCN,NORTH EAST AND YORKSHIRE COMMISSIONING REGION,77.57407920796629,66.40430170903791,38.668938048361,29.853737948430798,39.220686303669275,96.5422330219701,74.2335435,67.9890667,30.958457499999998,39.0768804,21.883617100000002,105.625041,26.08,9182.083333333334,374.6789490402505,42.6557504117818,5.10559513545401
B81648,THE KILLINGHOLME SURGERY,NORTH LINCOLNSHIRE EAST PCN,NORTH EAST AND YORKSHIRE COMMISSIONING REGION,91.46540906639311,82.59983681484331,96.43788451564829,37.6840382010398,77.9114348478012,17.10009800056,83.2563674,86.381021,91.9963912,42.003314200000005,75.34227440000001,18.45431623,25.6,1630.9166666666667,645.7002708088497,31.423597372794177,8.584129579479843
B83054,HAIGH HALL MEDICAL PRACTICE,AFFINITY CARE PCN,NORTH EAST AND YORKSHIRE COMMISSIONING REGION,70.7919217155231,50.90835351204339,26.39022270876103,41.531455505333795,28.8833505511085,63.1490433221854,70.916176,63.05450770000001,41.3704399,43.1663452,31.1851631,70.0987883,,6240.416666666667,450.29044534953596,52.974495848161325,4.166388462148627
B86104,BRAMLEY VILLAGE HEALTH & WELLBEING CTR, ,NORTH EAST AND YORKSHIRE COMMISSIONING REGION,68.0421468091797,50.8605045563193,49.3441054324264,19.3679139735019,24.822166206969086,161.365026911421,63.54599210000001,52.9152639,44.175047,16.694252300000002,23.4298488,169.6750896,37.36,17182.583333333332,336.90122265278313,30.59050470733884,3.6180046655964615
C81033,SHIRES HEALTHCARE,NORTH HARDWICK AND BOLSOVER PCN,MIDLANDS COMMISSIONING REGION,87.47517225372721,82.3174189042298,59.352623583100005,35.4648101888058,40.0257720381761,165.377116218307,79.72449569999999,75.4386638,60.8483392,52.0778454,32.2395512,180.2717138,35.26,16082.083333333334,685.8615954607872,43.968389480284976,7.9757494106588585
C87015,WICKERSLEY HEALTH CENTRE,MALTBY WICKERSLEY PCN,NORTH EAST AND YORKSHIRE COMMISSIONING REGION,78.6781561501243,75.3080957012931,44.630936046903194,44.820294135711194,51.3099854288372,70.2846492413821,79.75045109999999,56.085386199999995,37.956178699999995,39.947456599999995,33.366875,76.84849099,16.5,6801.25,617.8153525699933,46.867500942030425,3.2935122220180117
C88069,CLOVER GROUP PRACTICE,SEVEN HILLS PCN,NORTH EAST AND YORKSHIRE COMMISSIONING REGION,61.3921007303541,53.9819689081033,43.0924045924591,29.692215327971898,24.62799986768244,151.819311034136,59.5303708,56.806829699999994,40.6196868,18.7652758,33.3403115,161.3280943,49.28,15956.25,679.6814205509858,51.05884341719045,7.910463506964356
C88082,CARRFIELD MEDICAL CENTRE,HEELEY PLUS PCN,NORTH EAST AND YORKSHIRE COMMISSIONING REGION,79.17587473006739,79.06424257634418,71.4442633604202,22.2554913409422,32.44658525859212,67.8164245305809,76.7273232,80.1117259,66.6234753,23.6246488,44.4288956,62.532815,28.64,6294.5,546.2705536579554,41.27041830255441,4.617788016045754
C88086,SOUTHEY GREEN MEDICAL CTR,FOUNDRY PCN,NORTH EAST AND YORKSHIRE COMMISSIONING REGION,70.39120148119939,64.0616773397968,40.586584152737906,49.2488160195686,48.739235456950006,24.6146443411948,61.9803728,59.55211419999999,53.6578478,43.8500254,41.3070708,26.73781519,51.98,2601.8333333333335,324.8670809044904,51.22744750073942,6.661969124591633
D83064,GLEMSFORD SURGERY,WEST SUFFOLK RURAL PCN,EAST OF ENGLAND COMMISSIONING REGION,66.9980568258657,71.8526008531791,38.97270167411801,19.5046396317004,-19400.0,38.4169570910744,61.0789162,50.6649489,33.9159389,26.9188818,35.001105700000004,52.4279688,,,,,
D83070,STANTON SURGERY,BLACKBOURNE PCN,EAST OF ENGLAND COMMISSIONING REGION,85.9809884177133,79.3253057594854,78.2164233375333,40.5944116231098,45.9459238198278,54.1145107020001,87.86483380000001,80.3558414,73.3307345,44.5138988,32.6899043,59.10177171,17.18,5151.833333333333,466.4844230209311,31.60303755331322,9.52411762809356
E82105,ABBOTSWOOD MEDICAL CENTRE,NORTH WATFORD PCN,EAST OF ENGLAND COMMISSIONING REGION,84.8103704192704,82.1919430622098,87.2631256458734,22.911491323933202,78.0637287264844,48.951728179691,86.2770402,90.48828209999999,89.4491537,25.5379912,60.3597862,51.95921541,15.36,4972.666666666667,331.02627698082847,45.00075937832228,0.7825614978549403
E83049,LANGSTONE WAY SURGERY,BARNET 4 PCN,LONDON COMMISSIONING REGION,53.7473468188185,55.74826802806101,35.08668124335586,49.5255821115426,27.14085592419067,73.2493763372148,34.835716,33.1711407,21.3307618,37.3188397,16.164178,84.89403978,,,,,
E86034,CHURCH ROAD SURGERY, ,LONDON COMMISSIONING REGION,69.66827403154741,66.2148757773884,65.0356130303048,26.2278054038751,26.36458045631473,26.5318744132198,71.6418107,76.43421740000001,70.2809135,27.0752643,42.7462598,29.70521935,22.2,2662.25,467.24262059035283,46.48623300060294,2.303815694619213
E86620,WEST LONDON MEDICAL CENTRE, ,LONDON COMMISSIONING REGION,69.9017325663087,71.2584407526296,74.5448233453391,45.4310167725032,40.017226059898206,51.3511294305802,68.2230158,70.45353139999999,66.8430825,48.5455957,30.908511,55.83421154,25.19,5305.583333333333,547.4735734367883,62.31925636906128,2.2617682629933875
E87756,GROUND FLOOR LANARK MEDICAL CENTRE,ST JOHN'S WOOD & MAIDA VALE PCN,LONDON COMMISSIONING REGION,-19400.0,-19400.0,-19400.0,-9700.0,-19400.0,-97.0,77.11329250000001,75.1491975,76.4375734,61.1381798,49.1049251,43.29527232,28.65,,,,
E87772,GREAT CHAPEL STREET MEDICAL CENTRE,WEST END & MARYLEBONE PCN,LONDON COMMISSIONING REGION,92.5311228358775,96.63656233622996,90.8378436548252,51.938926703128594,67.364036473151,5.80127582712575,97.02960390000001,96.6200332,92.60931289999999,62.1751253,84.1681286,5.460291098,27.0,504.4166666666667,1443.9121096976705,32.25400457665904,35.01866842887824
F81067,AMBROSE AVENUE GROUP PRACTICE,ABBEY FIELD PCN,EAST OF ENGLAND COMMISSIONING REGION,66.2879165199859,65.7410267372837,18.32181376892765,19.2268255496447,31.7172356761657,146.410861776321,54.602643699999994,48.5289749,13.753504999999999,16.9062826,25.030495799999997,164.1758506,12.86,14073.0,529.9035979061559,29.591677096370464,4.812998886804519
F82649,BERWICK SURGERY,HAVERING SOUTH PCN,LONDON COMMISSIONING REGION,66.8802965554421,67.60730102995932,66.3127699237551,37.8472030502574,47.751639917837096,45.8527622427546,59.888853,60.788755699999996,66.9138696,25.4557784,17.1112769,51.36799261,17.02,4521.916666666667,508.1547278993052,25.3354609414666,2.211451633709894
F83004,ARCHWAY MEDICAL CENTRE,NORTH 2 ISLINGTON PCN,LONDON COMMISSIONING REGION,65.161864591623,76.99557459028429,54.200386874169304,31.390468561537897,44.4253211876027,365.538791169207,62.89944130000001,64.0632922,45.3435853,30.7052547,33.505429799999995,325.7268882,26.1,31899.916666666668,156.53384674463624,15.782446888403063,0.9613400244096773
F83060,THE NORTHERN MEDICAL CENTRE,NORTH 1 ISLINGTON PCN,LONDON COMMISSIONING REGION,78.2809974101622,76.0282673197659,68.4627936254939,13.1738067673842,27.692335159903596,75.7948641273406,69.95043530000001,73.11119120000001,74.38389679999999,29.4176075,33.6715591,84.85544276,27.7,7233.333333333333,362.15437788018437,59.07428026085574,4.455299538801843
G83046,BURSTED WOOD SURGERY, ,LONDON COMMISSIONING REGION,84.61041246639091,81.6841816041805,70.66596609425811,28.9229381575465,36.493519139172705,65.7217574261748,75.43460429999999,74.27871850000001,75.1118756,26.5600874,33.1185371,69.73934494,,6446.75,507.30988482568733,50.109565306018446,
G85104,ICO HEALTH GROUP,RAVENSBOURNE PCN LTD,LONDON COMMISSIONING REGION,80.0585846853205,75.7747944425615,61.444835213431105,35.8278789594354,44.5666732982984,103.07030084683,75.4080929,65.0505773,51.1857316,28.4473525,33.4132042,111.1277262,31.03,9989.333333333334,304.4580886278697,35.72446295484437,3.4116390817872397
H81031,WITLEY SURGERY,WEST OF WAVERLEY PCN,SOUTH EAST COMMISSIONING REGION,93.3758963810732,96.3896675512494,79.6900198171704,22.0368612951997,42.2669752769569,113.960192139819,89.4815221,88.7616354,76.93140029999999,22.5110683,45.891897300000004,126.069935,10.66,11394.666666666666,538.3951556283641,63.69094514928414,4.676807863269366
H83006,NEW ADDINGTON GROUP PRACTICE,MAYDAY SOUTH PCN,LONDON COMMISSIONING REGION,77.3873849212268,74.0774834848051,63.123461112268,31.397777188250497,48.7715798871315,113.317567335813,79.8420787,72.2981324,67.3185751,31.399834900000002,33.5371219,122.697012,37.3,11977.916666666666,412.64131909416636,40.94012914973614,2.8719518557623407
H84002,PARK ROAD SURGERY,HAMPTON PCN,LONDON COMMISSIONING REGION,89.8558641199634,82.5633414391876,75.14029048648909,33.9766363561904,46.198025236729,129.656328100335,84.32111499999999,76.1410649,65.6588411,48.919618,54.006338,139.6031001,7.03,,,,
J81625,DENMARK ROAD MEDICAL CENTRE,SOUTH COASTAL MEDICAL GROUP PCN,SOUTH WEST COMMISSIONING REGION,73.4466420672917,67.6816143458754,58.2691070617423,21.963087781125,38.356943742978075,149.622682773964,65.2183227,66.46245189999999,50.0876786,22.6184796,43.3518795,165.273261,16.04,14725.166666666666,422.78525426990075,32.87911440694982,4.665029258276647
J82015,GIFFARD DRIVE SURGERY,FARNBOROUGH PCN,SOUTH EAST COMMISSIONING REGION,75.5399210071113,74.1324712286195,47.9793885492562,28.6387838984475,51.6430609645963,99.0858967254779,69.5301674,63.9453767,31.1879571,29.7600896,20.476507700000003,101.2430053,14.38,9811.166666666666,570.5318769429392,39.80735734170997,4.688535172405593
J82161,WESTLANDS MEDICAL CENTRE,FAREHAM & PORTCHESTER PCN,SOUTH EAST COMMISSIONING REGION,83.49399464925679,84.40929502733,65.75739877551369,25.8555794663679,29.262578108181682,109.813327833302,72.4161282,61.742266599999994,51.0714402,30.7447241,41.0636206,120.1120244,8.87,10406.583333333334,577.0786120965095,45.62408936376882,5.7271438751751695
J83014,CASTLE PRACTICE,SARUM NORTH PCN,SOUTH WEST COMMISSIONING REGION,86.3377849058327,74.35311123895589,68.33980848804711,24.7916040711847,41.4977798592641,158.249497123925,86.7117502,81.4400428,64.90813019999999,28.595132,36.788888899999996,168.3199975,15.78,16506.666666666668,699.9697092084006,59.82041110710422,6.147980613974151
J83619,COURTYARD SURGERY,SARUM WEST PCN,SOUTH WEST COMMISSIONING REGION,89.20879655959762,92.42859093981131,97.4926591114899,38.4829211627024,68.817162273567,35.6108973662267,91.6657517,92.4848178,97.158135,38.3767639,79.1870311,36.59190449,14.75,3327.6666666666665,812.8568566563157,37.742998860100435,9.375939096463991
J83630,HINDON SURGERY,SARUM WEST PCN,SOUTH WEST COMMISSIONING REGION,96.78910521984527,100.0,99.99999999999999,57.97760676271571,96.44041292054281,27.2445595816839,96.3864288,97.3252744,99.47773590000001,50.5410183,95.39797949999999,29.85965774,19.1,2519.5,687.6695111463914,32.845942956086766,
K81003,SWALLOWFIELD MEDICAL PRACTICE,WOKINGHAM SOUTH PCN,SOUTH EAST COMMISSIONING REGION,85.3472900899211,76.9013907114725,48.806778433007594,27.2636057761169,53.117356333626695,153.164723420401,87.587669,82.1272448,54.2067179,35.0784843,40.4926956,167.4712859,8.95,15765.833333333334,377.7525239177546,27.331495655337427,4.769808129393731
K81007,LONDON STREET SURGERY,READING CENTRAL PCN,SOUTH EAST COMMISSIONING REGION,68.39691902759199,73.85138170047611,46.546168906403096,30.290912801822202,51.5153165833115,59.9836952391655,70.08843519999999,65.0947602,58.6754883,38.889954599999996,45.2891495,66.07574737,18.96,5650.5,331.7110580184644,36.67081629023653,3.5395097778957614
K81056,WESTWOOD ROAD SURGERY,READING CENTRAL PCN,SOUTH EAST COMMISSIONING REGION,64.9459700659466,65.5403691890176,56.924334244584806,33.81648941146,32.6121058270674,64.2111201611792,84.085554,82.73009250000001,63.4731406,23.305458100000003,24.502671199999998,55.12798349,13.2,,,,
K81066,THE SYMONS MEDICAL CENTRE, ,SOUTH EAST COMMISSIONING REGION,65.0438312360762,61.6839592026617,36.8508658128858,48.135615127905,67.1885780205882,116.216157689106,71.0791153,62.205026600000004,40.2814654,46.8268018,57.2842656,128.6549218,7.46,11348.75,273.02566361934134,43.066537571943414,4.229540698314794
K82008,THE HALL PRACTICE,THE CHALFONTS PCN,SOUTH EAST COMMISSIONING REGION,93.94626822493069,84.0596970966043,68.5585443183421,25.5754073089061,25.778458761334132,107.373987866577,82.8819814,83.2163422,78.5288159,29.8116449,42.876769,112.9234583,5.61,10510.5,356.56407084978514,26.672151560971272,7.279070136149565
K83039,DRYLAND MEDICAL CENTRE,KETTERING & SOUTH WEST RURAL PCN,MIDLANDS COMMISSIONING REGION,80.5270861731621,73.49740576390951,77.5492848877467,46.7774971246334,67.376423959755,125.544906038263,72.36333040000001,70.87868830000001,67.75941130000001,47.4324362,69.683998,133.7258873,20.57,12108.5,378.61832596936034,42.645508416039554,3.235413139612669
K84010,BAMPTON SURGERY,RURAL WEST OXFORDSHIRE PCN,SOUTH EAST COMMISSIONING REGION,68.39408470029589,61.139687104701004,36.97900900469073,27.0304280003902,79.9586886539287,93.7459074368728,62.0589995,48.3196333,37.9640559,25.1289611,26.2906184,103.0485355,10.89,9130.416666666666,482.2342901474011,30.910742675448557,3.8111440696937886
K84066,LUTHER STREET MEDICAL PRACTICE,HEALTHIER OXFORD CITY NETWORK PCN,SOUTH EAST COMMISSIONING REGION,72.79541248916941,65.99847250781839,85.04405689712911,36.1094338716263,-19400.0,3.93512534784939,95.1085018,86.0267945,97.3241016,28.259065900000003,69.9366961,6.331147443,17.18,522.6666666666666,1950.0956632653063,49.374540103016926,49.46938775510205
L81072,CHEW MEDICAL PRACTICE,THREE VALLEYS HEALTH PCN,SOUTH WEST COMMISSIONING REGION,88.2692511683367,90.7530567029139,94.38581698134149,45.6559033099179,42.0430918431418,107.29665774522,96.0365393,96.62626060000001,94.7340863,38.4181179,64.28534459999999,116.2314802,10.39,10556.583333333334,597.4549846462318,41.87751866287904,8.184466249433608
L82025,MEVAGISSEY SURGERY,ST AUSTELL HEALTHCARE PCN,SOUTH WEST COMMISSIONING REGION,56.492350720289195,52.89083853627869,26.72635931225635,23.1648033443442,16.9780570779951,53.4584356236213,44.034183999999996,48.4975699,20.1348978,26.0221072,25.9447665,57.8097005,20.61,4843.5,300.11011321014416,16.43639282233561,5.670830322494064
L83003,QUEEN'S MEDICAL CENTRE,BARNSTAPLE ALLIANCE PCN,SOUTH WEST COMMISSIONING REGION,77.8732781197247,71.2047624399905,53.29631642142581,23.0537858842712,17.42900114634219,121.934997502398,51.655000699999995,60.821851800000005,31.388945699999997,16.238001399999998,33.1667875,136.6692789,26.06,11627.0,430.004873713483,23.261550770051336,2.5962558412316157
L83006,MAYFLOWER MEDICAL GROUP,LIVEWELL MAYFLOWER PCN,SOUTH WEST COMMISSIONING REGION,53.522576669803904,51.4737024002576,32.06030449639102,19.188124232477,27.1445752076978,341.151399552183,53.2409753,38.4988319,18.5960859,21.8612847,28.0299792,379.1968047,29.43,33063.583333333336,498.6881337221464,28.38608922425339,3.386316034932692
L83095,COLERIDGE MEDICAL CENTRE,HONITON/OTTERY/SID VALLEY (HOSMS) PCN,SOUTH WEST COMMISSIONING REGION,80.7982083210954,69.771682518749,45.489435048112,18.609493537744,49.190802967204704,166.022700405635,74.0599295,74.432687,45.7857349,25.2370424,22.3701827,182.013469,12.62,15873.5,526.306947638097,24.513226668794637,4.589620016568495
N81086,WILMSLOW HEALTH CENTRE,"CHAW (CHELFORD, HANDFORTH, ALDERLEY EDGE, WILMSLOW) PCN",NORTH WEST COMMISSIONING REGION,81.1772321549812,78.61731749443621,55.013511923795896,16.210786141459298,54.84426954068859,164.336477824165,88.8425788,80.5972505,59.467689899999996,21.6626646,39.382838099999994,173.0478093,7.6,16653.0,557.3820532836927,61.12313148089958,5.772733641626133
P81053,BRIERCLIFFE SURGERY,BURNLEY EAST PCN,NORTH WEST COMMISSIONING REGION,72.4536753703426,72.7063955454945,67.94071333728961,16.2405380616207,58.1412782866052,84.6499279442192,68.95333109999999,61.57289420000001,64.1028617,16.8728453,28.1700628,91.82923019,27.11,8259.666666666666,389.17026514387186,40.79537500324061,2.711973848823601
P81620,SLAIDBURN HEALTH CENTRE,RIBBLESDALE PCN,NORTH WEST COMMISSIONING REGION,98.75770847648131,98.72689806224295,99.3359146498783,28.8297030469924,85.1375367765131,15.7290433522002,96.9824212,100.0,100.0,19.8365829,89.88523199999999,17.03050009,16.69,1477.3333333333333,380.30234657039716,23.850489469000298,7.581227436823107
P81699,HIGHER HEYS SURGERY,HYNDBURN RURAL PCN,NORTH WEST COMMISSIONING REGION,78.7442951653556,80.7720822204371,82.26895271864201,37.8853662802874,51.4061546308034,23.8538113676221,82.7678166,70.25277940000001,60.1252411,44.8856296,30.343007500000002,24.86325523,30.22,2331.0,531.924781924782,55.00369648497883,4.576004576147575
P81711,DILL HALL SURGERY,HYNDBURN RURAL PCN,NORTH WEST COMMISSIONING REGION,-19400.0,-19400.0,-19400.0,-9700.0,-19400.0,-97.0,82.2635575,80.9562632,70.4438368,35.060970499999996,74.5546245,29.43014171,,,,,
P81731,DR JEHANGIR (SH),PENDLE WEST PCN,NORTH WEST COMMISSIONING REGION,61.81830897092831,54.806482824207905,45.6651186018337,46.999953524801604,40.312092494124904,25.643799221049,71.88224670000001,58.960394199999996,39.9503388,40.3000291,57.0907772,27.9233848,47.26,2624.5,342.76370102241697,43.92774432607689,6.096399314155077
P83009,BLACKFORD HOUSE MEDICAL CENTRE,WHITEFIELD DISTRICT & COMMUNITY PCN,NORTH WEST COMMISSIONING REGION,79.01530321161829,73.3910439248703,60.221686856233006,56.0808906807195,51.406175497002906,80.4225100018892,87.562371,76.2332231,69.6077999,44.5603378,35.7936261,88.82953998,17.06,7628.5,370.20165607043765,46.82935465785358,6.292193747263552
P83027,GREYLAND MEDICAL CENTRE,PRESTWICH PCN,NORTH WEST COMMISSIONING REGION,76.9111537631584,78.8141211186647,90.0661028890025,51.0145243147886,84.51825072604491,19.5248334934278,76.6119655,79.8662655,82.33294380000001,37.304199,79.1994325,21.26690231,20.14,1827.8333333333333,488.69335278562966,41.3751282768915,5.398012218655968
P84626,WILMSLOW ROAD SURGERY,ARDWICK AND LONGSIGHT PCN,NORTH WEST COMMISSIONING REGION,80.8419067179097,75.41858404909931,62.51035312563209,40.2386015414141,39.564098048976206,61.1261852291137,67.6894944,68.10289510000001,50.201929899999996,41.690688599999994,42.118746200000004,64.95642832,37.76,5777.0,372.8578847152501,46.60708758898174,3.069643990479488
P87020,ST ANDREWS MEDICAL CENTRE,ECCLES & IRLAM PCN,NORTH WEST COMMISSIONING REGION,92.22764561936691,87.35785317182689,82.6020757795116,31.605990990195398,77.4400612005356,161.987565358943,75.4585839,66.9458125,72.7141125,46.4653096,39.507624400000005,174.5319374,33.88,15825.0,450.06319115323856,33.046672984894755,4.971037388120063
P87625,DEARDEN AVENUE MEDICAL PRACTICE,WALKDEN & LITTLE HULTON PCN,NORTH WEST COMMISSIONING REGION,83.73303941042289,79.1765165926928,77.76913205580999,52.3643702567111,50.509715168171695,26.5197510175834,90.2668991,83.04871329999999,82.4498182,40.3594077,52.351539800000005,28.22750094,50.21,2753.3333333333335,437.0762711864407,41.92922927775085,14.556900726392248
P87661,MANCHESTER ROAD EAST MEDICAL PRACTICE,WALKDEN & LITTLE HULTON PCN,NORTH WEST COMMISSIONING REGION,83.31499060241589,89.5627828558208,90.9617398195015,46.7685331786742,69.6117144000968,22.127298248814,78.6850487,82.37821960000001,87.134581,44.4312156,57.21359340000001,23.23723266,46.71,2377.6666666666665,333.45016122248705,29.49337817952491,5.046964811439788
Y00056,CAMBRIDGE ACCESS SURGERY,CAMBRIDGE CITY PCN,EAST OF ENGLAND COMMISSIONING REGION,81.12811307689209,83.0435044251207,93.93154369048811,58.20556709581089,80.8019033216223,8.34058232538525,95.4348248,90.133103,95.06327619999999,47.4496714,73.34423009999999,9.510538983,16.48,709.3333333333334,1823.1907894736842,48.25697532057478,34.77443609069549
Y00060,THE ANCHOR CENTRE,COVENTRY NAVIGATION 1 PCN,MIDLANDS COMMISSIONING REGION,97.30230967572699,88.279579325351,86.69467143951151,53.3067678928606,87.4135984871725,6.36872662012103,76.0616871,83.68163469999999,82.4828992,54.311346900000004,55.8111952,7.45751483,47.63,568.3333333333334,1404.398826979472,39.93526832324076,15.249266862756595
Y01163,WEST COKER SURGERY, ,SOUTH WEST COMMISSIONING REGION,68.6403942834658,76.3884929321722,92.35178506597902,33.757472866968605,37.1977659387675,41.7239933652584,64.29187830000001,65.3341892,82.1347837,26.8033984,35.464289300000004,46.44169702,16.82,3943.9166666666665,381.5369662137892,41.25269978401728,4.090688190588882
Y02332,KINGSWAY & BRAMINGHAM SURGERY,PHOENIX SUNRISERS PCN,EAST OF ENGLAND COMMISSIONING REGION,56.273065897547994,58.679462816539704,42.4670704339243,45.851990803709306,20.50653767436202,174.111243775404,58.895321300000006,39.763485200000005,22.1896237,33.927493399999996,19.6670305,197.4029277,31.14,18033.583333333332,331.6312620435022,42.73611459465485,2.2180838528116524
Y02674,CAMDEN HEALTH IMPROVEMENT PRACTICE,CENTRAL CAMDEN PCN,LONDON COMMISSIONING REGION,95.27510582415151,92.63965352454979,74.87610025314659,53.1571886640561,48.037937537430444,6.33478716452956,92.291826,97.5293976,84.3971496,47.7219174,69.66013170000001,7.509368702,33.03,557.0833333333334,1830.216903515333,43.57989374744585,30.516080777860882
Y04225,EALING COMMUNITY PRT - CARE HOME SERVICE,THE EALING NETWORK PCN,LONDON COMMISSIONING REGION,87.6303371576908,76.2598454892432,71.7546295886728,54.87011600660961,70.0382257335273,11.9862539038195,83.09215080000001,71.3724939,62.929263999999996,51.638352600000005,44.7259867,11.46456341,26.96,1195.6666666666667,3251.0454418734316,71.03502979891094,
Y05346,WESTWOOD PRIMARY CARE CENTRE,LARWOOD & BAWTRY PCN,MIDLANDS COMMISSIONING REGION,44.6364338968451,47.1904039312172,24.271298750382698,19.3279544377781,44.0423149089314,34.3522036352536,61.5868532,41.8701551,33.7039452,28.2647643,26.2011653,37.79426208,37.23,3596.0833333333335,522.7214793872963,36.55627964711619,
Y05733,PARKFIELDS SURGERY,DERBY CITY SOUTH PCN,MIDLANDS COMMISSIONING REGION,55.325033331175696,54.653501553940295,19.87900213844527,15.8971987291924,9.27799276801481,64.8321721569798,70.32280800000001,61.902132599999995,28.291960900000003,24.122659199999998,19.7593998,75.72490167,32.52,6395.666666666667,395.41095533434094,37.21619929482321,1.0256944806379318
Y06592,SPECIAL ALLOCATION SCHEME (NEL), ,LONDON COMMISSIONING REGION,-19400.0,-19400.0,-19400.0,-9700.0,-19400.0,-97.0,43.746925399999995,57.1095006,50.4942587,38.2910501,-19400.0,1.935284907,30.62,212.41666666666666,336.2102785406042,9.451575262543757,10.04315417653982
Y02873,COMPASS HEALTH, ,SOUTH WEST COMMISSIONING REGION,-19400.0,-19400.0,-19400.0,-9700.0,-19400.0,-97.0,-19400.0,-19400.0,-19400.0,-9700.0,-19400.0,-97.0,,90.08333333333333,9838.112858464385,66.3563704748472,
Y08411, ,NORTH LEWISHAM PCN,LONDON COMMISSIONING REGION,84.7238550341199,79.42704035341039,71.1674556382339,30.260613447907197,-19400.0,1.56956704315562,,,,,,,27.89,,,,
Y05857,RHND, ,LONDON COMMISSIONING REGION,-19400.0,-19400.0,-19400.0,-9700.0,-19400.0,-97.0,-19400.0,-19400.0,-19400.0,-9700.0,-19400.0,-97.0,21.02,,,,
A81070,MCKENZIE GROUP PRACTICE,HARTLEPOOL HEALTH PCN,NORTH EAST AND YORKSHIRE COMMISSIONING REGION,54.1959795656964,46.7729934166735,20.753934350425123,30.563313656558798,16.46576833127956,61.5832963515342,65.76792449999999,54.572981899999995,27.7731672,24.267977499999997,32.584868900000004,66.91935938,33.15,6175.083333333333,413.7191131023873,41.465244479238024,2.3578629168297325
A82620,GLENRIDDING HEALTH CENTRE,EDEN (CUMBRIA) PCN,NORTH EAST AND YORKSHIRE COMMISSIONING REGION,100.00000000000007,97.8692976607295,99.99999999999997,37.6048547394259,96.9839881292365,9.92456539018419,95.57043,96.7395566,100.0,46.1489442,76.2267323,11.15553051,16.43,987.0833333333334,570.1139721401435,24.833407374500222,20.60968601131279
A86025,WESTERHOPE MEDICAL GROUP,NEWCASTLE OUTER WEST PCN,NORTH EAST AND YORKSHIRE COMMISSIONING REGION,55.8575592898201,49.0330588368751,37.547335787649,14.7491228753161,19.339844693350848,133.971824775258,56.8859704,54.505998600000005,31.455503099999998,26.1739087,7.0194757999999995,144.2201354,36.6,13739.833333333334,590.976358277029,52.83715965886349,5.415301010419825
A89614,SUNDERLAND GP ALLIANCE SOUTH HYLTON SURG,SUNDERLAND CENTRAL PCN,NORTH EAST AND YORKSHIRE COMMISSIONING REGION,65.9089462521392,65.36298850603279,51.8894881951337,36.610969916059,37.9817544269047,46.6413185590734,77.4789553,67.52141359999999,47.3495792,32.3616676,14.0146319,50.41478808,35.99,4542.416666666667,490.5061549468895,38.93854957549463,8.828193509255351
B81666,DR MITCHELL,HARTHILL EAST RIDING PCN,NORTH EAST AND YORKSHIRE COMMISSIONING REGION,97.74873689309383,99.54125107359161,99.36665527600881,33.3656040484761,93.5992467139166,28.0812298824944,98.5149157,99.2195763,94.1015488,29.7723706,100.0,27.95103176,4.74,2628.6666666666665,345.77098655845805,32.346199688273586,10.24600557938118
C81039,EYAM SURGERY,DERBYSHIRE DALES PCN,MIDLANDS COMMISSIONING REGION,95.6335123850546,88.80107916673569,89.80612408702,30.1020230385967,76.8809957657462,38.9861919488276,90.4392035,98.1881285,94.0870771,30.172075500000002,70.21538910000001,42.70066142,12.03,3601.3333333333335,624.9537208441317,34.85263625592417,9.12782069788967
C81638,CASTLE STREET MEDICAL CENTRE,NORTH HARDWICK AND BOLSOVER PCN,MIDLANDS COMMISSIONING REGION,91.3895937562321,78.6232215939219,81.0548138804763,28.143080134076897,29.2304344017538,41.3093680049343,90.9736763,87.6294145,81.0910729,30.752196599999998,66.1654851,44.03867808,30.13,3989.3333333333335,764.8521056149732,36.15458145568756,8.622994652406417
C82656,FIELD STREET SURGERY,BEACON (CHARNWOOD) PCN,MIDLANDS COMMISSIONING REGION,75.8412557256232,76.03836951820911,75.4573404024497,22.3741863946044,40.673191855460104,29.8459768310252,87.1293584,82.5489759,63.4203685,39.5007661,18.683699100000002,30.48081883,14.37,3058.75,449.1486173545838,50.18197258279753,4.359079144421742
D83022,SOLE BAY H/C,SOUTH WAVENEY PCN,EAST OF ENGLAND COMMISSIONING REGION,95.6278341122995,97.33809806935221,95.79056189999629,38.3281034886689,69.2726453479376,58.4437914269269,93.7162949,97.01427179999999,91.7821432,50.0632202,55.3695449,63.36251445,18.47,5437.166666666667,811.0228979554303,29.202887595434273,6.437176225362474
D83030,KIRKLEY MILL HEALTH CENTRE,LOWESTOFT PCN,EAST OF ENGLAND COMMISSIONING REGION,81.6080540875075,73.2126631276969,57.5958392106176,37.863492812817,37.2945308367984,77.1218226007714,72.2741685,83.1925511,53.797282599999996,40.9055765,44.5996623,80.96399257,41.31,7533.916666666667,649.6067782361985,52.03562124333804,3.274082758989901
E85617,ACTON TOWN MEDICAL CENTRE,ACTON PCN,LONDON COMMISSIONING REGION,-19400.0,-19400.0,-19400.0,-9700.0,-19400.0,-97.0,70.1377192,66.88834270000001,71.3614619,41.3897882,38.3459931,35.62003939,,,,,
F86679,HIGHAM HILL MEDICAL CENTRE,WALTHAM FOREST WALTHAMSTOW WEST PCN,LONDON COMMISSIONING REGION,87.28285760546379,77.059635052028,71.6799685315959,41.5086925337532,45.123932457293904,66.5977087758469,85.6491884,81.84576720000001,86.8941582,29.1106713,65.5330857,67.61056578,25.16,6960.166666666667,300.93867484016187,46.80724089914462,3.0650607026651664
G81689,ARCH HEALTHCARE,EAST & CENTRAL BRIGHTON PCN,SOUTH EAST COMMISSIONING REGION,100.0,97.23730171720119,92.53954626436621,62.657987471847996,87.63260577748251,15.354514333292,99.3149751,98.2378483,95.4532398,63.46071370000001,84.6078332,18.96578404,34.99,1415.8333333333333,964.1553855208947,38.00134301935169,24.277810476515594
G82170,LAMBERHURST,WEALD PCN,SOUTH EAST COMMISSIONING REGION,94.1676762067867,85.71110335749049,78.1438593167022,56.32165289527789,77.97619509860749,38.4186490793584,90.3796046,87.25267960000001,85.1180452,45.2564311,68.1961887,37.68274595,15.23,3749.0,400.5734862630035,36.8292547583375,5.672623810616164
G83024,INGLETON AVENUE SURGERY, ,LONDON COMMISSIONING REGION,92.7579326934485,93.709881605319,99.1122089910484,51.9225765551993,82.86596245120418,49.1675422573367,92.942503,92.17979700000001,90.5386491,40.2861452,69.74891,53.42766439,9.12,,,,
G83651,WOODLANDS SURGERY,GREENWICH WEST PCN,LONDON COMMISSIONING REGION,73.9398962460005,73.9071844000234,64.5047305261055,19.4280034362236,17.2126233544015,64.4903474956082,80.2725501,67.7031081,57.958824799999995,21.9989839,39.6862627,65.48171963,19.71,6126.083333333333,331.13871016010773,38.84484245984472,6.5076925171874365
H83016,KESTON MEDICAL PRACTICE,KESTON MOORINGS & PARKSIDE PCN,LONDON COMMISSIONING REGION,67.367496006506,67.1177615705154,28.651258080687107,20.0863782255807,27.42798139959485,241.577414299224,67.9353782,54.2880476,31.0292108,22.950352,24.1984694,254.4153649,13.76,24401.333333333332,289.84413420031694,54.29534234308539,6.0570460631386265
H84023,ESSEX HOUSE SURGERY,SHEEN & BARNES PCN,LONDON COMMISSIONING REGION,74.9728603648823,81.2685710735955,73.1925343656084,34.8923439162034,49.4130792145947,136.348826074652,89.88283679999999,90.10348350000001,76.5304062,39.9161845,65.40125189999999,141.4896364,11.51,,,,
J82639,WATERSHIP DOWN HEALTH,RURAL WEST PCN,SOUTH EAST COMMISSIONING REGION,91.0327633965124,91.2451347202284,78.145113321309,28.5286626658457,47.3372590940525,197.736080860464,87.1108079,84.01623279999998,78.25716990000001,28.405275699999997,43.6775828,212.0576486,10.18,19251.083333333332,667.5381904914443,52.55301212632125,6.003471666079399
J83048,ST MELOR HOUSE SURGERY,SARUM NORTH PCN,SOUTH WEST COMMISSIONING REGION,94.84586069514191,90.11977751141261,90.2376519215463,19.3448329015823,47.77662575031199,69.1778210398088,91.6500627,91.87064810000001,89.2367388,22.6304892,61.07933400000001,73.91647941,14.64,6888.166666666667,617.8833264777758,44.42268909208388,4.026228556316389
J83060,MERE SURGERY,SARUM WEST PCN,SOUTH WEST COMMISSIONING REGION,99.99999999999996,98.04183320424265,99.4233292962124,54.8131193721778,89.392601686729,53.8670354946643,98.9424997,95.6101737,94.1658541,54.477969400000006,80.73498029999999,58.29545225,17.25,5068.083333333333,805.3011493496884,40.299330284220844,8.497624019665555
J83615,OLD SCHOOL HOUSE SURGERY,EAST KENNET PCN,SOUTH WEST COMMISSIONING REGION,98.05750238182283,96.8559992818228,94.8969027669326,44.4876989003205,70.61790020141049,36.626536953251,98.2359371,97.0055975,94.2183614,45.8987454,73.1142407,40.29671583,15.24,3486.9166666666665,642.0189756948594,28.532608695652176,7.395263245751978
J83629,SILTON SURGERY,SARUM WEST PCN,SOUTH WEST COMMISSIONING REGION,96.04934231287919,95.47486288637943,100.0,40.709412927120596,90.8983180110931,25.2321703437689,96.6407416,99.3635412,100.0,43.8180607,93.6792632,26.81839725,15.95,2353.5,477.4803484172509,29.81090100111235,11.897174421074995
J84011,NEWPORT HEALTH CENTRE,CENTRAL & WEST (IW) PCN,SOUTH EAST COMMISSIONING REGION,68.4518982664433,70.3771740853023,47.2489999646921,19.9764170246325,54.39515647437022,254.741509430605,71.2767058,73.32040609999999,50.7659283,20.6879634,38.515724,273.4186889,26.42,24799.0,679.6342594459454,36.613416002887504,4.227982113714262
K81026,CHATHAM STREET SURGERY,READING CENTRAL PCN,SOUTH EAST COMMISSIONING REGION,77.7587879127186,73.91060157981471,63.7701488114194,29.096456660818,46.7523018207882,83.6682568956479,77.4646092,68.9242915,59.49788220000001,30.188868000000003,17.113914299999998,88.26283233,20.82,8036.416666666667,531.642419403341,35.26233664911254,3.6500513288053336
K81078,GROVELANDS MEDICAL CENTRE,READING CENTRAL PCN,SOUTH EAST COMMISSIONING REGION,72.6313920468053,61.9014872577336,44.7238490329794,58.638270051681594,46.595268689784895,139.009840222301,77.4908611,59.118417300000004,36.3215721,54.350837500000004,45.603204,152.1743243,20.24,13672.166666666666,446.49104628625065,37.013678433942175,5.470969000426658
K81087,EASTHAMPSTEAD SURGERY,BRACKNELL AND DISTRICT PCN,SOUTH EAST COMMISSIONING REGION,84.323731708031,77.0029261408807,67.2742794258692,46.092053076647396,48.2759942933231,69.7229586170168,72.9903381,83.28158839999999,74.101642,41.6468918,32.3420911,69.97434355,14.64,7192.0,469.58426028921025,44.777555703605,3.166481275444939
K81094,GREAT HOLLANDS PRACTICE,BRACKNELL AND DISTRICT PCN,SOUTH EAST COMMISSIONING REGION,70.0118043653473,71.5828563972437,67.78230974347721,31.3131047609084,54.468179830131206,45.5468542361176,65.7705962,65.1207139,64.87277689999999,42.6574325,36.9178831,48.14710335,14.06,4621.166666666667,283.7306596458326,27.729757213677388,2.135102968298049
K81100,PEMBROKE SURGERY,READING CENTRAL PCN,SOUTH EAST COMMISSIONING REGION,83.0330680814368,86.0239360692962,80.58197244248329,32.8680542636201,70.5606692997808,68.142344285479,81.3345885,81.1323374,76.9174302,37.9504347,32.681879800000004,74.86992919,15.24,6688.416666666667,356.83582312704795,40.83798882681564,2.8506995926290477
K82058,GLADSTONE ROAD SURGERY,CHESHAM & LITTLE CHALFONT PCN,SOUTH EAST COMMISSIONING REGION,67.4463417259078,68.5740828822252,64.1148105853954,37.7364676828551,35.9545999123561,58.9173201667757,75.7531289,71.6585924,70.551134,37.6305168,22.3497092,64.22382554,15.76,5837.416666666667,382.96049907921594,33.18049653321405,8.314180074062442
K82061,ASHCROFT SURGERY,NORTH BUCKS PCN,SOUTH EAST COMMISSIONING REGION,89.3067984202063,83.8645621811974,77.75838191943069,25.5538501951022,71.02364502803711,49.2056733430188,78.7677492,79.2432286,61.240299,28.6400733,50.8530489,51.893291,11.18,4783.916666666667,405.5951364816137,53.56897440302354,5.825073597366175
K83035,KINGSTHORPE MEDICAL CTR.,M-WEB PCN,MIDLANDS COMMISSIONING REGION,76.1414769511257,77.44584678780019,84.5760596150323,29.350410552247602,38.037988935466906,69.711661926695,76.632446,78.35217990000001,72.4666701,24.9514084,41.2884584,73.40139906,20.9,6953.25,504.20067354594374,34.63750891371524,4.774745622550606
L81055,ORCHARD MEDICAL CENTRE,NETWORK 4 (BNSSG) PCN,SOUTH WEST COMMISSIONING REGION,84.4395111530078,80.2322847720297,60.0347391206582,39.8965020592437,57.6469686573417,134.744202316942,82.02621500000001,73.2388292,64.9143374,36.5752847,45.7272359,142.4507323,16.86,12851.5,386.1027895576392,26.269649334945587,7.884942094930553
L82017,ST MARY'S HEALTH CENTRE,ISLES OF SCILLY & SOUTH KERRIER PCN,SOUTH WEST COMMISSIONING REGION,88.6852963534827,89.0408266276471,92.3016470873092,28.3044082063396,79.3411140190044,25.5194531522253,88.1091581,90.8339505,87.0146821,28.9038428,66.27959770000001,28.62923496,12.71,2376.5833333333335,632.2451698867421,22.69979479784815,38.99154949388128
L83004,KINGSTEIGNTON MEDICAL PRACTICE,TEMPLER CARE NETWORK PCN,SOUTH WEST COMMISSIONING REGION,71.9522841498931,69.5196505981018,30.3147717945434,24.8221781381468,15.80824271201576,120.193889953977,69.9871096,68.3248984,40.12582449999999,33.6242814,30.6350131,130.9219695,14.74,11582.833333333334,583.1834467674863,50.373184964038536,5.18007971567118
L83651,ADELAIDE STREET SURGERY,WATERSIDE HEALTH NETWORK PCN,SOUTH WEST COMMISSIONING REGION,76.5045863138087,79.8425538491237,68.233724883761,24.7140156467638,56.3964287227533,44.1911216817615,87.8572268,78.0735736,69.3368626,30.0373591,28.8878163,47.09652057,51.03,4501.416666666667,513.597571135013,30.389647839094547,5.035451802062314
L83673,INCLUSION HEALTH DEVON CIC,EXETER CITY PCN,SOUTH WEST COMMISSIONING REGION,81.2980711190904,82.8555198019085,87.1343027798451,82.7126900393724,77.4058504979589,8.08668336278981,94.5233827,98.5085223,98.4520078,75.91589760000001,92.93565889999999,5.920270099,24.5,718.9166666666666,2353.5412078358645,46.0795902285264,37.27831227680538
L85006,CROWN MEDICAL CENTRE,TAUNTON CENTRAL PCN,SOUTH WEST COMMISSIONING REGION,83.92765957591739,74.71287490781519,66.27404284991209,36.3030715886317,48.4114775963008,105.190053972661,79.24142210000001,68.3352399,58.4780629,39.2206076,51.2521463,115.9926345,17.5,10296.333333333334,517.142024668976,41.09646926255164,5.594224481304025
M83024,CASTLEFIELDS,STAFFORD TOWN PCN,MIDLANDS COMMISSIONING REGION,75.4014952803703,66.339151395582,62.391425985495694,29.4568829280923,15.415990444190411,109.912878649649,76.86613,70.587179,62.7405156,25.2480362,12.913434400000002,93.05951816,17.11,10862.666666666666,577.8507426046398,53.255270564494715,2.5776359396096726
M83030,THE LANGTON MEDICAL GROUP,LICHFIELD PCN,MIDLANDS COMMISSIONING REGION,69.7504296760674,58.7993714555601,46.041419481074094,22.1374605486082,35.8762193746769,140.025300315424,75.1436756,63.0893193,36.215513900000005,19.6296165,30.589295900000003,152.085683,13.65,13455.5,404.8840003468223,36.9131931166348,4.632554221991008
M84034,WHITESTONE SURGERY, ,MIDLANDS COMMISSIONING REGION,78.31051640383531,80.758791871364,68.3608313588906,23.7057551100274,40.33178786657739,23.2571489000367,79.1971156,69.3184856,60.7457129,17.7855482,48.7103199,25.51810302,14.1,2291.25,482.74231678486996,36.66842462141189,
M85065,DR SN CLAY AND PARTNERS,NORTH BIRMINGHAM PCN,MIDLANDS COMMISSIONING REGION,87.2209425382144,76.973579172113,59.247291127211895,52.5138437754365,49.1898037312481,143.710824849686,82.2952178,77.2097856,59.8141362,45.383152700000004,46.8914728,155.8318396,32.82,14386.416666666666,367.36620770750187,58.91739329244257,3.911096694312344
M86610,ST GEORGES ROAD SURGERY,SKYWARD PCN,MIDLANDS COMMISSIONING REGION,75.453556033535,72.2624982438818,67.71732709008789,27.8778542034247,35.000786621013006,86.427220391673,78.7844752,65.0712178,72.2329998,16.2469795,68.9911908,54.03589631,30.48,8129.333333333333,244.72076431031655,36.04071545260336,1.7943250779481712
N81117,OLD HALL SURGERY,ONE ELLESMERE PORT PCN,NORTH WEST COMMISSIONING REGION,78.9540296749786,72.03049646921869,58.698661839988695,29.236835460758698,59.868931668119195,57.2810822126071,78.7380301,73.7520598,71.32219330000001,41.799138,50.869176100000004,62.43454545,30.41,5772.333333333333,396.5178726107294,38.0324765164203,7.022001501183809
P81051,DARWEN HEALTHCARE,DARWEN PCN,NORTH WEST COMMISSIONING REGION,89.13233620960081,86.1215512179734,81.6041491357769,32.9167110300564,49.465423611652604,149.863887462976,87.9609444,86.44930009999999,74.4015521,36.6950716,44.8711159,157.5173735,29.55,14556.25,472.7408043509374,43.060937802751404,9.608701874933448
P81155,BROWNHILL SURGERY,BLACKBURN NORTH PCN,NORTH WEST COMMISSIONING REGION,75.2733168007816,70.5622965426344,60.378769735398706,27.846781692844104,40.773411178697195,60.4152678895956,76.94123739999999,70.5360392,71.0257634,30.8076947,55.297508900000004,63.11790832,17.25,6115.666666666667,492.35569847931544,56.20347051172059,11.18438981866245
P81170,NELSON MEDICAL PRACTICE,PENDLE WEST PCN,NORTH WEST COMMISSIONING REGION,65.0837224271088,49.231280752442196,30.005971644054696,56.948439205365496,28.304723143710397,100.385674117153,62.49690329999999,45.227671300000004,28.906879200000002,52.8749692,8.839517999999998,105.196514,50.06,11160.166666666666,475.26918654141963,48.24270609121903,3.894804438434314
P81724,PRINGLE STREET SURGERY,BLACKBURN EAST PCN,NORTH WEST COMMISSIONING REGION,76.0493385580658,68.7482852336075,67.9037305635876,53.0219331976536,44.135555281125896,25.7199689896789,79.663674,78.64281799999999,57.7856484,58.897386100000006,43.96798870000001,26.09344026,45.5,2728.75,388.05924568636436,56.6695522153144,8.599786227027028
P81741,STATION SURGERY,CHORLEY TOGETHER PCN,NORTH WEST COMMISSIONING REGION,72.032123681035,70.0243233141386,53.9303058635065,40.8773880163771,33.252654288196936,23.8882679634364,62.893862600000006,58.614085300000006,46.1770758,18.3751088,27.649097700000002,26.69309713,18.1,2414.4166666666665,356.193697580506,32.00581395348837,2.2310426946467397
P83609,THE BIRCHES MEDICAL CENTRE,PRESTWICH PCN,NORTH WEST COMMISSIONING REGION,89.7180320752196,85.7057319663379,79.3592324001284,41.3866125369531,39.686128559144,40.0271779751387,87.5114382,80.0640494,70.7744003,36.8304209,53.361372900000006,43.37801056,19.93,3906.0,396.1853558627752,34.701130856219706,2.8100358422939067
P84050,MOUNT ROAD SURGERY,GORTON AND LEVENSHULME PCN,NORTH WEST COMMISSIONING REGION,72.0884944550531,75.6567965599906,66.81186534061949,39.388083823812394,53.5625193813968,73.8934579629287,69.6004262,59.6973258,60.5038262,38.7053031,42.8707863,85.1248532,58.44,7892.583333333333,396.73322000612393,49.80439121756487,6.216806917802578
P87028,THE GILL MEDICAL PRACTICE,WALKDEN & LITTLE HULTON PCN,NORTH WEST COMMISSIONING REGION,88.07257612782921,86.51869687874441,80.95174044165951,37.7949331603823,52.7885308455384,95.980309978456,88.9149744,80.8355411,83.9715434,38.135648100000004,61.455762,102.2935882,31.73,9867.5,619.7111730428173,37.37258108476424,9.580271936559411
P87613,CLEGGS LANE MEDICAL PRACTICE/129,WALKDEN & LITTLE HULTON PCN,NORTH WEST COMMISSIONING REGION,84.4573609654298,77.0685558104948,73.5251634052208,44.095463689540395,57.930228152624295,43.5455513928655,90.6725223,88.85807589999999,85.01195150000001,35.6966034,62.5029501,44.594851,53.05,4920.916666666667,452.1176610048941,46.31807626039404,6.367377351916139
Y02811,CATOR MEDICAL CENTRE, ,LONDON COMMISSIONING REGION,91.2807131536989,80.2298953686577,49.69575879276656,8.28895220615627,-19400.0,111.258544173221,79.60069229999999,71.4913848,39.0002764,19.5829922,39.0940911,125.9731709,,,,,
Y05750,DAVID LEWIS MEDICAL PRACTICE,"CHAW (CHELFORD, HANDFORTH, ALDERLEY EDGE, WILMSLOW) PCN",NORTH WEST COMMISSIONING REGION,97.19880038794079,-19400.0,-19400.0,21.871436996702602,-19400.0,1.45992237845631,-19400.0,-19400.0,-19400.0,-9700.0,-19400.0,-97.0,15.37,122.75,5376.782077393075,25.227272727272727,32.586558044806516
Y06113,QHS GP CARE HOME SERVICE,NORTH SOUTHWARK PCN,LONDON COMMISSIONING REGION,86.45551170758739,75.76347792868519,-19400.0,23.577176961675,-19400.0,3.77546865235681,74.59465370000001,69.0430229,58.261756500000004,37.8414374,-19400.0,2.839090807,27.74,456.0833333333333,1636.9450027407274,71.34724857685009,37.273890005481455
Y06275,NELSON MEDICAL CENTRE,GREAT YARMOUTH & NORTHERN VILLAGES PCN,EAST OF ENGLAND COMMISSIONING REGION,86.352064802993,82.82713046450061,76.0509974977975,46.04827203339,76.8414722200298,62.308893572914,92.53647869999999,77.85469629999999,86.9087495,42.521481,76.5092048,66.83641868,52.12,6273.583333333333,389.3043582216437,19.690869387198035,4.038096250096303
Y07020,LAMBETH HEALTHCARE PRACTICE,BRIXTON AND CLAPHAM PARK PCN,LONDON COMMISSIONING REGION,-19400.0,-19400.0,-19400.0,-9700.0,-19400.0,-97.0,87.65766110000001,82.2444101,68.98671089999999,42.0654856,43.8226473,5.099793961,30.31,377.75,789.7639532318552,65.94972067039106,11.294948158835208
Y07697,WIGAN BOROUGH SPECIALIST SERVICES, ,NORTH WEST COMMISSIONING REGION,-19400.0,-19400.0,-19400.0,-9700.0,-19400.0,-97.0,-19400.0,-19400.0,-19400.0,-9700.0,-19400.0,-97.0,,74.66666666666667,3898.4374999999995,31.749212711136558,
C82670,INCLUSION HEALTHCARE,LEICESTER CITY SOUTH PCN,MIDLANDS COMMISSIONING REGION,82.54303774150429,77.2420719822279,78.8026793751289,53.3929763351013,76.9636484788458,9.86402590959511,81.2063824,86.7014303,69.1017504,26.6639978,21.5658008,10.93438885,39.26,852.5,1063.3431085043987,46.3596249310535,
E87711,ROYAL HOSPITAL CHELSEA,BROMPTON HEALTH PCN,LONDON COMMISSIONING REGION,99.10351390963814,97.8731209494775,94.91427722395797,37.4855885674351,100.0,3.41494503293264,100.0,100.0,98.6823193,45.1672221,94.005997,3.446193281,12.48,285.6666666666667,3194.8658109684943,33.59203798392988,
J82217,HOMELESS HEALTHCARE TEAM,SOUTHAMPTON CENTRAL PCN,SOUTH EAST COMMISSIONING REGION,100.0,100.0,95.8215080532571,61.56873311798719,-19400.0,4.30416083826027,89.0994314,91.8340671,98.92340250000001,76.2844984,67.6798932,6.552319052,33.19,520.9166666666666,1462.645976643737,56.370994203215574,
N81655,ST WERBURGH'S MEDICAL PRACTICE HOMELESS,CHESTER CENTRAL PCN,NORTH WEST COMMISSIONING REGION,100.0,99.9999999999999,100.0,70.2261705333068,89.5169723718739,4.37976714552489,84.4081292,84.4081292,62.9215041,80.5940418,-19400.0,4.762630547,24.79,401.0833333333333,2158.9445252441305,33.4712732172072,
Y02625,CARE HOMES MEDICAL PRACTICE,BROUGHTON HEALTH ALLIANCE PCN,NORTH WEST COMMISSIONING REGION,77.7523000017081,-19400.0,-19400.0,16.7238047148738,-19400.0,2.9345230409852,56.4354154,60.1674859,43.373938300000006,23.6915556,-19400.0,4.248432773,37.27,1210.5833333333333,2911.062160115647,53.30464186904396,
Y03103,MEDICUS SELECT CARE,ENFIELD UNITY PCN,LONDON COMMISSIONING REGION,39.595022110422704,51.596127184075,60.745500288313494,48.087792305883895,-19400.0,3.28799557512058,42.1790418,47.4793556,37.5990025,42.2945883,37.3682538,3.71851013,32.47,299.3333333333333,653.3964365256126,5.198125266297401,
Y06545,SEL SPECIAL ALLOCATION PRACTICE,SEVENFIELDS PCN,LONDON COMMISSIONING REGION,50.986316852773896,46.5120446472573,20.6037333798757,76.1369930230962,20.9522702308055,2.27239613333739,66.1220861,73.9711518,60.59627319999999,52.28552199999999,-19400.0,2.419105103,25.4,203.5,569.2055692055692,10.863309352517986,
B81645,EAST PARK PRACTICE,VENN PCN,NORTH EAST AND YORKSHIRE COMMISSIONING REGION,61.3156615966765,50.7441260951789,26.310727477717787,20.2032066728312,2.53894247188679,22.2542477726398,44.423828799999995,42.5901601,11.7244212,26.530603600000003,22.124595799999998,28.27859561,35.18,,,,
Y01924,GARDENS AND JACOBS MEDICAL PARTNERSHIP, ,EAST OF ENGLAND COMMISSIONING REGION,-19400.0,-19400.0,-19400.0,-9700.0,-19400.0,-97.0,-19400.0,-19400.0,-19400.0,-9700.0,-19400.0,-97.0,,,,,
L83616,SAMPFORD PEVERELL SURGERY,CULM VALLEY PCN,SOUTH WEST COMMISSIONING REGION,79.4142017923877,77.1788317353738,63.1851046861736,24.688015467478998,24.0379640810302,24.6789832883585,80.4983827,76.078454,57.7108011,22.871598300000002,37.0569812,24.77381342,,,,,
Y01690,SCHOOL LANE PMS PRACTICE,BRECKLAND SURGERIES PCN,EAST OF ENGLAND COMMISSIONING REGION,80.21101670829891,64.14272709056961,54.3414685854438,30.8085894063187,31.8843581964385,71.4852644472215,74.96033550000001,71.6638447,55.776216,26.003500000000003,24.5952844,69.91937867,,,,,
Y02526,PHL SAS SERVICE, ,SOUTH EAST COMMISSIONING REGION,-19400.0,-19400.0,-19400.0,-9700.0,-19400.0,-97.0,-19400.0,-19400.0,-19400.0,-9700.0,-19400.0,-97.0,,,,,
Y02701,GREAT BRIDGE HEALTH CENTRE,SWB YOUR HEALTH PARTNERSHIP PCN,MIDLANDS COMMISSIONING REGION,59.38056774970279,49.8263845102193,25.935259752461135,28.5365260856153,13.586548350028199,78.9303128630117,48.4866539,30.677373000000003,9.285390099999999,15.357210299999998,8.6776447,89.94486646,,,,,
C84720, , ,MIDLANDS COMMISSIONING REGION,-19400.0,-19400.0,-19400.0,-9700.0,-19400.0,-97.0,,,,,,,,,,,
Y07377,THE YORKSHIRE GATEWAY - BEVAN HC, ,NORTH EAST AND YORKSHIRE COMMISSIONING REGION,-19400.0,-19400.0,-19400.0,-9700.0,-19400.0,-97.0,-19400.0,-19400.0,-19400.0,-9700.0,-19400.0,-97.0,,,,,
Y00054,THE HOMELESS HEALTHCARE TEAM, ,SOUTH WEST COMMISSIONING REGION,-19400.0,-19400.0,-19400.0,-9700.0,-19400.0,-97.0,-19400.0,-19400.0,-19400.0,-9700.0,-19400.0,-97.0,,,,,
Y06095,HERTFORDSHIRE SPECIAL ALLOCATION SCHEME, ,EAST OF ENGLAND COMMISSIONING REGION,-19400.0,-19400.0,-19400.0,-9700.0,-19400.0,-97.0,-19400.0,-19400.0,-19400.0,-9700.0,-19400.0,-97.0,,,,,
Y08186, , ,NORTH EAST AND YORKSHIRE COMMISSIONING REGION,-19400.0,-19400.0,-19400.0,-9700.0,-19400.0,-97.0,,,,,,,,,,,
Y07040,MEDICUS SELECT CARE BLMK CCG, ,EAST OF ENGLAND COMMISSIONING REGION,15.26873055402818,27.2044435272035,19.8829473643664,7.32149616283706,-19400.0,1.28218995108691,23.0811394,40.8302712,21.7446738,16.5654123,-19400.0,1.230287751,,,,,
Y05788,COMPASS MEDICAL PRACTICE, ,NORTH WEST COMMISSIONING REGION,28.91470346091502,29.87240180906091,30.6155144648182,32.000414400597,-19400.0,5.59847302866564,29.1287823,23.597637799999998,42.6115943,25.0956964,31.1590482,5.4464424,,,,,
Y06499,ESSEX UNIVERSITY PARTNERSHIP NHS TRUST, ,EAST OF ENGLAND COMMISSIONING REGION,41.3569659915643,38.9345952664862,32.74922480309398,24.3416853956297,-19400.0,2.8055839983315,61.5651292,44.3041516,43.75523100000001,43.6246715,70.2056723,2.983646479,,,,,
Y07016,SAS WEST ESSEX COMMISCEO PCS LIMITED, ,EAST OF ENGLAND COMMISSIONING REGION,-19400.0,-19400.0,-19400.0,-9700.0,-19400.0,-97.0,-19400.0,-19400.0,-19400.0,-9700.0,-19400.0,-97.0,,,,,
Y01262,PALLION PRIMARY CARE SERVICES, ,NORTH EAST AND YORKSHIRE COMMISSIONING REGION,-19400.0,-19400.0,-19400.0,-9700.0,-19400.0,-97.0,-19400.0,-19400.0,-19400.0,-9700.0,-19400.0,-97.0,,,,,
Y03528, , ,LONDON COMMISSIONING REGION,-19400.0,-19400.0,-19400.0,-9700.0,-19400.0,-97.0,,,,,,,,,,,
Y03584,LLR SAS PROVIDER, ,MIDLANDS COMMISSIONING REGION,-19400.0,-19400.0,-19400.0,-9700.0,-19400.0,-97.0,39.6325291,39.6325291,20.7041897,32.8761175,-19400.0,1.036762493,,,,,
Y06620,WARRINGTON PRIMARY CARE CIC ADHD, ,NORTH WEST COMMISSIONING REGION,-19400.0,-19400.0,-19400.0,-9700.0,-19400.0,-97.0,-19400.0,-19400.0,-19400.0,-9700.0,-19400.0,-97.0,,,,,
