tag,model,outcome,predictor,coef,se
before_live,together,Q32_overall,queue_answer,2.212,0.167
before_live,together,Q32_overall,ivr_share,-1.131,0.159
before_live,together,Q32_overall,monwed_gap,0.035,0.148
before_live,together,Q32_overall,contacts_per_appt,-0.454,0.258
before_live,together,Q32_overall,calls_per1k,1.289,0.301
before_live,together,Q32_overall,oc_rate_febapr,-1.302,0.188
before_live,together,Q32_overall,same_day_pct_12m,-0.086,0.15
before_live,together,Q32_overall,log_list,-1.556,0.198
before_live,together,Q32_overall,imd_score,-1.572,0.184
before_live,together,Q32_overall,partner_per10k,1.54,0.173
before_live,together,Q32_overall,salaried_per10k,1.366,0.171
before_live,together,Q32_overall,locum_per10k,0.253,0.137
before_live,together,Q32_overall,trainee_per10k,0.173,0.168
before_live,together,Q32_overall,training_flag,2.668,0.426
before_live,together,Q32_overall,nurse10k_c,0.245,0.16
before_live,together,Q32_overall,dpc10k_c,0.153,0.143
before_live,together,Q32_overall,admin10k_c,-1.087,0.181
before_live,together,Q32_overall,appts_percap,0.447,0.244
before_live,together,Q32_overall,pct65plus,0.401,0.24
before_live,together,Q32_overall,nonwhite_pct,-1.227,0.218
before_live,together,Q32_overall,adm_x_size,-0.255,0.129
before_live,together,Q32_overall,adm_x_oc,-0.025,0.156
before_live,together,Q32_overall,_R2,0.2756,
before_live,together,Q32_overall,_n,4736.0,
before_live,plusreport,Q32_overall,queue_answer,1.089,0.13
before_live,plusreport,Q32_overall,ivr_share,-0.471,0.126
before_live,plusreport,Q32_overall,monwed_gap,-0.009,0.118
before_live,plusreport,Q32_overall,contacts_per_appt,-0.171,0.214
before_live,plusreport,Q32_overall,calls_per1k,1.334,0.259
before_live,plusreport,Q32_overall,oc_rate_febapr,-0.857,0.154
before_live,plusreport,Q32_overall,same_day_pct_12m,0.496,0.121
before_live,plusreport,Q32_overall,log_list,-0.411,0.159
before_live,plusreport,Q32_overall,imd_score,-0.516,0.15
before_live,plusreport,Q32_overall,partner_per10k,0.503,0.133
before_live,plusreport,Q32_overall,salaried_per10k,0.914,0.126
before_live,plusreport,Q32_overall,locum_per10k,0.13,0.121
before_live,plusreport,Q32_overall,trainee_per10k,0.693,0.142
before_live,plusreport,Q32_overall,training_flag,1.754,0.342
before_live,plusreport,Q32_overall,nurse10k_c,0.188,0.132
before_live,plusreport,Q32_overall,dpc10k_c,-0.034,0.113
before_live,plusreport,Q32_overall,admin10k_c,-0.431,0.152
before_live,plusreport,Q32_overall,appts_percap,0.1,0.199
before_live,plusreport,Q32_overall,pct65plus,0.241,0.196
before_live,plusreport,Q32_overall,nonwhite_pct,-1.01,0.182
before_live,plusreport,Q32_overall,adm_x_size,0.019,0.108
before_live,plusreport,Q32_overall,adm_x_oc,-0.065,0.126
before_live,plusreport,Q32_overall,deflection_2026,-4.047,0.136
before_live,plusreport,Q32_overall,continuity_2026,2.965,0.135
before_live,plusreport,Q32_overall,has_pref_hcp_2026,1.251,0.133
before_live,plusreport,Q32_overall,_R2,0.5382,
before_live,plusreport,Q32_overall,_n,4736.0,
before_live,together,Q16_contact,queue_answer,3.088,0.189
before_live,together,Q16_contact,ivr_share,-1.671,0.181
before_live,together,Q16_contact,monwed_gap,0.04,0.159
before_live,together,Q16_contact,contacts_per_appt,-0.475,0.279
before_live,together,Q16_contact,calls_per1k,1.34,0.316
before_live,together,Q16_contact,oc_rate_febapr,-1.823,0.206
before_live,together,Q16_contact,same_day_pct_12m,-0.059,0.169
before_live,together,Q16_contact,log_list,-2.157,0.223
before_live,together,Q16_contact,imd_score,-2.18,0.21
before_live,together,Q16_contact,partner_per10k,1.397,0.19
before_live,together,Q16_contact,salaried_per10k,1.242,0.184
before_live,together,Q16_contact,locum_per10k,0.186,0.15
before_live,together,Q16_contact,trainee_per10k,0.169,0.186
before_live,together,Q16_contact,training_flag,2.847,0.479
before_live,together,Q16_contact,nurse10k_c,0.365,0.179
before_live,together,Q16_contact,dpc10k_c,0.481,0.163
before_live,together,Q16_contact,admin10k_c,-1.129,0.197
before_live,together,Q16_contact,appts_percap,0.505,0.26
before_live,together,Q16_contact,pct65plus,-0.306,0.267
before_live,together,Q16_contact,nonwhite_pct,-1.219,0.246
before_live,together,Q16_contact,adm_x_size,-0.482,0.141
before_live,together,Q16_contact,adm_x_oc,0.188,0.173
before_live,together,Q16_contact,_R2,0.3037,
before_live,together,Q16_contact,_n,4736.0,
before_live,plusreport,Q16_contact,queue_answer,1.658,0.136
before_live,plusreport,Q16_contact,ivr_share,-0.792,0.132
before_live,plusreport,Q16_contact,monwed_gap,0.011,0.119
before_live,plusreport,Q16_contact,contacts_per_appt,-0.072,0.209
before_live,plusreport,Q16_contact,calls_per1k,1.432,0.26
before_live,plusreport,Q16_contact,oc_rate_febapr,-1.509,0.159
before_live,plusreport,Q16_contact,same_day_pct_12m,0.59,0.127
before_live,plusreport,Q16_contact,log_list,-0.875,0.166
before_live,plusreport,Q16_contact,imd_score,-0.73,0.159
before_live,plusreport,Q16_contact,partner_per10k,0.265,0.14
before_live,plusreport,Q16_contact,salaried_per10k,0.683,0.128
before_live,plusreport,Q16_contact,locum_per10k,0.041,0.126
before_live,plusreport,Q16_contact,trainee_per10k,0.703,0.142
before_live,plusreport,Q16_contact,training_flag,1.666,0.354
before_live,plusreport,Q16_contact,nurse10k_c,0.27,0.138
before_live,plusreport,Q16_contact,dpc10k_c,0.218,0.122
before_live,plusreport,Q16_contact,admin10k_c,-0.365,0.154
before_live,plusreport,Q16_contact,appts_percap,0.056,0.196
before_live,plusreport,Q16_contact,pct65plus,-0.376,0.198
before_live,plusreport,Q16_contact,nonwhite_pct,-0.634,0.187
before_live,plusreport,Q16_contact,adm_x_size,-0.142,0.108
before_live,plusreport,Q16_contact,adm_x_oc,0.138,0.132
before_live,plusreport,Q16_contact,deflection_2026,-5.698,0.134
before_live,plusreport,Q16_contact,continuity_2026,3.347,0.137
before_live,plusreport,Q16_contact,has_pref_hcp_2026,0.731,0.137
before_live,plusreport,Q16_contact,_R2,0.6192,
before_live,plusreport,Q16_contact,_n,4736.0,
before_live,together,Q1_phone,queue_answer,6.188,0.244
before_live,together,Q1_phone,ivr_share,-3.332,0.234
before_live,together,Q1_phone,monwed_gap,-0.152,0.212
before_live,together,Q1_phone,contacts_per_appt,-0.692,0.385
before_live,together,Q1_phone,calls_per1k,3.018,0.481
before_live,together,Q1_phone,oc_rate_febapr,-4.066,0.291
before_live,together,Q1_phone,same_day_pct_12m,-0.48,0.216
before_live,together,Q1_phone,log_list,-4.662,0.279
before_live,together,Q1_phone,imd_score,-3.099,0.262
before_live,together,Q1_phone,partner_per10k,1.624,0.238
before_live,together,Q1_phone,salaried_per10k,1.174,0.256
before_live,together,Q1_phone,locum_per10k,0.175,0.187
before_live,together,Q1_phone,trainee_per10k,0.104,0.243
before_live,together,Q1_phone,training_flag,3.094,0.615
before_live,together,Q1_phone,nurse10k_c,0.486,0.225
before_live,together,Q1_phone,dpc10k_c,1.022,0.211
before_live,together,Q1_phone,admin10k_c,-1.439,0.258
before_live,together,Q1_phone,appts_percap,0.68,0.365
before_live,together,Q1_phone,pct65plus,-1.369,0.349
before_live,together,Q1_phone,nonwhite_pct,-0.992,0.304
before_live,together,Q1_phone,adm_x_size,-0.68,0.209
before_live,together,Q1_phone,adm_x_oc,0.516,0.229
before_live,together,Q1_phone,_R2,0.4751,
before_live,together,Q1_phone,_n,4736.0,
before_live,plusreport,Q1_phone,queue_answer,4.554,0.198
before_live,plusreport,Q1_phone,ivr_share,-2.355,0.186
before_live,plusreport,Q1_phone,monwed_gap,-0.162,0.171
before_live,plusreport,Q1_phone,contacts_per_appt,-0.273,0.32
before_live,plusreport,Q1_phone,calls_per1k,3.091,0.42
before_live,plusreport,Q1_phone,oc_rate_febapr,-3.509,0.243
before_live,plusreport,Q1_phone,same_day_pct_12m,0.288,0.174
before_live,plusreport,Q1_phone,log_list,-3.03,0.228
before_live,plusreport,Q1_phone,imd_score,-1.453,0.219
before_live,plusreport,Q1_phone,partner_per10k,0.329,0.187
before_live,plusreport,Q1_phone,salaried_per10k,0.522,0.191
before_live,plusreport,Q1_phone,locum_per10k,0.005,0.16
before_live,plusreport,Q1_phone,trainee_per10k,0.791,0.196
before_live,plusreport,Q1_phone,training_flag,1.725,0.496
before_live,plusreport,Q1_phone,nurse10k_c,0.389,0.184
before_live,plusreport,Q1_phone,dpc10k_c,0.683,0.164
before_live,plusreport,Q1_phone,admin10k_c,-0.549,0.213
before_live,plusreport,Q1_phone,appts_percap,0.201,0.294
before_live,plusreport,Q1_phone,pct65plus,-1.334,0.278
before_live,plusreport,Q1_phone,nonwhite_pct,-0.136,0.253
before_live,plusreport,Q1_phone,adm_x_size,-0.253,0.173
before_live,plusreport,Q1_phone,adm_x_oc,0.426,0.189
before_live,plusreport,Q1_phone,deflection_2026,-5.789,0.183
before_live,plusreport,Q1_phone,continuity_2026,4.92,0.192
before_live,plusreport,Q1_phone,has_pref_hcp_2026,0.499,0.186
before_live,plusreport,Q1_phone,_R2,0.6649,
before_live,plusreport,Q1_phone,_n,4736.0,
before_live,C_continuity,continuity_2026,partner_per10k,2.242,0.287
before_live,C_continuity,continuity_2026,salaried_per10k,1.004,0.279
before_live,C_continuity,continuity_2026,trainee_per10k,-1.979,0.318
before_live,C_continuity,continuity_2026,training_flag,2.04,0.72
before_live,C_continuity,continuity_2026,_n,4791.0,
after_rebuilt,together,Q32_overall,queue_answer,2.208,0.166
after_rebuilt,together,Q32_overall,ivr_share,-1.161,0.158
after_rebuilt,together,Q32_overall,monwed_gap,0.032,0.147
after_rebuilt,together,Q32_overall,contacts_per_appt,-0.615,0.259
after_rebuilt,together,Q32_overall,calls_per1k,1.447,0.306
after_rebuilt,together,Q32_overall,oc_rate_febapr,-1.227,0.188
after_rebuilt,together,Q32_overall,same_day_pct_12m,-0.077,0.149
after_rebuilt,together,Q32_overall,log_list,-1.611,0.198
after_rebuilt,together,Q32_overall,imd_score,-1.562,0.184
after_rebuilt,together,Q32_overall,partner_per10k,1.535,0.171
after_rebuilt,together,Q32_overall,salaried_per10k,1.425,0.175
after_rebuilt,together,Q32_overall,locum_per10k,0.233,0.135
after_rebuilt,together,Q32_overall,trainee_per10k,0.17,0.166
after_rebuilt,together,Q32_overall,training_flag,2.732,0.422
after_rebuilt,together,Q32_overall,nurse10k_c,0.149,0.169
after_rebuilt,together,Q32_overall,dpc10k_c,0.189,0.141
after_rebuilt,together,Q32_overall,admin10k_c,-1.081,0.186
after_rebuilt,together,Q32_overall,appts_percap,0.289,0.259
after_rebuilt,together,Q32_overall,pct65plus,0.342,0.246
after_rebuilt,together,Q32_overall,nonwhite_pct,-1.314,0.218
after_rebuilt,together,Q32_overall,adm_x_size,-0.018,0.122
after_rebuilt,together,Q32_overall,adm_x_oc,-0.056,0.163
after_rebuilt,together,Q32_overall,_R2,0.2764,
after_rebuilt,together,Q32_overall,_n,4818.0,
after_rebuilt,plusreport,Q32_overall,queue_answer,1.074,0.129
after_rebuilt,plusreport,Q32_overall,ivr_share,-0.476,0.125
after_rebuilt,plusreport,Q32_overall,monwed_gap,-0.003,0.117
after_rebuilt,plusreport,Q32_overall,contacts_per_appt,-0.277,0.213
after_rebuilt,plusreport,Q32_overall,calls_per1k,1.428,0.261
after_rebuilt,plusreport,Q32_overall,oc_rate_febapr,-0.803,0.154
after_rebuilt,plusreport,Q32_overall,same_day_pct_12m,0.496,0.12
after_rebuilt,plusreport,Q32_overall,log_list,-0.455,0.159
after_rebuilt,plusreport,Q32_overall,imd_score,-0.522,0.149
after_rebuilt,plusreport,Q32_overall,partner_per10k,0.518,0.132
after_rebuilt,plusreport,Q32_overall,salaried_per10k,1.005,0.13
after_rebuilt,plusreport,Q32_overall,locum_per10k,0.135,0.118
after_rebuilt,plusreport,Q32_overall,trainee_per10k,0.683,0.141
after_rebuilt,plusreport,Q32_overall,training_flag,1.816,0.338
after_rebuilt,plusreport,Q32_overall,nurse10k_c,0.182,0.133
after_rebuilt,plusreport,Q32_overall,dpc10k_c,-0.016,0.112
after_rebuilt,plusreport,Q32_overall,admin10k_c,-0.432,0.156
after_rebuilt,plusreport,Q32_overall,appts_percap,-0.001,0.207
after_rebuilt,plusreport,Q32_overall,pct65plus,0.175,0.198
after_rebuilt,plusreport,Q32_overall,nonwhite_pct,-1.062,0.181
after_rebuilt,plusreport,Q32_overall,adm_x_size,0.109,0.071
after_rebuilt,plusreport,Q32_overall,adm_x_oc,-0.08,0.13
after_rebuilt,plusreport,Q32_overall,deflection_2026,-4.057,0.134
after_rebuilt,plusreport,Q32_overall,continuity_2026,2.952,0.134
after_rebuilt,plusreport,Q32_overall,has_pref_hcp_2026,1.264,0.132
after_rebuilt,plusreport,Q32_overall,_R2,0.5388,
after_rebuilt,plusreport,Q32_overall,_n,4818.0,
after_rebuilt,together,Q16_contact,queue_answer,3.08,0.187
after_rebuilt,together,Q16_contact,ivr_share,-1.721,0.18
after_rebuilt,together,Q16_contact,monwed_gap,0.023,0.158
after_rebuilt,together,Q16_contact,contacts_per_appt,-0.643,0.278
after_rebuilt,together,Q16_contact,calls_per1k,1.51,0.319
after_rebuilt,together,Q16_contact,oc_rate_febapr,-1.738,0.206
after_rebuilt,together,Q16_contact,same_day_pct_12m,-0.052,0.167
after_rebuilt,together,Q16_contact,log_list,-2.191,0.222
after_rebuilt,together,Q16_contact,imd_score,-2.178,0.209
after_rebuilt,together,Q16_contact,partner_per10k,1.385,0.189
after_rebuilt,together,Q16_contact,salaried_per10k,1.233,0.189
after_rebuilt,together,Q16_contact,locum_per10k,0.136,0.15
after_rebuilt,together,Q16_contact,trainee_per10k,0.167,0.184
after_rebuilt,together,Q16_contact,training_flag,2.898,0.474
after_rebuilt,together,Q16_contact,nurse10k_c,0.205,0.192
after_rebuilt,together,Q16_contact,dpc10k_c,0.536,0.16
after_rebuilt,together,Q16_contact,admin10k_c,-1.092,0.202
after_rebuilt,together,Q16_contact,appts_percap,0.326,0.273
after_rebuilt,together,Q16_contact,pct65plus,-0.357,0.272
after_rebuilt,together,Q16_contact,nonwhite_pct,-1.306,0.245
after_rebuilt,together,Q16_contact,adm_x_size,-0.156,0.147
after_rebuilt,together,Q16_contact,adm_x_oc,0.145,0.181
after_rebuilt,together,Q16_contact,_R2,0.304,
after_rebuilt,together,Q16_contact,_n,4818.0,
after_rebuilt,plusreport,Q16_contact,queue_answer,1.637,0.135
after_rebuilt,plusreport,Q16_contact,ivr_share,-0.813,0.131
after_rebuilt,plusreport,Q16_contact,monwed_gap,0.007,0.119
after_rebuilt,plusreport,Q16_contact,contacts_per_appt,-0.163,0.207
after_rebuilt,plusreport,Q16_contact,calls_per1k,1.527,0.261
after_rebuilt,plusreport,Q16_contact,oc_rate_febapr,-1.444,0.158
after_rebuilt,plusreport,Q16_contact,same_day_pct_12m,0.586,0.126
after_rebuilt,plusreport,Q16_contact,log_list,-0.902,0.166
after_rebuilt,plusreport,Q16_contact,imd_score,-0.751,0.158
after_rebuilt,plusreport,Q16_contact,partner_per10k,0.286,0.138
after_rebuilt,plusreport,Q16_contact,salaried_per10k,0.718,0.132
after_rebuilt,plusreport,Q16_contact,locum_per10k,0.027,0.126
after_rebuilt,plusreport,Q16_contact,trainee_per10k,0.694,0.141
after_rebuilt,plusreport,Q16_contact,training_flag,1.724,0.35
after_rebuilt,plusreport,Q16_contact,nurse10k_c,0.231,0.138
after_rebuilt,plusreport,Q16_contact,dpc10k_c,0.248,0.12
after_rebuilt,plusreport,Q16_contact,admin10k_c,-0.342,0.158
after_rebuilt,plusreport,Q16_contact,appts_percap,-0.05,0.204
after_rebuilt,plusreport,Q16_contact,pct65plus,-0.442,0.201
after_rebuilt,plusreport,Q16_contact,nonwhite_pct,-0.675,0.186
after_rebuilt,plusreport,Q16_contact,adm_x_size,-0.017,0.073
after_rebuilt,plusreport,Q16_contact,adm_x_oc,0.116,0.136
after_rebuilt,plusreport,Q16_contact,deflection_2026,-5.699,0.132
after_rebuilt,plusreport,Q16_contact,continuity_2026,3.336,0.136
after_rebuilt,plusreport,Q16_contact,has_pref_hcp_2026,0.734,0.135
after_rebuilt,plusreport,Q16_contact,_R2,0.6194,
after_rebuilt,plusreport,Q16_contact,_n,4818.0,
after_rebuilt,together,Q1_phone,queue_answer,6.168,0.242
after_rebuilt,together,Q1_phone,ivr_share,-3.406,0.233
after_rebuilt,together,Q1_phone,monwed_gap,-0.203,0.212
after_rebuilt,together,Q1_phone,contacts_per_appt,-0.866,0.381
after_rebuilt,together,Q1_phone,calls_per1k,3.257,0.481
after_rebuilt,together,Q1_phone,oc_rate_febapr,-3.925,0.291
after_rebuilt,together,Q1_phone,same_day_pct_12m,-0.477,0.214
after_rebuilt,together,Q1_phone,log_list,-4.773,0.28
after_rebuilt,together,Q1_phone,imd_score,-3.087,0.261
after_rebuilt,together,Q1_phone,partner_per10k,1.611,0.236
after_rebuilt,together,Q1_phone,salaried_per10k,1.09,0.259
after_rebuilt,together,Q1_phone,locum_per10k,0.095,0.19
after_rebuilt,together,Q1_phone,trainee_per10k,0.107,0.24
after_rebuilt,together,Q1_phone,training_flag,3.195,0.611
after_rebuilt,together,Q1_phone,nurse10k_c,0.253,0.251
after_rebuilt,together,Q1_phone,dpc10k_c,1.096,0.208
after_rebuilt,together,Q1_phone,admin10k_c,-1.381,0.264
after_rebuilt,together,Q1_phone,appts_percap,0.479,0.375
after_rebuilt,together,Q1_phone,pct65plus,-1.488,0.355
after_rebuilt,together,Q1_phone,nonwhite_pct,-1.14,0.302
after_rebuilt,together,Q1_phone,adm_x_size,-0.2,0.205
after_rebuilt,together,Q1_phone,adm_x_oc,0.452,0.239
after_rebuilt,together,Q1_phone,_R2,0.4752,
after_rebuilt,together,Q1_phone,_n,4818.0,
after_rebuilt,plusreport,Q1_phone,queue_answer,4.512,0.198
after_rebuilt,plusreport,Q1_phone,ivr_share,-2.391,0.185
after_rebuilt,plusreport,Q1_phone,monwed_gap,-0.197,0.17
after_rebuilt,plusreport,Q1_phone,contacts_per_appt,-0.373,0.319
after_rebuilt,plusreport,Q1_phone,calls_per1k,3.253,0.421
after_rebuilt,plusreport,Q1_phone,oc_rate_febapr,-3.384,0.243
after_rebuilt,plusreport,Q1_phone,same_day_pct_12m,0.282,0.173
after_rebuilt,plusreport,Q1_phone,log_list,-3.126,0.23
after_rebuilt,plusreport,Q1_phone,imd_score,-1.465,0.216
after_rebuilt,plusreport,Q1_phone,partner_per10k,0.356,0.186
after_rebuilt,plusreport,Q1_phone,salaried_per10k,0.492,0.191
after_rebuilt,plusreport,Q1_phone,locum_per10k,-0.035,0.162
after_rebuilt,plusreport,Q1_phone,trainee_per10k,0.791,0.194
after_rebuilt,plusreport,Q1_phone,training_flag,1.826,0.494
after_rebuilt,plusreport,Q1_phone,nurse10k_c,0.303,0.192
after_rebuilt,plusreport,Q1_phone,dpc10k_c,0.735,0.163
after_rebuilt,plusreport,Q1_phone,admin10k_c,-0.507,0.218
after_rebuilt,plusreport,Q1_phone,appts_percap,0.063,0.306
after_rebuilt,plusreport,Q1_phone,pct65plus,-1.48,0.285
after_rebuilt,plusreport,Q1_phone,nonwhite_pct,-0.238,0.252
after_rebuilt,plusreport,Q1_phone,adm_x_size,-0.008,0.114
after_rebuilt,plusreport,Q1_phone,adm_x_oc,0.389,0.194
after_rebuilt,plusreport,Q1_phone,deflection_2026,-5.809,0.182
after_rebuilt,plusreport,Q1_phone,continuity_2026,4.909,0.191
after_rebuilt,plusreport,Q1_phone,has_pref_hcp_2026,0.524,0.185
after_rebuilt,plusreport,Q1_phone,_R2,0.6645,
after_rebuilt,plusreport,Q1_phone,_n,4818.0,
after_rebuilt,C_continuity,continuity_2026,partner_per10k,2.114,0.285
after_rebuilt,C_continuity,continuity_2026,salaried_per10k,0.879,0.295
after_rebuilt,C_continuity,continuity_2026,trainee_per10k,-2.003,0.315
after_rebuilt,C_continuity,continuity_2026,training_flag,2.101,0.714
after_rebuilt,C_continuity,continuity_2026,_n,4874.0,
